[Info  - 9:59:28 AM] Starting ZLS      0.14.0 @ '/home/tratum/Software/zig/zig-0.14/zls'
[Info  - 9:59:28 AM] Log File:         /home/tratum/.cache/zls/zls.log (info)
[Info  - 9:59:28 AM] Client Info:      VSCodium-1.100.2
[Info  - 9:59:28 AM] Autofix Mode:     source.fixall
Offset Encoding:  utf-16
[Info  - 9:59:28 AM] added Workspace Folder: file:///home/tratum/Coding/code.zig/basics
[Info  - 9:59:28 AM] Set config option 'global_cache_path' to "/home/tratum/.cache/zls"
Took 2ms to process request-0-initialize on Thread 3366
Dynamically registering method 'workspace/didChangeConfiguration'
Took 0ms to process notification-initialized on Thread 3366
Opened document 'file:///home/tratum/Coding/code.zig/basics/structs-unions-enums.zig'
Took 0ms to process notification-textDocument/didOpen on Thread 3366
Took 0ms to process request-2-textDocument/codeAction on Thread 3369
Took 0ms to process request-1-textDocument/documentSymbol on Thread 3367
Took 0ms to process response-"register-workspace/didChangeConfiguration" on Thread 3366
[Info  - 9:59:28 AM] Set config option 'semantic_tokens' to "partial"
[Info  - 9:59:28 AM] Set config option 'highlight_global_var_declarations' to true
[Info  - 9:59:28 AM] Set config option 'builtin_path' to "/home/tratum/.cache/zls/builtin.zig"
[Info  - 9:59:28 AM] Set config option 'zig_lib_path' to "/home/tratum/Software/zig/zig-0.14/lib"
[Info  - 9:59:28 AM] Set config option 'zig_exe_path' to "/home/tratum/Software/zig/zig-0.14/zig"
[Info  - 9:59:28 AM] Set config option 'build_runner_path' to "/home/tratum/.cache/zls/build_runner/66ed948cb34b142db738951608c6140d/build_runner.zig"
[Info  - 9:59:28 AM] trying to start Build-On-Save for 'file:///home/tratum/Coding/code.zig/basics'
Took 40ms to process response-"i_haz_configuration" on Thread 3366
Opened document 'file:///home/tratum/Software/zig/zig-0.14/lib/std/std.zig'
Opened document 'file:///home/tratum/Software/zig/zig-0.14/lib/std/debug.zig'
Took 5ms to process request-3-textDocument/inlayHint on Thread 3368
zig build runner process has exited
Took 0ms to process request-4-textDocument/inlayHint on Thread 3369
Took 0ms to process request-5-textDocument/foldingRange on Thread 3367
Took 0ms to process request-6-textDocument/semanticTokens/range on Thread 3368
Took 0ms to process request-7-textDocument/hover on Thread 3370
Took 0ms to process request-8-textDocument/inlayHint on Thread 3369
Took 0ms to process request-9-textDocument/semanticTokens/range on Thread 3367
Took 0ms to process request-10-textDocument/documentHighlight on Thread 3368
Took 0ms to process request-11-textDocument/inlayHint on Thread 3370
Took 0ms to process request-12-textDocument/semanticTokens/range on Thread 3369
Took 0ms to process request-13-textDocument/hover on Thread 3367
Took 0ms to process request-14-textDocument/inlayHint on Thread 3368
Took 0ms to process request-15-textDocument/semanticTokens/range on Thread 3370
Took 0ms to process request-16-textDocument/inlayHint on Thread 3369
Took 0ms to process request-17-textDocument/semanticTokens/range on Thread 3367
Took 0ms to process request-18-textDocument/inlayHint on Thread 3368
Took 0ms to process request-19-textDocument/inlayHint on Thread 3370
Took 0ms to process request-20-textDocument/semanticTokens/range on Thread 3369
Took 0ms to process request-21-textDocument/inlayHint on Thread 3367
Took 0ms to process request-22-textDocument/inlayHint on Thread 3368
Took 0ms to process request-23-textDocument/inlayHint on Thread 3370
Took 0ms to process request-24-textDocument/inlayHint on Thread 3369
Took 0ms to process request-25-textDocument/inlayHint on Thread 3367
Took 0ms to process request-26-textDocument/inlayHint on Thread 3368
Took 0ms to process request-27-textDocument/inlayHint on Thread 3370
Took 0ms to process request-28-textDocument/inlayHint on Thread 3369
Took 0ms to process request-29-textDocument/inlayHint on Thread 3367
Took 0ms to process request-30-textDocument/semanticTokens/range on Thread 3368
Took 0ms to process request-31-textDocument/inlayHint on Thread 3370
Took 0ms to process request-32-textDocument/inlayHint on Thread 3369
Took 0ms to process request-33-textDocument/inlayHint on Thread 3367
Took 0ms to process request-34-textDocument/inlayHint on Thread 3368
Took 0ms to process request-35-textDocument/inlayHint on Thread 3370
Took 0ms to process request-36-textDocument/inlayHint on Thread 3369
Took 0ms to process request-37-textDocument/inlayHint on Thread 3367
Took 0ms to process request-38-textDocument/semanticTokens/range on Thread 3368
Took 0ms to process request-39-textDocument/inlayHint on Thread 3370
Took 0ms to process request-40-textDocument/inlayHint on Thread 3369
Took 0ms to process request-41-textDocument/inlayHint on Thread 3367
Took 0ms to process request-42-textDocument/inlayHint on Thread 3368
Took 0ms to process request-43-textDocument/inlayHint on Thread 3370
Took 0ms to process request-44-textDocument/inlayHint on Thread 3369
Took 0ms to process request-45-textDocument/inlayHint on Thread 3367
Took 0ms to process request-46-textDocument/inlayHint on Thread 3368
Took 0ms to process request-47-textDocument/inlayHint on Thread 3370
Took 0ms to process request-48-textDocument/semanticTokens/range on Thread 3369
Took 0ms to process request-49-textDocument/inlayHint on Thread 3367
Took 0ms to process request-50-textDocument/inlayHint on Thread 3368
Took 0ms to process request-51-textDocument/inlayHint on Thread 3370
Took 0ms to process request-52-textDocument/inlayHint on Thread 3369
Took 0ms to process request-53-textDocument/inlayHint on Thread 3367
Took 0ms to process request-54-textDocument/inlayHint on Thread 3368
Took 0ms to process request-55-textDocument/inlayHint on Thread 3370
Took 0ms to process request-56-textDocument/inlayHint on Thread 3369
Took 0ms to process request-57-textDocument/semanticTokens/range on Thread 3367
Took 0ms to process request-58-textDocument/inlayHint on Thread 3368
Took 0ms to process request-59-textDocument/semanticTokens/range on Thread 3370
Took 12ms to process request-60-textDocument/codeAction on Thread 3369
Took 0ms to process notification-textDocument/didChange on Thread 3366
Took 0ms to process request-61-textDocument/inlayHint on Thread 3368
Took 0ms to process request-62-textDocument/semanticTokens/range on Thread 3370
Took 0ms to process notification-textDocument/didChange on Thread 3366
Took 0ms to process request-63-textDocument/inlayHint on Thread 3367
Took 0ms to process request-64-textDocument/semanticTokens/range on Thread 3368
Took 0ms to process request-65-textDocument/foldingRange on Thread 3370
Took 0ms to process request-66-textDocument/documentSymbol on Thread 3369
Took 0ms to process request-67-textDocument/inlayHint on Thread 3367
Took 0ms to process notification-textDocument/didChange on Thread 3366
Took 0ms to process request-68-textDocument/completion on Thread 3370
Took 0ms to process request-69-textDocument/inlayHint on Thread 3369
Took 0ms to process request-70-textDocument/semanticTokens/range on Thread 3367
Took 0ms to process notification-textDocument/didChange on Thread 3366
Took 0ms to process request-71-textDocument/completion on Thread 3370
Took 0ms to process notification-textDocument/didChange on Thread 3366
Took 0ms to process notification-textDocument/didChange on Thread 3366
Took 0ms to process request-72-textDocument/completion on Thread 3370
Took 0ms to process notification-textDocument/didChange on Thread 3366
Took 0ms to process request-73-textDocument/inlayHint on Thread 3369
Took 0ms to process request-74-textDocument/semanticTokens/range on Thread 3367
Took 0ms to process notification-textDocument/didChange on Thread 3366
Took 0ms to process request-75-textDocument/inlayHint on Thread 3368
Took 0ms to process request-76-textDocument/semanticTokens/range on Thread 3369
Took 0ms to process request-77-textDocument/foldingRange on Thread 3367
Took 0ms to process notification-textDocument/didChange on Thread 3366
Took 0ms to process request-78-textDocument/inlayHint on Thread 3368
Took 0ms to process request-79-textDocument/semanticTokens/range on Thread 3369
Took 0ms to process notification-textDocument/didChange on Thread 3366
Took 0ms to process request-80-textDocument/inlayHint on Thread 3370
Took 0ms to process request-81-textDocument/semanticTokens/range on Thread 3368
Took 0ms to process request-82-textDocument/foldingRange on Thread 3369
Took 18ms to process request-83-textDocument/codeAction on Thread 3367
Took 0ms to process request-84-textDocument/documentSymbol on Thread 3370
Took 0ms to process request-85-textDocument/inlayHint on Thread 3368
Took 0ms to process request-86-textDocument/willSaveWaitUntil on Thread 3369
Took 0ms to process notification-textDocument/didSave on Thread 3366
Took 0ms to process request-87-textDocument/documentHighlight on Thread 3367
Took 0ms to process request-88-textDocument/hover on Thread 3370
Took 0ms to process request-89-textDocument/hover on Thread 3368
Took 0ms to process notification-textDocument/didChange on Thread 3366
Took 0ms to process request-90-textDocument/inlayHint on Thread 3367
Took 0ms to process request-91-textDocument/semanticTokens/range on Thread 3370
Took 0ms to process request-92-textDocument/foldingRange on Thread 3368
Took 0ms to process request-93-textDocument/documentSymbol on Thread 3369
Took 0ms to process notification-textDocument/didChange on Thread 3366
Took 0ms to process request-94-textDocument/completion on Thread 3370
Took 0ms to process request-95-textDocument/inlayHint on Thread 3368
Took 0ms to process notification-textDocument/didChange on Thread 3366
Took 0ms to process request-96-textDocument/completion on Thread 3367
Took 0ms to process request-97-textDocument/inlayHint on Thread 3370
Took 0ms to process request-98-textDocument/semanticTokens/range on Thread 3368
Took 0ms to process request-99-textDocument/foldingRange on Thread 3367
Took 16ms to process request-100-textDocument/codeAction on Thread 3369
Took 0ms to process request-101-textDocument/documentSymbol on Thread 3370
Took 0ms to process notification-textDocument/didChange on Thread 3366
Took 0ms to process request-102-textDocument/inlayHint on Thread 3367
Took 0ms to process request-103-textDocument/semanticTokens/range on Thread 3369
Took 0ms to process request-104-textDocument/foldingRange on Thread 3370
Took 0ms to process request-105-textDocument/documentSymbol on Thread 3368
Took 0ms to process request-106-textDocument/inlayHint on Thread 3367
Took 0ms to process notification-textDocument/didChange on Thread 3366
Took 0ms to process request-107-textDocument/inlayHint on Thread 3370
Took 0ms to process request-108-textDocument/semanticTokens/range on Thread 3368
Took 0ms to process request-109-textDocument/foldingRange on Thread 3367
Took 17ms to process request-110-textDocument/codeAction on Thread 3369
Took 0ms to process notification-textDocument/didChange on Thread 3366
Took 0ms to process request-111-textDocument/inlayHint on Thread 3368
Took 0ms to process request-112-textDocument/semanticTokens/range on Thread 3367
Took 0ms to process notification-textDocument/didChange on Thread 3366
Took 0ms to process request-113-textDocument/inlayHint on Thread 3370
Took 0ms to process request-114-textDocument/semanticTokens/range on Thread 3368
Took 0ms to process request-115-textDocument/foldingRange on Thread 3367
Took 0ms to process notification-textDocument/didChange on Thread 3366
Took 0ms to process request-116-textDocument/inlayHint on Thread 3370
Took 0ms to process request-117-textDocument/semanticTokens/range on Thread 3368
Took 0ms to process notification-textDocument/didChange on Thread 3366
Took 0ms to process request-118-textDocument/inlayHint on Thread 3369
Took 0ms to process request-119-textDocument/semanticTokens/range on Thread 3370
Took 0ms to process request-120-textDocument/foldingRange on Thread 3368
Took 0ms to process notification-textDocument/didChange on Thread 3366
Took 0ms to process request-121-textDocument/inlayHint on Thread 3369
Took 0ms to process request-122-textDocument/semanticTokens/range on Thread 3370
Took 0ms to process request-123-textDocument/foldingRange on Thread 3368
Took 0ms to process request-124-textDocument/documentSymbol on Thread 3367
Took 0ms to process request-125-textDocument/inlayHint on Thread 3369
Took 0ms to process request-126-textDocument/willSaveWaitUntil on Thread 3370
Took 0ms to process notification-textDocument/didSave on Thread 3366
Took 0ms to process notification-textDocument/didChange on Thread 3366
Took 0ms to process request-127-textDocument/inlayHint on Thread 3367
Took 0ms to process request-128-textDocument/semanticTokens/range on Thread 3369
Took 0ms to process request-129-textDocument/foldingRange on Thread 3370
Took 16ms to process request-130-textDocument/codeAction on Thread 3368
Took 0ms to process request-131-textDocument/documentSymbol on Thread 3367
Took 0ms to process notification-textDocument/didChange on Thread 3366
Took 0ms to process request-132-textDocument/completion on Thread 3370
Took 0ms to process request-133-textDocument/inlayHint on Thread 3368
Took 0ms to process request-134-textDocument/semanticTokens/range on Thread 3367
Took 0ms to process request-135-textDocument/foldingRange on Thread 3370
Took 12ms to process request-136-textDocument/codeAction on Thread 3369
Took 0ms to process notification-textDocument/didChange on Thread 3366
Took 0ms to process request-137-textDocument/inlayHint on Thread 3367
Took 0ms to process request-138-textDocument/semanticTokens/range on Thread 3370
Took 0ms to process notification-textDocument/didChange on Thread 3366
Took 0ms to process request-139-textDocument/completion on Thread 3368
Took 0ms to process request-140-textDocument/inlayHint on Thread 3367
Took 0ms to process request-141-textDocument/semanticTokens/range on Thread 3370
Took 0ms to process request-142-textDocument/foldingRange on Thread 3368
Took 17ms to process request-143-textDocument/codeAction on Thread 3369
Took 0ms to process request-144-textDocument/documentSymbol on Thread 3367
Took 0ms to process request-145-textDocument/inlayHint on Thread 3370
Took 0ms to process request-146-textDocument/willSaveWaitUntil on Thread 3368
Took 0ms to process notification-textDocument/didSave on Thread 3366
Took 0ms to process notification-textDocument/didChange on Thread 3366
Took 0ms to process request-147-textDocument/inlayHint on Thread 3367
Took 0ms to process request-148-textDocument/semanticTokens/range on Thread 3370
Took 0ms to process request-149-textDocument/foldingRange on Thread 3368
Took 16ms to process request-150-textDocument/codeAction on Thread 3369
Took 0ms to process notification-textDocument/didChange on Thread 3366
Took 0ms to process request-151-textDocument/inlayHint on Thread 3370
Took 0ms to process request-152-textDocument/semanticTokens/range on Thread 3368
Took 0ms to process request-153-textDocument/foldingRange on Thread 3369
Took 0ms to process request-154-textDocument/documentSymbol on Thread 3367
Took 0ms to process notification-textDocument/didChange on Thread 3366
Took 0ms to process request-155-textDocument/inlayHint on Thread 3368
Took 0ms to process request-156-textDocument/semanticTokens/range on Thread 3369
Took 0ms to process request-157-textDocument/foldingRange on Thread 3367
Took 16ms to process request-158-textDocument/codeAction on Thread 3370
Took 0ms to process request-159-textDocument/documentSymbol on Thread 3368
Took 0ms to process notification-textDocument/didChange on Thread 3366
Took 0ms to process request-160-textDocument/inlayHint on Thread 3367
Took 0ms to process request-161-textDocument/semanticTokens/range on Thread 3370
Took 0ms to process request-162-textDocument/foldingRange on Thread 3368
Took 17ms to process request-163-textDocument/codeAction on Thread 3369
Took 0ms to process notification-textDocument/didChange on Thread 3366
Took 0ms to process request-164-textDocument/inlayHint on Thread 3370
Took 0ms to process request-165-textDocument/semanticTokens/range on Thread 3368
Took 0ms to process notification-textDocument/didChange on Thread 3366
Took 0ms to process request-166-textDocument/inlayHint on Thread 3367
Took 0ms to process request-167-textDocument/semanticTokens/range on Thread 3370
Took 0ms to process notification-textDocument/didChange on Thread 3366
Took 0ms to process request-168-textDocument/inlayHint on Thread 3369
Took 0ms to process notification-textDocument/didChange on Thread 3366
Took 0ms to process request-169-textDocument/inlayHint on Thread 3370
Took 0ms to process request-170-textDocument/semanticTokens/range on Thread 3368
Took 0ms to process request-171-textDocument/foldingRange on Thread 3369
Took 0ms to process notification-textDocument/didChange on Thread 3366
Took 0ms to process request-172-textDocument/inlayHint on Thread 3370
Took 0ms to process notification-textDocument/didChange on Thread 3366
Took 0ms to process request-173-textDocument/inlayHint on Thread 3369
Took 0ms to process request-174-textDocument/semanticTokens/range on Thread 3367
Took 0ms to process notification-textDocument/didChange on Thread 3366
Took 0ms to process request-175-textDocument/inlayHint on Thread 3368
Took 0ms to process request-176-textDocument/semanticTokens/range on Thread 3369
Took 0ms to process request-177-textDocument/foldingRange on Thread 3367
Took 0ms to process notification-textDocument/didChange on Thread 3366
Took 1ms to process request-178-textDocument/inlayHint on Thread 3368
Took 0ms to process request-179-textDocument/semanticTokens/range on Thread 3369
Took 0ms to process request-180-textDocument/foldingRange on Thread 3367
Took 0ms to process request-181-textDocument/documentSymbol on Thread 3370
Took 0ms to process notification-textDocument/didChange on Thread 3366
Took 0ms to process request-182-textDocument/inlayHint on Thread 3369
Took 0ms to process request-183-textDocument/semanticTokens/range on Thread 3367
Took 0ms to process request-184-textDocument/foldingRange on Thread 3370
Took 16ms to process request-185-textDocument/codeAction on Thread 3368
Took 0ms to process notification-textDocument/didChange on Thread 3366
Took 0ms to process request-186-textDocument/inlayHint on Thread 3367
Took 0ms to process request-187-textDocument/semanticTokens/range on Thread 3370
Took 0ms to process notification-textDocument/didChange on Thread 3366
Took 0ms to process request-188-textDocument/inlayHint on Thread 3369
Took 0ms to process request-189-textDocument/semanticTokens/range on Thread 3367
Took 0ms to process notification-textDocument/didChange on Thread 3366
Took 0ms to process request-190-textDocument/inlayHint on Thread 3368
Took 0ms to process request-191-textDocument/semanticTokens/range on Thread 3369
Took 0ms to process notification-textDocument/didChange on Thread 3366
Took 0ms to process request-192-textDocument/inlayHint on Thread 3370
Took 0ms to process request-193-textDocument/semanticTokens/range on Thread 3368
Took 0ms to process notification-textDocument/didChange on Thread 3366
Took 0ms to process request-194-textDocument/inlayHint on Thread 3367
Took 0ms to process request-195-textDocument/semanticTokens/range on Thread 3370
Took 0ms to process notification-textDocument/didChange on Thread 3366
Took 0ms to process request-196-textDocument/inlayHint on Thread 3369
Took 0ms to process request-197-textDocument/semanticTokens/range on Thread 3367
Took 0ms to process request-198-textDocument/foldingRange on Thread 3370
Took 18ms to process request-199-textDocument/codeAction on Thread 3368
Took 0ms to process notification-textDocument/didChange on Thread 3366
Took 0ms to process notification-other on Thread 3367
Took 0ms to process request-200-textDocument/inlayHint on Thread 3370
Took 0ms to process request-201-textDocument/semanticTokens/range on Thread 3368
Took 0ms to process notification-textDocument/didChange on Thread 3366
Took 0ms to process request-202-textDocument/inlayHint on Thread 3369
Took 0ms to process request-203-textDocument/semanticTokens/range on Thread 3370
Took 0ms to process notification-textDocument/didChange on Thread 3366
Took 0ms to process request-204-textDocument/inlayHint on Thread 3367
Took 0ms to process request-205-textDocument/semanticTokens/range on Thread 3369
Took 0ms to process notification-textDocument/didChange on Thread 3366
Took 0ms to process request-206-textDocument/inlayHint on Thread 3368
Took 0ms to process request-207-textDocument/semanticTokens/range on Thread 3367
Took 0ms to process request-208-textDocument/foldingRange on Thread 3369
Took 16ms to process request-209-textDocument/codeAction on Thread 3370
Took 0ms to process request-210-textDocument/documentSymbol on Thread 3368
Took 0ms to process request-211-textDocument/inlayHint on Thread 3367
Took 0ms to process request-212-textDocument/willSaveWaitUntil on Thread 3369
Took 0ms to process notification-textDocument/didSave on Thread 3366
Took 0ms to process request-213-textDocument/documentHighlight on Thread 3370
Took 16ms to process request-214-textDocument/codeAction on Thread 3368
Took 16ms to process request-215-textDocument/codeAction on Thread 3367
Took 0ms to process notification-textDocument/didChange on Thread 3366
Took 0ms to process request-216-textDocument/inlayHint on Thread 3370
Took 0ms to process request-217-textDocument/semanticTokens/range on Thread 3368
Took 0ms to process request-218-textDocument/foldingRange on Thread 3367
Took 12ms to process request-219-textDocument/codeAction on Thread 3369
Took 0ms to process notification-textDocument/didChange on Thread 3366
Took 0ms to process request-220-textDocument/inlayHint on Thread 3368
Took 0ms to process request-221-textDocument/semanticTokens/range on Thread 3367
Took 0ms to process request-222-textDocument/foldingRange on Thread 3369
Took 17ms to process request-223-textDocument/codeAction on Thread 3370
Took 0ms to process request-224-textDocument/documentSymbol on Thread 3368
Took 0ms to process request-225-textDocument/inlayHint on Thread 3367
Took 0ms to process request-226-textDocument/willSaveWaitUntil on Thread 3369
Took 0ms to process notification-textDocument/didSave on Thread 3366
Took 0ms to process request-227-textDocument/documentHighlight on Thread 3370
Took 0ms to process request-228-textDocument/hover on Thread 3368
Took 16ms to process request-229-textDocument/codeAction on Thread 3367
Took 16ms to process request-230-textDocument/codeAction on Thread 3369
Took 0ms to process notification-textDocument/didChange on Thread 3366
Took 0ms to process request-231-textDocument/inlayHint on Thread 3368
Took 0ms to process request-232-textDocument/semanticTokens/range on Thread 3367
Took 0ms to process request-233-textDocument/foldingRange on Thread 3369
Took 0ms to process notification-textDocument/didChange on Thread 3366
Took 0ms to process request-234-textDocument/inlayHint on Thread 3368
Took 0ms to process request-235-textDocument/semanticTokens/range on Thread 3367
Took 0ms to process notification-textDocument/didChange on Thread 3366
Took 0ms to process request-236-textDocument/inlayHint on Thread 3370
Took 0ms to process request-237-textDocument/semanticTokens/range on Thread 3368
Took 0ms to process notification-textDocument/didChange on Thread 3366
Took 0ms to process request-238-textDocument/inlayHint on Thread 3369
Took 0ms to process request-239-textDocument/semanticTokens/range on Thread 3370
Took 0ms to process notification-textDocument/didChange on Thread 3366
Took 0ms to process request-240-textDocument/inlayHint on Thread 3367
Took 0ms to process request-241-textDocument/semanticTokens/range on Thread 3369
Took 0ms to process request-242-textDocument/foldingRange on Thread 3370
Took 0ms to process notification-textDocument/didChange on Thread 3366
Took 0ms to process request-243-textDocument/inlayHint on Thread 3367
Took 0ms to process request-244-textDocument/semanticTokens/range on Thread 3369
Took 0ms to process request-245-textDocument/foldingRange on Thread 3370
Took 0ms to process notification-textDocument/didChange on Thread 3366
Took 0ms to process request-246-textDocument/inlayHint on Thread 3367
Took 0ms to process request-247-textDocument/semanticTokens/range on Thread 3369
Took 0ms to process notification-textDocument/didChange on Thread 3366
Took 0ms to process request-248-textDocument/inlayHint on Thread 3368
Took 0ms to process request-249-textDocument/semanticTokens/range on Thread 3367
Took 0ms to process request-250-textDocument/foldingRange on Thread 3369
Took 17ms to process request-251-textDocument/codeAction on Thread 3370
Took 0ms to process notification-textDocument/didChange on Thread 3366
Took 0ms to process request-252-textDocument/inlayHint on Thread 3367
Took 0ms to process notification-textDocument/didChange on Thread 3366
Took 0ms to process request-253-textDocument/inlayHint on Thread 3370
Took 0ms to process request-254-textDocument/semanticTokens/range on Thread 3368
Took 0ms to process request-255-textDocument/foldingRange on Thread 3367
Took 16ms to process request-256-textDocument/codeAction on Thread 3369
Took 0ms to process request-257-textDocument/documentSymbol on Thread 3370
Took 0ms to process notification-textDocument/didChange on Thread 3366
Took 0ms to process request-258-textDocument/inlayHint on Thread 3367
Took 0ms to process request-259-textDocument/semanticTokens/range on Thread 3369
Took 0ms to process request-260-textDocument/foldingRange on Thread 3370
Took 19ms to process request-261-textDocument/codeAction on Thread 3368
Took 0ms to process notification-textDocument/didChange on Thread 3366
Took 0ms to process notification-other on Thread 3369
Took 0ms to process request-262-textDocument/inlayHint on Thread 3370
Took 0ms to process request-263-textDocument/semanticTokens/range on Thread 3368
Took 0ms to process request-264-textDocument/foldingRange on Thread 3369
Took 18ms to process request-265-textDocument/codeAction on Thread 3367
Took 0ms to process request-266-textDocument/documentSymbol on Thread 3370
Took 0ms to process notification-textDocument/didChange on Thread 3366
Took 0ms to process request-267-textDocument/inlayHint on Thread 3369
Took 0ms to process notification-textDocument/didChange on Thread 3366
Took 0ms to process request-268-textDocument/inlayHint on Thread 3370
Took 0ms to process request-269-textDocument/semanticTokens/range on Thread 3368
Took 0ms to process notification-textDocument/didChange on Thread 3366
Took 0ms to process request-270-textDocument/inlayHint on Thread 3367
Took 0ms to process request-271-textDocument/semanticTokens/range on Thread 3370
Took 0ms to process request-272-textDocument/foldingRange on Thread 3368
Took 0ms to process request-273-textDocument/documentSymbol on Thread 3369
Took 0ms to process notification-textDocument/didChange on Thread 3366
Took 0ms to process request-274-textDocument/inlayHint on Thread 3370
Took 0ms to process request-275-textDocument/semanticTokens/range on Thread 3368
Took 0ms to process notification-textDocument/didChange on Thread 3366
Took 0ms to process request-276-textDocument/inlayHint on Thread 3367
Took 0ms to process request-277-textDocument/semanticTokens/range on Thread 3370
Took 0ms to process notification-textDocument/didChange on Thread 3366
Took 0ms to process request-278-textDocument/inlayHint on Thread 3369
Took 0ms to process request-279-textDocument/semanticTokens/range on Thread 3367
Took 0ms to process notification-textDocument/didChange on Thread 3366
Took 0ms to process request-280-textDocument/inlayHint on Thread 3368
Took 0ms to process request-281-textDocument/semanticTokens/range on Thread 3369
Took 0ms to process request-282-textDocument/foldingRange on Thread 3367
Took 16ms to process request-283-textDocument/codeAction on Thread 3370
Took 0ms to process request-284-textDocument/documentSymbol on Thread 3368
Took 0ms to process notification-textDocument/didChange on Thread 3366
Took 0ms to process request-285-textDocument/inlayHint on Thread 3367
Took 0ms to process request-286-textDocument/semanticTokens/range on Thread 3370
Took 0ms to process request-287-textDocument/foldingRange on Thread 3368
Took 18ms to process request-288-textDocument/codeAction on Thread 3369
Took 0ms to process notification-textDocument/didChange on Thread 3366
Took 0ms to process notification-other on Thread 3370
Took 0ms to process request-289-textDocument/inlayHint on Thread 3368
Took 0ms to process request-290-textDocument/semanticTokens/range on Thread 3369
Took 0ms to process notification-textDocument/didChange on Thread 3366
Took 0ms to process request-291-textDocument/inlayHint on Thread 3367
Took 0ms to process request-292-textDocument/semanticTokens/range on Thread 3368
Took 0ms to process request-293-textDocument/foldingRange on Thread 3369
Took 0ms to process notification-textDocument/didChange on Thread 3366
Took 0ms to process request-294-textDocument/inlayHint on Thread 3367
Took 0ms to process request-295-textDocument/semanticTokens/range on Thread 3368
Took 0ms to process notification-textDocument/didChange on Thread 3366
Took 0ms to process request-296-textDocument/inlayHint on Thread 3370
Took 0ms to process request-297-textDocument/semanticTokens/range on Thread 3367
Took 0ms to process notification-textDocument/didChange on Thread 3366
Took 0ms to process request-298-textDocument/inlayHint on Thread 3369
Took 0ms to process request-299-textDocument/semanticTokens/range on Thread 3370
Took 0ms to process request-300-textDocument/foldingRange on Thread 3367
Took 0ms to process notification-textDocument/didChange on Thread 3366
Took 0ms to process request-301-textDocument/inlayHint on Thread 3369
Took 0ms to process request-302-textDocument/semanticTokens/range on Thread 3370
Took 0ms to process notification-textDocument/didChange on Thread 3366
Took 0ms to process request-303-textDocument/inlayHint on Thread 3368
Took 0ms to process request-304-textDocument/semanticTokens/range on Thread 3369
Took 0ms to process request-305-textDocument/foldingRange on Thread 3370
Took 0ms to process notification-textDocument/didChange on Thread 3366
Took 0ms to process request-306-textDocument/inlayHint on Thread 3368
Took 0ms to process request-307-textDocument/semanticTokens/range on Thread 3369
Took 0ms to process notification-textDocument/didChange on Thread 3366
Took 0ms to process request-308-textDocument/inlayHint on Thread 3367
Took 0ms to process request-309-textDocument/semanticTokens/range on Thread 3368
Took 0ms to process notification-textDocument/didChange on Thread 3366
Took 0ms to process request-310-textDocument/inlayHint on Thread 3370
Took 0ms to process request-311-textDocument/semanticTokens/range on Thread 3367
Took 0ms to process notification-textDocument/didChange on Thread 3366
Took 0ms to process request-312-textDocument/inlayHint on Thread 3369
Took 0ms to process request-313-textDocument/semanticTokens/range on Thread 3370
Took 0ms to process notification-textDocument/didChange on Thread 3366
Took 0ms to process request-314-textDocument/inlayHint on Thread 3368
Took 0ms to process notification-textDocument/didChange on Thread 3366
Took 0ms to process request-315-textDocument/inlayHint on Thread 3370
Took 0ms to process request-316-textDocument/semanticTokens/range on Thread 3367
Took 0ms to process request-317-textDocument/foldingRange on Thread 3368
Took 16ms to process request-318-textDocument/codeAction on Thread 3369
Took 0ms to process request-319-textDocument/documentSymbol on Thread 3370
Took 0ms to process notification-textDocument/didChange on Thread 3366
Took 0ms to process request-320-textDocument/inlayHint on Thread 3368
Took 0ms to process request-321-textDocument/semanticTokens/range on Thread 3369
Took 0ms to process request-322-textDocument/foldingRange on Thread 3370
Took 0ms to process notification-textDocument/didChange on Thread 3366
Took 0ms to process request-323-textDocument/inlayHint on Thread 3368
Took 0ms to process request-324-textDocument/semanticTokens/range on Thread 3369
Took 0ms to process request-325-textDocument/foldingRange on Thread 3370
Took 16ms to process request-326-textDocument/codeAction on Thread 3367
Took 0ms to process request-327-textDocument/documentSymbol on Thread 3368
Took 1ms to process request-328-textDocument/inlayHint on Thread 3369
Took 0ms to process request-329-textDocument/willSaveWaitUntil on Thread 3370
Took 0ms to process notification-textDocument/didSave on Thread 3366
Took 0ms to process request-330-textDocument/documentHighlight on Thread 3367
Took 0ms to process request-331-textDocument/hover on Thread 3368
Took 0ms to process notification-textDocument/didChange on Thread 3366
Took 0ms to process request-332-textDocument/inlayHint on Thread 3370
Took 0ms to process request-333-textDocument/semanticTokens/range on Thread 3367
Took 0ms to process request-334-textDocument/foldingRange on Thread 3368
Took 0ms to process notification-textDocument/didChange on Thread 3366
Took 0ms to process request-335-textDocument/inlayHint on Thread 3370
Took 0ms to process request-336-textDocument/semanticTokens/range on Thread 3367
Took 0ms to process request-337-textDocument/foldingRange on Thread 3368
Took 0ms to process notification-textDocument/didChange on Thread 3366
Took 0ms to process request-338-textDocument/inlayHint on Thread 3370
Took 0ms to process request-339-textDocument/semanticTokens/range on Thread 3367
Took 0ms to process notification-textDocument/didChange on Thread 3366
Took 0ms to process request-340-textDocument/inlayHint on Thread 3369
Took 0ms to process request-341-textDocument/semanticTokens/range on Thread 3370
Took 0ms to process notification-textDocument/didChange on Thread 3366
Took 0ms to process request-342-textDocument/inlayHint on Thread 3368
Took 0ms to process request-343-textDocument/semanticTokens/range on Thread 3369
Took 0ms to process request-344-textDocument/foldingRange on Thread 3370
Took 0ms to process notification-textDocument/didChange on Thread 3366
Took 0ms to process request-345-textDocument/inlayHint on Thread 3368
Took 0ms to process request-346-textDocument/semanticTokens/range on Thread 3369
Took 0ms to process notification-textDocument/didChange on Thread 3366
Took 0ms to process request-347-textDocument/inlayHint on Thread 3367
Took 0ms to process request-348-textDocument/semanticTokens/range on Thread 3368
Took 0ms to process notification-textDocument/didChange on Thread 3366
Took 0ms to process request-349-textDocument/inlayHint on Thread 3370
Took 0ms to process request-350-textDocument/semanticTokens/range on Thread 3367
Took 0ms to process request-351-textDocument/foldingRange on Thread 3368
Took 17ms to process request-352-textDocument/codeAction on Thread 3369
Took 0ms to process notification-textDocument/didChange on Thread 3366
Took 0ms to process notification-other on Thread 3367
Took 0ms to process request-353-textDocument/inlayHint on Thread 3368
Took 0ms to process request-354-textDocument/semanticTokens/range on Thread 3369
Took 0ms to process notification-textDocument/didChange on Thread 3366
Took 0ms to process request-355-textDocument/inlayHint on Thread 3370
Took 0ms to process request-356-textDocument/semanticTokens/range on Thread 3368
Took 0ms to process request-357-textDocument/foldingRange on Thread 3369
Took 0ms to process notification-textDocument/didChange on Thread 3366
Took 0ms to process request-358-textDocument/inlayHint on Thread 3370
Took 0ms to process request-359-textDocument/semanticTokens/range on Thread 3368
Took 0ms to process notification-textDocument/didChange on Thread 3366
Took 0ms to process request-360-textDocument/inlayHint on Thread 3367
Took 0ms to process request-361-textDocument/semanticTokens/range on Thread 3370
Took 0ms to process notification-textDocument/didChange on Thread 3366
Took 0ms to process request-362-textDocument/inlayHint on Thread 3369
Took 0ms to process request-363-textDocument/semanticTokens/range on Thread 3367
Took 0ms to process request-364-textDocument/foldingRange on Thread 3370
Took 0ms to process notification-textDocument/didChange on Thread 3366
Took 0ms to process request-365-textDocument/inlayHint on Thread 3369
Took 0ms to process request-366-textDocument/semanticTokens/range on Thread 3367
Took 0ms to process notification-textDocument/didChange on Thread 3366
Took 0ms to process request-367-textDocument/inlayHint on Thread 3368
Took 0ms to process request-368-textDocument/semanticTokens/range on Thread 3369
Took 0ms to process request-369-textDocument/foldingRange on Thread 3367
Took 16ms to process request-370-textDocument/codeAction on Thread 3370
Took 0ms to process request-371-textDocument/documentSymbol on Thread 3368
Took 0ms to process notification-textDocument/didChange on Thread 3366
Took 0ms to process request-372-textDocument/inlayHint on Thread 3367
Took 0ms to process request-373-textDocument/semanticTokens/range on Thread 3370
Took 0ms to process request-374-textDocument/foldingRange on Thread 3368
Took 0ms to process notification-textDocument/didChange on Thread 3366
Took 0ms to process request-375-textDocument/inlayHint on Thread 3367
Took 0ms to process request-376-textDocument/semanticTokens/range on Thread 3370
Took 0ms to process notification-textDocument/didChange on Thread 3366
Took 0ms to process request-377-textDocument/inlayHint on Thread 3369
Took 0ms to process request-378-textDocument/semanticTokens/range on Thread 3367
Took 0ms to process request-379-textDocument/foldingRange on Thread 3370
Took 16ms to process request-380-textDocument/codeAction on Thread 3368
Took 0ms to process request-381-textDocument/documentSymbol on Thread 3369
Took 0ms to process notification-textDocument/didChange on Thread 3366
Took 0ms to process request-382-textDocument/inlayHint on Thread 3370
Took 0ms to process request-383-textDocument/semanticTokens/range on Thread 3368
Took 0ms to process request-384-textDocument/foldingRange on Thread 3369
Took 0ms to process notification-textDocument/didChange on Thread 3366
Took 0ms to process request-385-textDocument/inlayHint on Thread 3370
Took 0ms to process request-386-textDocument/semanticTokens/range on Thread 3368
Took 0ms to process request-387-textDocument/foldingRange on Thread 3369
Took 16ms to process request-388-textDocument/codeAction on Thread 3367
Took 0ms to process notification-textDocument/didChange on Thread 3366
Took 0ms to process request-389-textDocument/inlayHint on Thread 3368
Took 0ms to process request-390-textDocument/semanticTokens/range on Thread 3369
Took 0ms to process request-391-textDocument/foldingRange on Thread 3367
Took 0ms to process notification-textDocument/didChange on Thread 3366
Took 0ms to process request-392-textDocument/inlayHint on Thread 3368
Took 0ms to process request-393-textDocument/semanticTokens/range on Thread 3369
Took 0ms to process notification-textDocument/didChange on Thread 3366
Took 0ms to process request-394-textDocument/inlayHint on Thread 3370
Took 0ms to process request-395-textDocument/semanticTokens/range on Thread 3368
Took 0ms to process notification-textDocument/didChange on Thread 3366
Took 0ms to process request-396-textDocument/inlayHint on Thread 3367
Took 0ms to process request-397-textDocument/semanticTokens/range on Thread 3370
Took 0ms to process request-398-textDocument/foldingRange on Thread 3368
Took 0ms to process notification-textDocument/didChange on Thread 3366
Took 0ms to process request-399-textDocument/inlayHint on Thread 3367
Took 0ms to process notification-textDocument/didChange on Thread 3366
Took 0ms to process request-400-textDocument/inlayHint on Thread 3368
Took 0ms to process request-401-textDocument/semanticTokens/range on Thread 3369
Took 0ms to process notification-textDocument/didChange on Thread 3366
Took 0ms to process request-402-textDocument/inlayHint on Thread 3370
Took 0ms to process request-403-textDocument/semanticTokens/range on Thread 3368
Took 0ms to process request-404-textDocument/foldingRange on Thread 3369
Took 16ms to process request-405-textDocument/codeAction on Thread 3367
Took 0ms to process request-406-textDocument/documentSymbol on Thread 3370
Took 0ms to process request-407-textDocument/inlayHint on Thread 3368
Took 0ms to process request-408-textDocument/willSaveWaitUntil on Thread 3369
Took 0ms to process notification-textDocument/didSave on Thread 3366
Took 0ms to process request-409-textDocument/documentHighlight on Thread 3367
Took 0ms to process request-410-textDocument/documentHighlight on Thread 3370
Took 0ms to process notification-textDocument/didChange on Thread 3366
Took 0ms to process request-411-textDocument/completion on Thread 3369
Took 0ms to process request-412-textDocument/inlayHint on Thread 3367
Took 0ms to process request-413-textDocument/semanticTokens/range on Thread 3370
Took 0ms to process request-414-textDocument/foldingRange on Thread 3369
Took 0ms to process notification-textDocument/didChange on Thread 3366
Took 0ms to process request-415-textDocument/inlayHint on Thread 3367
Took 0ms to process request-416-textDocument/semanticTokens/range on Thread 3370
Took 0ms to process request-417-textDocument/foldingRange on Thread 3369
Took 0ms to process notification-textDocument/didChange on Thread 3366
Took 0ms to process request-418-textDocument/inlayHint on Thread 3367
Took 0ms to process request-419-textDocument/semanticTokens/range on Thread 3370
Took 0ms to process notification-textDocument/didChange on Thread 3366
Took 0ms to process request-420-textDocument/inlayHint on Thread 3368
Took 0ms to process request-421-textDocument/semanticTokens/range on Thread 3367
Took 0ms to process notification-textDocument/didChange on Thread 3366
Took 0ms to process request-422-textDocument/inlayHint on Thread 3369
Took 0ms to process request-423-textDocument/semanticTokens/range on Thread 3368
Took 0ms to process notification-textDocument/didChange on Thread 3366
Took 0ms to process request-424-textDocument/inlayHint on Thread 3370
Took 0ms to process request-425-textDocument/semanticTokens/range on Thread 3369
Took 0ms to process notification-textDocument/didChange on Thread 3366
Took 0ms to process request-426-textDocument/inlayHint on Thread 3367
Took 0ms to process request-427-textDocument/semanticTokens/range on Thread 3370
Took 0ms to process notification-textDocument/didChange on Thread 3366
Took 0ms to process request-428-textDocument/inlayHint on Thread 3368
Took 0ms to process request-429-textDocument/semanticTokens/range on Thread 3367
Took 0ms to process request-430-textDocument/foldingRange on Thread 3370
Took 0ms to process notification-textDocument/didChange on Thread 3366
Took 0ms to process request-431-textDocument/inlayHint on Thread 3368
Took 0ms to process request-432-textDocument/semanticTokens/range on Thread 3367
Took 0ms to process request-433-textDocument/foldingRange on Thread 3370
Took 0ms to process notification-textDocument/didChange on Thread 3366
Took 0ms to process request-434-textDocument/inlayHint on Thread 3368
Took 0ms to process request-435-textDocument/semanticTokens/range on Thread 3367
Took 0ms to process notification-textDocument/didChange on Thread 3366
Took 0ms to process request-436-textDocument/inlayHint on Thread 3369
Took 0ms to process request-437-textDocument/semanticTokens/range on Thread 3368
Took 0ms to process notification-textDocument/didChange on Thread 3366
Took 0ms to process request-438-textDocument/inlayHint on Thread 3370
Took 0ms to process notification-textDocument/didChange on Thread 3366
Took 0ms to process request-439-textDocument/inlayHint on Thread 3368
Took 0ms to process request-440-textDocument/semanticTokens/range on Thread 3367
Took 0ms to process request-441-textDocument/foldingRange on Thread 3370
Took 17ms to process request-442-textDocument/codeAction on Thread 3369
Took 0ms to process notification-textDocument/didChange on Thread 3366
Took 0ms to process notification-other on Thread 3367
Took 0ms to process request-443-textDocument/inlayHint on Thread 3370
Took 0ms to process notification-textDocument/didChange on Thread 3366
Took 0ms to process request-444-textDocument/inlayHint on Thread 3367
Took 0ms to process request-445-textDocument/semanticTokens/range on Thread 3368
Took 0ms to process request-446-textDocument/foldingRange on Thread 3370
Took 0ms to process request-447-textDocument/documentSymbol on Thread 3369
Took 0ms to process notification-textDocument/didChange on Thread 3366
Took 0ms to process request-448-textDocument/inlayHint on Thread 3368
Took 0ms to process request-449-textDocument/semanticTokens/range on Thread 3370
Took 0ms to process request-450-textDocument/foldingRange on Thread 3369
Took 0ms to process notification-textDocument/didChange on Thread 3366
Took 0ms to process request-451-textDocument/inlayHint on Thread 3368
Took 0ms to process request-452-textDocument/semanticTokens/range on Thread 3370
Took 0ms to process notification-textDocument/didChange on Thread 3366
Took 0ms to process request-453-textDocument/inlayHint on Thread 3367
Took 0ms to process request-454-textDocument/semanticTokens/range on Thread 3368
Took 0ms to process notification-textDocument/didChange on Thread 3366
Took 0ms to process request-455-textDocument/inlayHint on Thread 3369
Took 0ms to process request-456-textDocument/semanticTokens/range on Thread 3367
Took 0ms to process request-457-textDocument/foldingRange on Thread 3368
Took 0ms to process notification-textDocument/didChange on Thread 3366
Took 0ms to process request-458-textDocument/inlayHint on Thread 3369
Took 0ms to process notification-textDocument/didChange on Thread 3366
Took 0ms to process request-459-textDocument/inlayHint on Thread 3368
Took 0ms to process request-460-textDocument/semanticTokens/range on Thread 3370
Took 0ms to process notification-textDocument/didChange on Thread 3366
Took 0ms to process request-461-textDocument/inlayHint on Thread 3367
Took 0ms to process request-462-textDocument/semanticTokens/range on Thread 3368
Took 0ms to process notification-textDocument/didChange on Thread 3366
Took 0ms to process request-463-textDocument/inlayHint on Thread 3369
Took 0ms to process notification-textDocument/didChange on Thread 3366
Took 0ms to process request-464-textDocument/inlayHint on Thread 3368
Took 0ms to process request-465-textDocument/semanticTokens/range on Thread 3370
Took 0ms to process notification-textDocument/didChange on Thread 3366
Took 0ms to process request-466-textDocument/inlayHint on Thread 3367
Took 0ms to process notification-textDocument/didChange on Thread 3366
Took 0ms to process request-467-textDocument/inlayHint on Thread 3370
Took 0ms to process request-468-textDocument/semanticTokens/range on Thread 3369
Took 0ms to process notification-textDocument/didChange on Thread 3366
Took 0ms to process request-469-textDocument/inlayHint on Thread 3368
Took 0ms to process notification-textDocument/didChange on Thread 3366
Took 0ms to process request-470-textDocument/inlayHint on Thread 3369
Took 0ms to process request-471-textDocument/semanticTokens/range on Thread 3367
Took 0ms to process notification-textDocument/didChange on Thread 3366
Took 0ms to process request-472-textDocument/inlayHint on Thread 3370
Took 0ms to process request-473-textDocument/semanticTokens/range on Thread 3369
Took 0ms to process notification-textDocument/didChange on Thread 3366
Took 0ms to process request-474-textDocument/inlayHint on Thread 3368
Took 0ms to process request-475-textDocument/semanticTokens/range on Thread 3370
Took 0ms to process notification-textDocument/didChange on Thread 3366
Took 0ms to process request-476-textDocument/inlayHint on Thread 3367
Took 0ms to process request-477-textDocument/semanticTokens/range on Thread 3368
Took 0ms to process notification-textDocument/didChange on Thread 3366
Took 1ms to process request-478-textDocument/inlayHint on Thread 3369
Took 0ms to process request-479-textDocument/semanticTokens/range on Thread 3367
Took 0ms to process notification-textDocument/didChange on Thread 3366
Took 0ms to process request-480-textDocument/inlayHint on Thread 3370
Took 0ms to process request-481-textDocument/semanticTokens/range on Thread 3369
Took 0ms to process notification-textDocument/didChange on Thread 3366
Took 0ms to process request-482-textDocument/inlayHint on Thread 3368
Took 0ms to process notification-textDocument/didChange on Thread 3366
Took 0ms to process request-483-textDocument/inlayHint on Thread 3369
Took 0ms to process request-484-textDocument/semanticTokens/range on Thread 3367
Took 0ms to process notification-textDocument/didChange on Thread 3366
Took 0ms to process request-485-textDocument/inlayHint on Thread 3370
Took 0ms to process request-486-textDocument/semanticTokens/range on Thread 3369
Took 0ms to process notification-textDocument/didChange on Thread 3366
Took 0ms to process request-487-textDocument/inlayHint on Thread 3368
Took 0ms to process request-488-textDocument/semanticTokens/range on Thread 3370
Took 0ms to process request-489-textDocument/foldingRange on Thread 3369
Took 0ms to process request-490-textDocument/documentSymbol on Thread 3367
Took 0ms to process request-491-textDocument/inlayHint on Thread 3368
Took 0ms to process notification-textDocument/didChange on Thread 3366
Took 0ms to process request-492-textDocument/inlayHint on Thread 3369
Took 0ms to process request-493-textDocument/semanticTokens/range on Thread 3367
Took 0ms to process notification-textDocument/didChange on Thread 3366
Took 0ms to process request-494-textDocument/inlayHint on Thread 3370
Took 0ms to process request-495-textDocument/semanticTokens/range on Thread 3369
Took 0ms to process notification-textDocument/didChange on Thread 3366
Took 0ms to process request-496-textDocument/inlayHint on Thread 3368
Took 0ms to process request-497-textDocument/semanticTokens/range on Thread 3370
Took 0ms to process notification-textDocument/didChange on Thread 3366
Took 0ms to process request-498-textDocument/inlayHint on Thread 3367
Took 0ms to process request-499-textDocument/semanticTokens/range on Thread 3368
Took 0ms to process notification-textDocument/didChange on Thread 3366
Took 0ms to process request-500-textDocument/inlayHint on Thread 3369
Took 0ms to process request-501-textDocument/semanticTokens/range on Thread 3367
Took 0ms to process notification-textDocument/didChange on Thread 3366
Took 0ms to process request-502-textDocument/inlayHint on Thread 3370
Took 0ms to process request-503-textDocument/semanticTokens/range on Thread 3369
Took 0ms to process request-504-textDocument/foldingRange on Thread 3367
Took 16ms to process request-505-textDocument/codeAction on Thread 3368
Took 0ms to process notification-textDocument/didChange on Thread 3366
Took 0ms to process request-506-textDocument/inlayHint on Thread 3369
Took 0ms to process request-507-textDocument/semanticTokens/range on Thread 3367
Took 0ms to process request-508-textDocument/foldingRange on Thread 3368
Took 16ms to process request-509-textDocument/codeAction on Thread 3370
Took 0ms to process request-510-textDocument/documentSymbol on Thread 3369
Took 0ms to process request-511-textDocument/inlayHint on Thread 3367
Took 0ms to process request-512-textDocument/willSaveWaitUntil on Thread 3368
Took 0ms to process notification-textDocument/didSave on Thread 3366
Took 0ms to process notification-textDocument/didChange on Thread 3366
Took 0ms to process request-513-textDocument/completion on Thread 3369
Took 0ms to process request-514-textDocument/inlayHint on Thread 3367
Took 0ms to process request-515-textDocument/semanticTokens/range on Thread 3368
Took 0ms to process request-516-textDocument/foldingRange on Thread 3369
Took 0ms to process notification-textDocument/didChange on Thread 3366
Took 0ms to process request-517-textDocument/inlayHint on Thread 3367
Took 0ms to process request-518-textDocument/semanticTokens/range on Thread 3368
Took 0ms to process request-519-textDocument/foldingRange on Thread 3369
Took 16ms to process request-520-textDocument/codeAction on Thread 3370
Took 0ms to process notification-textDocument/didChange on Thread 3366
Took 0ms to process request-521-textDocument/inlayHint on Thread 3368
Took 0ms to process request-522-textDocument/semanticTokens/range on Thread 3369
Took 0ms to process request-523-textDocument/foldingRange on Thread 3370
Took 17ms to process request-524-textDocument/codeAction on Thread 3367
Took 0ms to process notification-textDocument/didChange on Thread 3366
Took 0ms to process request-525-textDocument/inlayHint on Thread 3369
Took 0ms to process request-526-textDocument/semanticTokens/range on Thread 3370
Took 0ms to process request-527-textDocument/foldingRange on Thread 3367
Took 0ms to process notification-textDocument/didChange on Thread 3366
Took 0ms to process request-528-textDocument/inlayHint on Thread 3369
Took 0ms to process request-529-textDocument/semanticTokens/range on Thread 3370
Took 0ms to process request-530-textDocument/foldingRange on Thread 3367
Took 17ms to process request-531-textDocument/codeAction on Thread 3368
Took 0ms to process notification-textDocument/didChange on Thread 3366
Took 0ms to process notification-other on Thread 3369
Took 0ms to process request-532-textDocument/inlayHint on Thread 3367
Took 0ms to process request-533-textDocument/semanticTokens/range on Thread 3368
Took 0ms to process notification-textDocument/didChange on Thread 3366
Took 0ms to process request-534-textDocument/inlayHint on Thread 3370
Took 0ms to process request-535-textDocument/semanticTokens/range on Thread 3367
Took 0ms to process notification-textDocument/didChange on Thread 3366
Took 0ms to process request-536-textDocument/inlayHint on Thread 3369
Took 0ms to process request-537-textDocument/semanticTokens/range on Thread 3370
Took 0ms to process request-538-textDocument/foldingRange on Thread 3367
Took 17ms to process request-539-textDocument/codeAction on Thread 3368
Took 0ms to process request-540-textDocument/documentSymbol on Thread 3369
Took 0ms to process notification-textDocument/didChange on Thread 3366
Took 0ms to process request-541-textDocument/inlayHint on Thread 3367
Took 0ms to process request-542-textDocument/semanticTokens/range on Thread 3368
Took 0ms to process request-543-textDocument/foldingRange on Thread 3369
Took 0ms to process notification-textDocument/didChange on Thread 3366
Took 0ms to process request-544-textDocument/inlayHint on Thread 3367
Took 0ms to process request-545-textDocument/semanticTokens/range on Thread 3368
Took 0ms to process request-546-textDocument/foldingRange on Thread 3369
Took 0ms to process notification-textDocument/didChange on Thread 3366
Took 0ms to process request-547-textDocument/inlayHint on Thread 3367
Took 0ms to process request-548-textDocument/semanticTokens/range on Thread 3368
Took 0ms to process request-549-textDocument/foldingRange on Thread 3369
Took 16ms to process request-550-textDocument/codeAction on Thread 3370
Took 0ms to process request-551-textDocument/documentSymbol on Thread 3367
Took 0ms to process request-552-textDocument/inlayHint on Thread 3368
Took 0ms to process request-553-textDocument/willSaveWaitUntil on Thread 3369
Took 0ms to process notification-textDocument/didSave on Thread 3366
Took 0ms to process request-554-textDocument/documentHighlight on Thread 3370
Took 0ms to process request-555-textDocument/hover on Thread 3367
Took 0ms to process request-556-textDocument/inlayHint on Thread 3368
Took 0ms to process request-557-textDocument/inlayHint on Thread 3369
Took 0ms to process request-558-textDocument/semanticTokens/range on Thread 3370
Took 0ms to process request-559-textDocument/inlayHint on Thread 3367
Took 0ms to process request-560-textDocument/inlayHint on Thread 3368
Took 0ms to process request-561-textDocument/semanticTokens/range on Thread 3369
Took 0ms to process notification-textDocument/didChange on Thread 3366
Took 0ms to process request-562-textDocument/inlayHint on Thread 3367
Took 0ms to process request-563-textDocument/semanticTokens/range on Thread 3368
Took 0ms to process request-564-textDocument/foldingRange on Thread 3369
Took 0ms to process request-565-textDocument/documentSymbol on Thread 3370
Took 0ms to process notification-textDocument/didChange on Thread 3366
Took 0ms to process request-566-textDocument/inlayHint on Thread 3368
Took 0ms to process request-567-textDocument/semanticTokens/range on Thread 3369
Took 0ms to process request-568-textDocument/foldingRange on Thread 3370
Took 0ms to process request-569-textDocument/documentSymbol on Thread 3367
Took 0ms to process notification-textDocument/didChange on Thread 3366
Took 0ms to process request-570-textDocument/completion on Thread 3369
Took 0ms to process request-571-textDocument/inlayHint on Thread 3370
Took 0ms to process request-572-textDocument/semanticTokens/range on Thread 3367
Took 0ms to process notification-textDocument/didChange on Thread 3366
Took 1ms to process request-573-textDocument/completion on Thread 3369
Took 0ms to process request-574-textDocument/inlayHint on Thread 3370
Took 0ms to process request-575-textDocument/semanticTokens/range on Thread 3367
Took 0ms to process notification-textDocument/didChange on Thread 3366
Took 0ms to process notification-textDocument/didChange on Thread 3366
Took 0ms to process request-576-textDocument/inlayHint on Thread 3370
Took 0ms to process request-577-textDocument/semanticTokens/range on Thread 3367
Took 0ms to process request-578-textDocument/foldingRange on Thread 3368
Took 0ms to process notification-textDocument/didChange on Thread 3366
Took 0ms to process request-579-textDocument/inlayHint on Thread 3370
Took 0ms to process request-580-textDocument/semanticTokens/range on Thread 3367
Took 0ms to process request-581-textDocument/foldingRange on Thread 3368
Took 0ms to process request-582-textDocument/codeAction on Thread 3369
Took 0ms to process request-583-textDocument/documentSymbol on Thread 3370
Took 0ms to process notification-textDocument/didChange on Thread 3366
Took 0ms to process request-584-textDocument/inlayHint on Thread 3368
Took 0ms to process request-585-textDocument/semanticTokens/range on Thread 3369
Took 0ms to process notification-textDocument/didChange on Thread 3366
Took 0ms to process request-586-textDocument/inlayHint on Thread 3367
Took 0ms to process request-587-textDocument/semanticTokens/range on Thread 3368
Took 0ms to process request-588-textDocument/foldingRange on Thread 3369
Took 0ms to process request-589-textDocument/codeAction on Thread 3370
Took 0ms to process request-590-textDocument/documentSymbol on Thread 3367
Took 0ms to process request-591-textDocument/inlayHint on Thread 3368
Took 0ms to process notification-textDocument/didChange on Thread 3366
Took 0ms to process request-592-textDocument/inlayHint on Thread 3370
Took 0ms to process request-593-textDocument/semanticTokens/range on Thread 3367
Took 0ms to process request-594-textDocument/foldingRange on Thread 3368
Took 0ms to process request-595-textDocument/codeAction on Thread 3369
Took 0ms to process request-596-textDocument/documentSymbol on Thread 3370
Took 0ms to process notification-textDocument/didChange on Thread 3366
Took 0ms to process request-597-textDocument/inlayHint on Thread 3368
Took 0ms to process request-598-textDocument/semanticTokens/range on Thread 3369
Took 0ms to process request-599-textDocument/foldingRange on Thread 3370
Took 0ms to process notification-textDocument/didChange on Thread 3366
Took 1ms to process request-600-textDocument/completion on Thread 3368
Took 0ms to process request-601-textDocument/inlayHint on Thread 3369
Took 0ms to process request-602-textDocument/semanticTokens/range on Thread 3370
Took 0ms to process notification-textDocument/didChange on Thread 3366
Took 1ms to process request-603-textDocument/completion on Thread 3368
Took 0ms to process request-604-textDocument/inlayHint on Thread 3369
Took 0ms to process request-605-textDocument/semanticTokens/range on Thread 3370
Took 0ms to process notification-textDocument/didChange on Thread 3366
Took 1ms to process request-606-textDocument/completion on Thread 3368
Took 0ms to process request-607-textDocument/inlayHint on Thread 3369
Took 0ms to process request-608-textDocument/semanticTokens/range on Thread 3370
Took 0ms to process request-609-textDocument/foldingRange on Thread 3367
Took 0ms to process notification-textDocument/didChange on Thread 3366
Took 1ms to process request-610-textDocument/completion on Thread 3369
Took 0ms to process request-611-textDocument/inlayHint on Thread 3370
Took 0ms to process request-612-textDocument/semanticTokens/range on Thread 3367
Took 0ms to process request-613-textDocument/foldingRange on Thread 3368
Took 0ms to process notification-textDocument/didChange on Thread 3366
Took 1ms to process request-614-textDocument/completion on Thread 3370
Took 0ms to process request-615-textDocument/inlayHint on Thread 3367
Took 0ms to process request-616-textDocument/semanticTokens/range on Thread 3368
Took 0ms to process request-617-textDocument/foldingRange on Thread 3369
Took 0ms to process notification-textDocument/didChange on Thread 3366
Took 1ms to process request-618-textDocument/completion on Thread 3367
Took 0ms to process request-619-textDocument/inlayHint on Thread 3368
Took 0ms to process request-620-textDocument/semanticTokens/range on Thread 3369
Took 0ms to process notification-textDocument/didChange on Thread 3366
Took 0ms to process request-621-textDocument/completion on Thread 3367
Took 0ms to process request-622-textDocument/inlayHint on Thread 3368
Took 0ms to process request-623-textDocument/semanticTokens/range on Thread 3369
Took 0ms to process notification-textDocument/didChange on Thread 3366
Took 0ms to process request-624-textDocument/completion on Thread 3367
Took 0ms to process request-625-textDocument/inlayHint on Thread 3368
Took 0ms to process request-626-textDocument/semanticTokens/range on Thread 3369
Took 0ms to process notification-textDocument/didChange on Thread 3366
Took 1ms to process request-627-textDocument/completion on Thread 3367
Took 0ms to process request-628-textDocument/inlayHint on Thread 3368
Took 0ms to process notification-textDocument/didChange on Thread 3366
Took 1ms to process request-629-textDocument/completion on Thread 3370
Took 0ms to process request-630-textDocument/inlayHint on Thread 3367
Took 0ms to process request-631-textDocument/semanticTokens/range on Thread 3368
Took 0ms to process request-632-textDocument/foldingRange on Thread 3369
Took 0ms to process request-633-textDocument/codeAction on Thread 3370
Took 0ms to process request-634-textDocument/documentSymbol on Thread 3367
Took 0ms to process notification-textDocument/didChange on Thread 3366
Took 0ms to process request-635-textDocument/inlayHint on Thread 3369
Took 0ms to process request-636-textDocument/semanticTokens/range on Thread 3370
Took 0ms to process notification-textDocument/didChange on Thread 3366
Took 0ms to process request-637-textDocument/inlayHint on Thread 3368
Took 0ms to process notification-textDocument/didChange on Thread 3366
Took 0ms to process request-638-textDocument/inlayHint on Thread 3370
Took 0ms to process request-639-textDocument/semanticTokens/range on Thread 3367
Took 0ms to process request-640-textDocument/foldingRange on Thread 3368
Took 0ms to process request-641-textDocument/documentSymbol on Thread 3369
Took 0ms to process notification-textDocument/didChange on Thread 3366
Took 0ms to process request-642-textDocument/completion on Thread 3367
Took 0ms to process request-643-textDocument/inlayHint on Thread 3368
Took 0ms to process request-644-textDocument/semanticTokens/range on Thread 3369
Took 0ms to process request-645-textDocument/foldingRange on Thread 3370
Took 0ms to process request-646-textDocument/codeAction on Thread 3367
Took 0ms to process request-647-textDocument/documentSymbol on Thread 3368
Took 0ms to process notification-textDocument/didChange on Thread 3366
Took 0ms to process request-648-textDocument/inlayHint on Thread 3370
Took 0ms to process request-649-textDocument/semanticTokens/range on Thread 3367
Took 0ms to process request-650-textDocument/foldingRange on Thread 3368
Took 0ms to process request-651-textDocument/codeAction on Thread 3369
Took 0ms to process request-652-textDocument/documentSymbol on Thread 3370
Took 0ms to process request-653-textDocument/inlayHint on Thread 3367
Took 0ms to process notification-textDocument/didChange on Thread 3366
Took 0ms to process request-654-textDocument/inlayHint on Thread 3369
Took 0ms to process request-655-textDocument/semanticTokens/range on Thread 3370
Took 0ms to process request-656-textDocument/foldingRange on Thread 3367
Took 0ms to process request-657-textDocument/codeAction on Thread 3368
Took 0ms to process request-658-textDocument/documentSymbol on Thread 3369
Took 0ms to process notification-textDocument/didChange on Thread 3366
Took 0ms to process request-659-textDocument/inlayHint on Thread 3367
Took 0ms to process request-660-textDocument/semanticTokens/range on Thread 3368
Took 0ms to process request-661-textDocument/foldingRange on Thread 3369
Took 0ms to process request-662-textDocument/documentSymbol on Thread 3370
Took 0ms to process request-663-textDocument/inlayHint on Thread 3367
Took 0ms to process request-664-textDocument/willSaveWaitUntil on Thread 3368
Took 0ms to process notification-textDocument/didSave on Thread 3366
Took 0ms to process notification-textDocument/didChange on Thread 3366
Took 1ms to process request-665-textDocument/completion on Thread 3370
Took 0ms to process request-666-textDocument/inlayHint on Thread 3367
Took 0ms to process request-667-textDocument/semanticTokens/range on Thread 3368
Took 0ms to process request-668-textDocument/foldingRange on Thread 3369
Took 0ms to process notification-textDocument/didChange on Thread 3366
Took 0ms to process request-669-textDocument/inlayHint on Thread 3367
Took 0ms to process request-670-textDocument/semanticTokens/range on Thread 3368
Took 0ms to process request-671-textDocument/foldingRange on Thread 3369
Took 0ms to process notification-textDocument/didChange on Thread 3366
Took 0ms to process request-672-textDocument/inlayHint on Thread 3367
Took 0ms to process request-673-textDocument/semanticTokens/range on Thread 3368
Took 0ms to process request-674-textDocument/foldingRange on Thread 3369
Took 0ms to process notification-textDocument/didChange on Thread 3366
Took 0ms to process request-675-textDocument/inlayHint on Thread 3367
Took 0ms to process request-676-textDocument/semanticTokens/range on Thread 3368
Took 0ms to process request-677-textDocument/foldingRange on Thread 3369
Took 0ms to process notification-textDocument/didChange on Thread 3366
Took 1ms to process request-678-textDocument/completion on Thread 3367
Took 0ms to process request-679-textDocument/inlayHint on Thread 3368
Took 0ms to process request-680-textDocument/semanticTokens/range on Thread 3369
Took 0ms to process request-681-textDocument/foldingRange on Thread 3370
Took 0ms to process request-682-textDocument/codeAction on Thread 3367
Took 0ms to process request-683-textDocument/documentSymbol on Thread 3368
Took 0ms to process notification-textDocument/didChange on Thread 3366
Took 0ms to process request-684-textDocument/inlayHint on Thread 3370
Took 0ms to process request-685-textDocument/semanticTokens/range on Thread 3367
Took 0ms to process request-686-textDocument/foldingRange on Thread 3368
Took 0ms to process request-687-textDocument/codeAction on Thread 3369
Took 0ms to process request-688-textDocument/documentSymbol on Thread 3370
Took 0ms to process notification-textDocument/didChange on Thread 3366
Took 0ms to process request-689-textDocument/inlayHint on Thread 3368
Took 0ms to process request-690-textDocument/semanticTokens/range on Thread 3369
Took 0ms to process request-691-textDocument/foldingRange on Thread 3370
Took 0ms to process request-692-textDocument/documentSymbol on Thread 3367
Took 0ms to process notification-textDocument/didChange on Thread 3366
Took 1ms to process request-693-textDocument/completion on Thread 3369
Took 0ms to process request-694-textDocument/inlayHint on Thread 3370
Took 0ms to process request-695-textDocument/semanticTokens/range on Thread 3367
Took 0ms to process request-696-textDocument/foldingRange on Thread 3368
Took 0ms to process request-697-textDocument/codeAction on Thread 3369
Took 0ms to process notification-textDocument/didChange on Thread 3366
Took 0ms to process request-698-textDocument/inlayHint on Thread 3367
Took 0ms to process request-699-textDocument/semanticTokens/range on Thread 3368
Took 0ms to process request-700-textDocument/foldingRange on Thread 3369
Took 0ms to process notification-textDocument/didChange on Thread 3366
Took 0ms to process request-701-textDocument/inlayHint on Thread 3367
Took 0ms to process request-702-textDocument/semanticTokens/range on Thread 3368
Took 0ms to process request-703-textDocument/foldingRange on Thread 3369
Took 0ms to process request-704-textDocument/codeAction on Thread 3370
Took 0ms to process notification-textDocument/didChange on Thread 3366
Took 1ms to process request-705-textDocument/completion on Thread 3368
Took 0ms to process request-706-textDocument/inlayHint on Thread 3369
Took 0ms to process request-707-textDocument/semanticTokens/range on Thread 3370
Took 0ms to process request-708-textDocument/foldingRange on Thread 3367
Took 0ms to process request-709-textDocument/codeAction on Thread 3368
Took 0ms to process request-710-textDocument/documentSymbol on Thread 3369
Took 0ms to process request-711-textDocument/inlayHint on Thread 3370
Took 0ms to process request-712-textDocument/willSaveWaitUntil on Thread 3367
Took 0ms to process notification-textDocument/didSave on Thread 3366
Took 0ms to process notification-textDocument/didChange on Thread 3366
Took 1ms to process request-713-textDocument/completion on Thread 3369
Took 0ms to process request-714-textDocument/inlayHint on Thread 3370
Took 0ms to process request-715-textDocument/semanticTokens/range on Thread 3367
Took 0ms to process request-716-textDocument/foldingRange on Thread 3368
Took 0ms to process request-717-textDocument/codeAction on Thread 3369
Took 0ms to process request-718-textDocument/documentSymbol on Thread 3370
Took 0ms to process request-719-textDocument/inlayHint on Thread 3367
Took 0ms to process request-720-textDocument/willSaveWaitUntil on Thread 3368
Took 0ms to process notification-textDocument/didSave on Thread 3366
Took 0ms to process notification-textDocument/didChange on Thread 3366
Took 0ms to process request-721-textDocument/inlayHint on Thread 3370
Took 0ms to process request-722-textDocument/semanticTokens/range on Thread 3367
Took 0ms to process request-723-textDocument/foldingRange on Thread 3368
Took 0ms to process request-724-textDocument/codeAction on Thread 3369
Took 0ms to process request-725-textDocument/documentSymbol on Thread 3370
Took 0ms to process request-726-textDocument/inlayHint on Thread 3367
Took 0ms to process request-727-textDocument/willSaveWaitUntil on Thread 3368
Took 0ms to process notification-textDocument/didSave on Thread 3366
Took 0ms to process notification-textDocument/didChange on Thread 3366
Took 0ms to process request-728-textDocument/inlayHint on Thread 3370
Took 0ms to process request-729-textDocument/semanticTokens/range on Thread 3367
Took 0ms to process request-730-textDocument/foldingRange on Thread 3368
Took 0ms to process request-731-textDocument/documentSymbol on Thread 3369
Took 0ms to process notification-textDocument/didChange on Thread 3366
Took 1ms to process request-732-textDocument/completion on Thread 3367
Took 0ms to process request-733-textDocument/inlayHint on Thread 3368
Took 0ms to process request-734-textDocument/semanticTokens/range on Thread 3369
Took 0ms to process request-735-textDocument/foldingRange on Thread 3370
Took 0ms to process request-736-textDocument/codeAction on Thread 3367
Took 0ms to process request-737-textDocument/documentSymbol on Thread 3368
Took 0ms to process notification-textDocument/didChange on Thread 3366
Took 0ms to process request-738-textDocument/completion on Thread 3370
Took 0ms to process request-739-textDocument/inlayHint on Thread 3367
Took 0ms to process request-740-textDocument/semanticTokens/range on Thread 3368
Took 0ms to process request-741-textDocument/foldingRange on Thread 3369
Took 0ms to process notification-textDocument/didChange on Thread 3366
Took 0ms to process request-742-textDocument/completion on Thread 3367
Took 0ms to process request-743-textDocument/inlayHint on Thread 3368
Took 0ms to process request-744-textDocument/semanticTokens/range on Thread 3369
Took 0ms to process request-745-textDocument/foldingRange on Thread 3370
Took 0ms to process request-746-textDocument/codeAction on Thread 3367
Took 0ms to process request-747-textDocument/documentSymbol on Thread 3368
Took 0ms to process notification-textDocument/didChange on Thread 3366
Took 0ms to process request-748-textDocument/completion on Thread 3370
Took 0ms to process request-749-textDocument/inlayHint on Thread 3367
Took 0ms to process request-750-textDocument/semanticTokens/range on Thread 3368
Took 0ms to process request-751-textDocument/foldingRange on Thread 3369
Took 0ms to process request-752-textDocument/codeAction on Thread 3370
Took 0ms to process request-753-textDocument/documentSymbol on Thread 3367
Took 0ms to process request-754-textDocument/inlayHint on Thread 3368
Took 0ms to process request-755-textDocument/willSaveWaitUntil on Thread 3369
Took 0ms to process notification-textDocument/didSave on Thread 3366
Took 0ms to process notification-textDocument/didChange on Thread 3366
Took 0ms to process request-756-textDocument/inlayHint on Thread 3367
Took 0ms to process request-757-textDocument/semanticTokens/range on Thread 3368
Took 0ms to process request-758-textDocument/foldingRange on Thread 3369
Took 0ms to process request-759-textDocument/codeAction on Thread 3370
Took 0ms to process request-760-textDocument/documentSymbol on Thread 3367
Took 0ms to process notification-textDocument/didChange on Thread 3366
Took 0ms to process request-761-textDocument/inlayHint on Thread 3369
Took 0ms to process request-762-textDocument/semanticTokens/range on Thread 3370
Took 0ms to process request-763-textDocument/foldingRange on Thread 3367
Took 0ms to process request-764-textDocument/documentSymbol on Thread 3368
Took 0ms to process notification-textDocument/didChange on Thread 3366
Took 2ms to process request-765-textDocument/completion on Thread 3370
Took 0ms to process request-766-textDocument/inlayHint on Thread 3367
Took 0ms to process request-767-textDocument/semanticTokens/range on Thread 3368
Took 0ms to process request-768-textDocument/foldingRange on Thread 3369
Took 0ms to process request-769-textDocument/codeAction on Thread 3370
Took 0ms to process request-770-textDocument/documentSymbol on Thread 3367
Took 0ms to process notification-textDocument/didChange on Thread 3366
Took 0ms to process request-771-textDocument/inlayHint on Thread 3369
Took 0ms to process request-772-textDocument/semanticTokens/range on Thread 3370
Took 0ms to process request-773-textDocument/foldingRange on Thread 3367
Took 0ms to process notification-textDocument/didChange on Thread 3366
Took 1ms to process request-774-textDocument/completion on Thread 3369
Took 0ms to process request-775-textDocument/inlayHint on Thread 3370
Took 0ms to process request-776-textDocument/semanticTokens/range on Thread 3367
Took 0ms to process request-777-textDocument/foldingRange on Thread 3368
Took 0ms to process request-778-textDocument/codeAction on Thread 3369
Took 0ms to process notification-textDocument/didChange on Thread 3366
Took 1ms to process request-779-textDocument/completion on Thread 3367
Took 0ms to process request-780-textDocument/inlayHint on Thread 3368
Took 0ms to process request-781-textDocument/semanticTokens/range on Thread 3369
Took 0ms to process request-782-textDocument/foldingRange on Thread 3370
Took 0ms to process request-783-textDocument/codeAction on Thread 3367
Took 0ms to process request-784-textDocument/documentSymbol on Thread 3368
Took 0ms to process request-785-textDocument/inlayHint on Thread 3369
Took 0ms to process notification-other on Thread 3370
Took 0ms to process request-786-textDocument/inlayHint on Thread 3370
Took 0ms to process request-787-textDocument/semanticTokens/range on Thread 3368
Took 0ms to process request-788-textDocument/willSaveWaitUntil on Thread 3369
Took 0ms to process notification-textDocument/didSave on Thread 3366
Took 0ms to process request-789-textDocument/codeAction on Thread 3367
Took 0ms to process notification-textDocument/didChange on Thread 3366
Took 0ms to process request-790-textDocument/inlayHint on Thread 3368
Took 0ms to process request-791-textDocument/semanticTokens/range on Thread 3369
Took 0ms to process request-792-textDocument/foldingRange on Thread 3367
Took 17ms to process request-793-textDocument/codeAction on Thread 3370
Took 0ms to process request-794-textDocument/documentSymbol on Thread 3368
Took 0ms to process request-795-textDocument/inlayHint on Thread 3369
Took 0ms to process request-796-textDocument/willSaveWaitUntil on Thread 3367
Took 0ms to process notification-textDocument/didSave on Thread 3366
Took 0ms to process notification-textDocument/didChange on Thread 3366
Took 0ms to process request-797-textDocument/inlayHint on Thread 3368
Took 0ms to process request-798-textDocument/semanticTokens/range on Thread 3369
Took 0ms to process request-799-textDocument/foldingRange on Thread 3367
Took 0ms to process request-800-textDocument/documentSymbol on Thread 3370
Took 0ms to process notification-textDocument/didChange on Thread 3366
Took 0ms to process request-801-textDocument/inlayHint on Thread 3369
Took 0ms to process request-802-textDocument/semanticTokens/range on Thread 3367
Took 0ms to process request-803-textDocument/foldingRange on Thread 3370
Took 0ms to process notification-textDocument/didChange on Thread 3366
Took 0ms to process request-804-textDocument/completion on Thread 3369
Took 0ms to process request-805-textDocument/inlayHint on Thread 3367
Took 0ms to process request-806-textDocument/semanticTokens/range on Thread 3370
Took 0ms to process notification-textDocument/didChange on Thread 3366
Took 0ms to process request-807-textDocument/completion on Thread 3369
Took 0ms to process request-808-textDocument/inlayHint on Thread 3367
Took 0ms to process request-809-textDocument/semanticTokens/range on Thread 3370
Took 0ms to process request-810-textDocument/foldingRange on Thread 3369
Took 16ms to process request-811-textDocument/codeAction on Thread 3368
Took 0ms to process request-812-textDocument/documentSymbol on Thread 3367
Took 0ms to process notification-textDocument/didChange on Thread 3366
Took 0ms to process request-813-textDocument/inlayHint on Thread 3369
Took 0ms to process request-814-textDocument/semanticTokens/range on Thread 3368
Took 0ms to process request-815-textDocument/foldingRange on Thread 3367
Took 0ms to process request-816-textDocument/documentSymbol on Thread 3370
Took 0ms to process notification-textDocument/didChange on Thread 3366
Took 0ms to process request-817-textDocument/inlayHint on Thread 3368
Took 0ms to process request-818-textDocument/semanticTokens/range on Thread 3367
Took 0ms to process request-819-textDocument/foldingRange on Thread 3370
Took 18ms to process request-820-textDocument/codeAction on Thread 3369
Took 0ms to process request-821-textDocument/documentSymbol on Thread 3368
Took 0ms to process notification-textDocument/didChange on Thread 3366
Took 0ms to process request-822-textDocument/inlayHint on Thread 3370
Took 0ms to process request-823-textDocument/semanticTokens/range on Thread 3369
Took 0ms to process notification-textDocument/didChange on Thread 3366
Took 0ms to process request-824-textDocument/inlayHint on Thread 3367
Took 0ms to process request-825-textDocument/semanticTokens/range on Thread 3370
Took 0ms to process notification-textDocument/didChange on Thread 3366
Took 0ms to process request-826-textDocument/inlayHint on Thread 3368
Took 0ms to process request-827-textDocument/semanticTokens/range on Thread 3367
Took 0ms to process request-828-textDocument/foldingRange on Thread 3370
Took 0ms to process notification-textDocument/didChange on Thread 3366
Took 0ms to process request-829-textDocument/inlayHint on Thread 3368
Took 0ms to process notification-textDocument/didChange on Thread 3366
Took 0ms to process request-830-textDocument/inlayHint on Thread 3370
Took 0ms to process request-831-textDocument/semanticTokens/range on Thread 3369
Took 0ms to process notification-textDocument/didChange on Thread 3366
Took 0ms to process request-832-textDocument/inlayHint on Thread 3367
Took 0ms to process request-833-textDocument/semanticTokens/range on Thread 3370
Took 0ms to process notification-textDocument/didChange on Thread 3366
Took 0ms to process request-834-textDocument/inlayHint on Thread 3368
Took 0ms to process request-835-textDocument/semanticTokens/range on Thread 3367
Took 0ms to process notification-textDocument/didChange on Thread 3366
Took 0ms to process request-836-textDocument/inlayHint on Thread 3369
Took 0ms to process request-837-textDocument/semanticTokens/range on Thread 3368
Took 0ms to process notification-textDocument/didChange on Thread 3366
Took 0ms to process request-838-textDocument/inlayHint on Thread 3370
Took 0ms to process request-839-textDocument/semanticTokens/range on Thread 3369
Took 0ms to process notification-textDocument/didChange on Thread 3366
Took 0ms to process request-840-textDocument/inlayHint on Thread 3367
Took 0ms to process request-841-textDocument/semanticTokens/range on Thread 3370
Took 0ms to process request-842-textDocument/foldingRange on Thread 3369
Took 16ms to process request-843-textDocument/codeAction on Thread 3368
Took 0ms to process notification-textDocument/didChange on Thread 3366
Took 0ms to process request-844-textDocument/inlayHint on Thread 3370
Took 0ms to process request-845-textDocument/semanticTokens/range on Thread 3369
Took 0ms to process request-846-textDocument/foldingRange on Thread 3368
Took 0ms to process notification-textDocument/didChange on Thread 3366
Took 0ms to process request-847-textDocument/inlayHint on Thread 3370
Took 0ms to process request-848-textDocument/semanticTokens/range on Thread 3369
Took 0ms to process notification-textDocument/didChange on Thread 3366
Took 0ms to process request-849-textDocument/inlayHint on Thread 3367
Took 0ms to process request-850-textDocument/semanticTokens/range on Thread 3370
Took 0ms to process notification-textDocument/didChange on Thread 3366
Took 0ms to process request-851-textDocument/inlayHint on Thread 3368
Took 0ms to process request-852-textDocument/semanticTokens/range on Thread 3367
Took 0ms to process request-853-textDocument/foldingRange on Thread 3370
Took 0ms to process notification-textDocument/didChange on Thread 3366
Took 0ms to process request-854-textDocument/inlayHint on Thread 3368
Took 0ms to process request-855-textDocument/semanticTokens/range on Thread 3367
Took 0ms to process request-856-textDocument/foldingRange on Thread 3370
Took 0ms to process notification-textDocument/didChange on Thread 3366
Took 0ms to process request-857-textDocument/inlayHint on Thread 3368
Took 0ms to process request-858-textDocument/semanticTokens/range on Thread 3367
Took 0ms to process request-859-textDocument/foldingRange on Thread 3370
Took 18ms to process request-860-textDocument/codeAction on Thread 3369
Took 0ms to process notification-textDocument/didChange on Thread 3366
Took 0ms to process notification-other on Thread 3367
Took 0ms to process request-861-textDocument/inlayHint on Thread 3370
Took 0ms to process request-862-textDocument/semanticTokens/range on Thread 3369
Took 0ms to process request-863-textDocument/foldingRange on Thread 3367
Took 0ms to process notification-textDocument/didChange on Thread 3366
Took 0ms to process request-864-textDocument/inlayHint on Thread 3370
Took 0ms to process request-865-textDocument/semanticTokens/range on Thread 3369
Took 0ms to process request-866-textDocument/foldingRange on Thread 3367
Took 0ms to process notification-textDocument/didChange on Thread 3366
Took 0ms to process request-867-textDocument/inlayHint on Thread 3370
Took 0ms to process request-868-textDocument/semanticTokens/range on Thread 3369
Took 0ms to process notification-textDocument/didChange on Thread 3366
Took 0ms to process request-869-textDocument/inlayHint on Thread 3368
Took 0ms to process request-870-textDocument/semanticTokens/range on Thread 3370
Took 0ms to process notification-textDocument/didChange on Thread 3366
Took 0ms to process request-871-textDocument/inlayHint on Thread 3367
Took 0ms to process notification-textDocument/didChange on Thread 3366
Took 0ms to process request-872-textDocument/inlayHint on Thread 3370
Took 0ms to process request-873-textDocument/semanticTokens/range on Thread 3369
Took 0ms to process request-874-textDocument/foldingRange on Thread 3367
Took 16ms to process request-875-textDocument/codeAction on Thread 3368
Took 0ms to process notification-textDocument/didChange on Thread 3366
Took 0ms to process request-876-textDocument/inlayHint on Thread 3369
Took 0ms to process request-877-textDocument/semanticTokens/range on Thread 3367
Took 0ms to process request-878-textDocument/foldingRange on Thread 3368
Took 0ms to process notification-textDocument/didChange on Thread 3366
Took 0ms to process request-879-textDocument/inlayHint on Thread 3369
Took 0ms to process request-880-textDocument/semanticTokens/range on Thread 3367
Took 0ms to process notification-textDocument/didChange on Thread 3366
Took 0ms to process request-881-textDocument/inlayHint on Thread 3370
Took 0ms to process request-882-textDocument/semanticTokens/range on Thread 3369
Took 0ms to process notification-textDocument/didChange on Thread 3366
Took 0ms to process request-883-textDocument/inlayHint on Thread 3368
Took 0ms to process request-884-textDocument/semanticTokens/range on Thread 3370
Took 0ms to process request-885-textDocument/foldingRange on Thread 3369
Took 0ms to process notification-textDocument/didChange on Thread 3366
Took 0ms to process request-886-textDocument/inlayHint on Thread 3368
Took 0ms to process request-887-textDocument/semanticTokens/range on Thread 3370
Took 0ms to process notification-textDocument/didChange on Thread 3366
Took 0ms to process request-888-textDocument/inlayHint on Thread 3367
Took 0ms to process request-889-textDocument/semanticTokens/range on Thread 3368
Took 0ms to process request-890-textDocument/foldingRange on Thread 3370
Took 0ms to process notification-textDocument/didChange on Thread 3366
Took 0ms to process request-891-textDocument/inlayHint on Thread 3367
Took 0ms to process request-892-textDocument/semanticTokens/range on Thread 3368
Took 0ms to process request-893-textDocument/foldingRange on Thread 3370
Took 17ms to process request-894-textDocument/codeAction on Thread 3369
Took 0ms to process request-895-textDocument/documentSymbol on Thread 3367
Took 0ms to process notification-textDocument/didChange on Thread 3366
Took 0ms to process request-896-textDocument/inlayHint on Thread 3370
Took 0ms to process request-897-textDocument/semanticTokens/range on Thread 3369
Took 0ms to process request-898-textDocument/foldingRange on Thread 3367
Took 0ms to process notification-textDocument/didChange on Thread 3366
Took 0ms to process request-899-textDocument/inlayHint on Thread 3370
Took 0ms to process request-900-textDocument/semanticTokens/range on Thread 3369
Took 0ms to process notification-textDocument/didChange on Thread 3366
Took 0ms to process request-901-textDocument/inlayHint on Thread 3368
Took 0ms to process request-902-textDocument/semanticTokens/range on Thread 3370
Took 0ms to process notification-textDocument/didChange on Thread 3366
Took 0ms to process request-903-textDocument/inlayHint on Thread 3367
Took 0ms to process request-904-textDocument/semanticTokens/range on Thread 3368
Took 0ms to process notification-textDocument/didChange on Thread 3366
Took 0ms to process request-905-textDocument/inlayHint on Thread 3369
Took 0ms to process request-906-textDocument/semanticTokens/range on Thread 3367
Took 0ms to process request-907-textDocument/foldingRange on Thread 3368
Took 0ms to process notification-textDocument/didChange on Thread 3366
Took 0ms to process request-908-textDocument/inlayHint on Thread 3369
Took 0ms to process request-909-textDocument/semanticTokens/range on Thread 3367
Took 0ms to process notification-textDocument/didChange on Thread 3366
Took 0ms to process request-910-textDocument/inlayHint on Thread 3370
Took 1ms to process request-911-textDocument/semanticTokens/range on Thread 3369
Took 0ms to process notification-textDocument/didChange on Thread 3366
Took 0ms to process request-912-textDocument/inlayHint on Thread 3368
Took 0ms to process request-913-textDocument/semanticTokens/range on Thread 3370
Took 0ms to process request-914-textDocument/foldingRange on Thread 3369
Took 0ms to process notification-textDocument/didChange on Thread 3366
Took 0ms to process request-915-textDocument/inlayHint on Thread 3368
Took 0ms to process request-916-textDocument/semanticTokens/range on Thread 3370
Took 0ms to process request-917-textDocument/foldingRange on Thread 3369
Took 0ms to process notification-textDocument/didChange on Thread 3366
Took 0ms to process request-918-textDocument/inlayHint on Thread 3368
Took 0ms to process request-919-textDocument/semanticTokens/range on Thread 3370
Took 0ms to process request-920-textDocument/foldingRange on Thread 3369
Took 0ms to process notification-textDocument/didChange on Thread 3366
Took 0ms to process request-921-textDocument/inlayHint on Thread 3368
Took 0ms to process request-922-textDocument/semanticTokens/range on Thread 3370
Took 0ms to process notification-textDocument/didChange on Thread 3366
Took 0ms to process request-923-textDocument/inlayHint on Thread 3367
Took 0ms to process request-924-textDocument/semanticTokens/range on Thread 3368
Took 0ms to process request-925-textDocument/foldingRange on Thread 3370
Took 0ms to process notification-textDocument/didChange on Thread 3366
Took 0ms to process request-926-textDocument/inlayHint on Thread 3367
Took 0ms to process request-927-textDocument/semanticTokens/range on Thread 3368
Took 0ms to process notification-textDocument/didChange on Thread 3366
Took 0ms to process request-928-textDocument/inlayHint on Thread 3369
Took 0ms to process request-929-textDocument/semanticTokens/range on Thread 3367
Took 0ms to process request-930-textDocument/foldingRange on Thread 3368
Took 17ms to process request-931-textDocument/codeAction on Thread 3370
Took 0ms to process request-932-textDocument/documentSymbol on Thread 3369
Took 0ms to process request-933-textDocument/inlayHint on Thread 3367
Took 0ms to process request-934-textDocument/willSaveWaitUntil on Thread 3368
Took 0ms to process notification-textDocument/didSave on Thread 3366
Took 0ms to process request-935-textDocument/documentHighlight on Thread 3370
Took 0ms to process notification-textDocument/didChange on Thread 3366
Took 0ms to process request-936-textDocument/inlayHint on Thread 3367
Took 0ms to process request-937-textDocument/semanticTokens/range on Thread 3368
Took 0ms to process request-938-textDocument/foldingRange on Thread 3370
Took 16ms to process request-939-textDocument/codeAction on Thread 3369
Took 0ms to process request-940-textDocument/documentSymbol on Thread 3367
Took 0ms to process notification-textDocument/didChange on Thread 3366
Took 0ms to process request-941-textDocument/inlayHint on Thread 3370
Took 0ms to process notification-textDocument/didChange on Thread 3366
Took 0ms to process request-942-textDocument/inlayHint on Thread 3367
Took 0ms to process notification-textDocument/didChange on Thread 3366
Took 0ms to process request-943-textDocument/inlayHint on Thread 3370
Took 0ms to process notification-textDocument/didChange on Thread 3366
Took 0ms to process request-944-textDocument/inlayHint on Thread 3367
Took 0ms to process notification-textDocument/didChange on Thread 3366
Took 0ms to process request-945-textDocument/inlayHint on Thread 3370
Took 0ms to process notification-textDocument/didChange on Thread 3366
Took 0ms to process request-946-textDocument/inlayHint on Thread 3367
Took 0ms to process notification-textDocument/didChange on Thread 3366
Took 0ms to process request-947-textDocument/inlayHint on Thread 3370
Took 0ms to process notification-textDocument/didChange on Thread 3366
Took 0ms to process request-948-textDocument/inlayHint on Thread 3367
Took 0ms to process notification-textDocument/didChange on Thread 3366
Took 0ms to process request-949-textDocument/inlayHint on Thread 3370
Took 0ms to process notification-textDocument/didChange on Thread 3366
Took 0ms to process request-950-textDocument/inlayHint on Thread 3367
Took 0ms to process notification-textDocument/didChange on Thread 3366
Took 0ms to process request-951-textDocument/inlayHint on Thread 3370
Took 0ms to process notification-textDocument/didChange on Thread 3366
Took 0ms to process request-952-textDocument/inlayHint on Thread 3367
Took 0ms to process notification-textDocument/didChange on Thread 3366
Took 0ms to process request-953-textDocument/inlayHint on Thread 3370
Took 0ms to process notification-textDocument/didChange on Thread 3366
Took 0ms to process request-954-textDocument/inlayHint on Thread 3367
Took 0ms to process notification-textDocument/didChange on Thread 3366
Took 0ms to process request-955-textDocument/inlayHint on Thread 3370
Took 0ms to process notification-textDocument/didChange on Thread 3366
Took 0ms to process request-956-textDocument/inlayHint on Thread 3367
Took 0ms to process notification-textDocument/didChange on Thread 3366
Took 0ms to process request-957-textDocument/inlayHint on Thread 3370
Took 0ms to process notification-textDocument/didChange on Thread 3366
Took 0ms to process request-958-textDocument/inlayHint on Thread 3367
Took 0ms to process notification-textDocument/didChange on Thread 3366
Took 0ms to process request-959-textDocument/inlayHint on Thread 3370
Took 0ms to process notification-textDocument/didChange on Thread 3366
Took 0ms to process request-960-textDocument/inlayHint on Thread 3367
Took 0ms to process notification-textDocument/didChange on Thread 3366
Took 0ms to process request-961-textDocument/inlayHint on Thread 3370
Took 0ms to process notification-textDocument/didChange on Thread 3366
Took 0ms to process request-962-textDocument/inlayHint on Thread 3367
Took 0ms to process notification-textDocument/didChange on Thread 3366
Took 0ms to process request-963-textDocument/inlayHint on Thread 3370
Took 0ms to process notification-textDocument/didChange on Thread 3366
Took 0ms to process request-964-textDocument/inlayHint on Thread 3367
Took 0ms to process notification-textDocument/didChange on Thread 3366
Took 0ms to process request-965-textDocument/inlayHint on Thread 3370
Took 0ms to process notification-textDocument/didChange on Thread 3366
Took 0ms to process request-966-textDocument/inlayHint on Thread 3367
Took 0ms to process notification-textDocument/didChange on Thread 3366
Took 0ms to process notification-textDocument/didChange on Thread 3366
Took 0ms to process notification-textDocument/didChange on Thread 3366
Took 0ms to process notification-textDocument/didChange on Thread 3366
Took 0ms to process request-967-textDocument/inlayHint on Thread 3368
Took 0ms to process notification-textDocument/didChange on Thread 3366
Took 0ms to process request-968-textDocument/inlayHint on Thread 3369
Took 0ms to process notification-textDocument/didChange on Thread 3366
Took 0ms to process request-969-textDocument/inlayHint on Thread 3368
Took 0ms to process notification-textDocument/didChange on Thread 3366
Took 0ms to process request-970-textDocument/inlayHint on Thread 3369
Took 0ms to process notification-textDocument/didChange on Thread 3366
Took 0ms to process request-971-textDocument/inlayHint on Thread 3368
Took 0ms to process notification-textDocument/didChange on Thread 3366
Took 0ms to process request-972-textDocument/inlayHint on Thread 3369
Took 0ms to process notification-textDocument/didChange on Thread 3366
Took 0ms to process request-973-textDocument/inlayHint on Thread 3368
Took 0ms to process notification-textDocument/didChange on Thread 3366
Took 0ms to process request-974-textDocument/inlayHint on Thread 3369
Took 0ms to process notification-textDocument/didChange on Thread 3366
Took 0ms to process request-975-textDocument/inlayHint on Thread 3368
Took 0ms to process notification-textDocument/didChange on Thread 3366
Took 0ms to process request-976-textDocument/inlayHint on Thread 3369
Took 0ms to process notification-textDocument/didChange on Thread 3366
Took 0ms to process request-977-textDocument/inlayHint on Thread 3368
Took 0ms to process request-978-textDocument/semanticTokens/range on Thread 3370
Took 0ms to process notification-textDocument/didChange on Thread 3366
Took 0ms to process request-979-textDocument/inlayHint on Thread 3367
Took 0ms to process request-980-textDocument/semanticTokens/range on Thread 3368
Took 0ms to process notification-textDocument/didChange on Thread 3366
Took 0ms to process request-981-textDocument/inlayHint on Thread 3369
Took 0ms to process request-982-textDocument/semanticTokens/range on Thread 3367
Took 0ms to process request-983-textDocument/foldingRange on Thread 3368
Took 0ms to process notification-textDocument/didChange on Thread 3366
Took 0ms to process request-984-textDocument/inlayHint on Thread 3369
Took 0ms to process request-985-textDocument/semanticTokens/range on Thread 3367
Took 0ms to process request-986-textDocument/foldingRange on Thread 3368
Took 0ms to process request-987-textDocument/documentSymbol on Thread 3370
Took 0ms to process notification-textDocument/didChange on Thread 3366
Took 0ms to process request-988-textDocument/inlayHint on Thread 3367
Took 0ms to process request-989-textDocument/semanticTokens/range on Thread 3368
Took 0ms to process request-990-textDocument/foldingRange on Thread 3370
Took 0ms to process notification-textDocument/didChange on Thread 3366
Took 0ms to process request-991-textDocument/inlayHint on Thread 3367
Took 0ms to process request-992-textDocument/semanticTokens/range on Thread 3368
Took 0ms to process notification-textDocument/didChange on Thread 3366
Took 0ms to process request-993-textDocument/inlayHint on Thread 3369
Took 0ms to process request-994-textDocument/semanticTokens/range on Thread 3367
Took 0ms to process request-995-textDocument/foldingRange on Thread 3368
Took 0ms to process notification-textDocument/didChange on Thread 3366
Took 0ms to process request-996-textDocument/inlayHint on Thread 3369
Took 0ms to process request-997-textDocument/semanticTokens/range on Thread 3367
Took 0ms to process notification-textDocument/didChange on Thread 3366
Took 0ms to process request-998-textDocument/inlayHint on Thread 3370
Took 0ms to process request-999-textDocument/semanticTokens/range on Thread 3369
Took 0ms to process request-1000-textDocument/foldingRange on Thread 3367
Took 16ms to process request-1001-textDocument/codeAction on Thread 3368
Took 0ms to process request-1002-textDocument/documentSymbol on Thread 3370
Took 0ms to process notification-textDocument/didChange on Thread 3366
Took 0ms to process request-1003-textDocument/inlayHint on Thread 3367
Took 0ms to process request-1004-textDocument/semanticTokens/range on Thread 3368
Took 0ms to process request-1005-textDocument/foldingRange on Thread 3370
Took 0ms to process notification-textDocument/didChange on Thread 3366
Took 0ms to process request-1006-textDocument/inlayHint on Thread 3367
Took 0ms to process request-1007-textDocument/semanticTokens/range on Thread 3368
Took 0ms to process notification-textDocument/didChange on Thread 3366
Took 0ms to process request-1008-textDocument/inlayHint on Thread 3369
Took 0ms to process request-1009-textDocument/semanticTokens/range on Thread 3367
Took 0ms to process notification-textDocument/didChange on Thread 3366
Took 0ms to process request-1010-textDocument/inlayHint on Thread 3370
Took 0ms to process notification-textDocument/didChange on Thread 3366
Took 0ms to process request-1011-textDocument/inlayHint on Thread 3367
Took 0ms to process request-1012-textDocument/semanticTokens/range on Thread 3368
Took 0ms to process request-1013-textDocument/foldingRange on Thread 3370
Took 0ms to process notification-textDocument/didChange on Thread 3366
Took 0ms to process request-1014-textDocument/inlayHint on Thread 3367
Took 0ms to process request-1015-textDocument/semanticTokens/range on Thread 3368
Took 0ms to process request-1016-textDocument/foldingRange on Thread 3370
Took 0ms to process notification-textDocument/didChange on Thread 3366
Took 0ms to process request-1017-textDocument/inlayHint on Thread 3367
Took 0ms to process request-1018-textDocument/semanticTokens/range on Thread 3368
Took 0ms to process request-1019-textDocument/foldingRange on Thread 3370
Took 0ms to process request-1020-textDocument/documentSymbol on Thread 3369
Took 0ms to process notification-textDocument/didChange on Thread 3366
Took 0ms to process request-1021-textDocument/inlayHint on Thread 3368
Took 0ms to process request-1022-textDocument/semanticTokens/range on Thread 3370
Took 0ms to process notification-textDocument/didChange on Thread 3366
Took 0ms to process request-1023-textDocument/inlayHint on Thread 3367
Took 0ms to process request-1024-textDocument/semanticTokens/range on Thread 3368
Took 0ms to process notification-textDocument/didChange on Thread 3366
Took 0ms to process request-1025-textDocument/inlayHint on Thread 3369
Took 0ms to process request-1026-textDocument/semanticTokens/range on Thread 3367
Took 0ms to process request-1027-textDocument/foldingRange on Thread 3368
Took 16ms to process request-1028-textDocument/codeAction on Thread 3370
Took 0ms to process request-1029-textDocument/documentSymbol on Thread 3369
Took 0ms to process notification-textDocument/didChange on Thread 3366
Took 0ms to process request-1030-textDocument/inlayHint on Thread 3368
Took 0ms to process request-1031-textDocument/semanticTokens/range on Thread 3370
Took 0ms to process notification-textDocument/didChange on Thread 3366
Took 0ms to process request-1032-textDocument/inlayHint on Thread 3367
Took 0ms to process request-1033-textDocument/semanticTokens/range on Thread 3368
Took 0ms to process request-1034-textDocument/foldingRange on Thread 3370
Took 0ms to process notification-textDocument/didChange on Thread 3366
Took 0ms to process request-1035-textDocument/inlayHint on Thread 3367
Took 0ms to process request-1036-textDocument/semanticTokens/range on Thread 3368
Took 0ms to process request-1037-textDocument/foldingRange on Thread 3370
Took 0ms to process notification-textDocument/didChange on Thread 3366
Took 0ms to process request-1038-textDocument/inlayHint on Thread 3367
Took 0ms to process request-1039-textDocument/semanticTokens/range on Thread 3368
Took 0ms to process request-1040-textDocument/foldingRange on Thread 3370
Took 16ms to process request-1041-textDocument/codeAction on Thread 3369
Took 0ms to process notification-textDocument/didChange on Thread 3366
Took 0ms to process request-1042-textDocument/inlayHint on Thread 3368
Took 0ms to process request-1043-textDocument/semanticTokens/range on Thread 3370
Took 0ms to process request-1044-textDocument/foldingRange on Thread 3369
Took 19ms to process request-1045-textDocument/codeAction on Thread 3367
Took 0ms to process notification-textDocument/didChange on Thread 3366
Took 0ms to process notification-other on Thread 3368
Took 0ms to process request-1046-textDocument/inlayHint on Thread 3369
Took 0ms to process request-1047-textDocument/semanticTokens/range on Thread 3367
Took 0ms to process request-1048-textDocument/foldingRange on Thread 3368
Took 17ms to process request-1049-textDocument/codeAction on Thread 3370
Took 0ms to process request-1050-textDocument/documentSymbol on Thread 3369
Took 0ms to process request-1051-textDocument/inlayHint on Thread 3367
Took 0ms to process notification-textDocument/didChange on Thread 3366
Took 0ms to process request-1052-textDocument/inlayHint on Thread 3370
Took 0ms to process request-1053-textDocument/semanticTokens/range on Thread 3369
Took 0ms to process notification-textDocument/didChange on Thread 3366
Took 0ms to process request-1054-textDocument/inlayHint on Thread 3368
Took 0ms to process request-1055-textDocument/semanticTokens/range on Thread 3370
Took 0ms to process request-1056-textDocument/foldingRange on Thread 3369
Took 16ms to process request-1057-textDocument/codeAction on Thread 3367
Took 0ms to process request-1058-textDocument/documentSymbol on Thread 3368
Took 0ms to process notification-textDocument/didChange on Thread 3366
Took 0ms to process request-1059-textDocument/inlayHint on Thread 3369
Took 0ms to process request-1060-textDocument/semanticTokens/range on Thread 3367
Took 0ms to process request-1061-textDocument/foldingRange on Thread 3368
Took 0ms to process notification-textDocument/didChange on Thread 3366
Took 0ms to process request-1062-textDocument/inlayHint on Thread 3369
Took 0ms to process request-1063-textDocument/semanticTokens/range on Thread 3367
Took 0ms to process request-1064-textDocument/foldingRange on Thread 3368
Took 0ms to process notification-textDocument/didChange on Thread 3366
Took 0ms to process request-1065-textDocument/inlayHint on Thread 3369
Took 0ms to process request-1066-textDocument/semanticTokens/range on Thread 3367
Took 0ms to process notification-textDocument/didChange on Thread 3366
Took 0ms to process request-1067-textDocument/inlayHint on Thread 3370
Took 0ms to process request-1068-textDocument/semanticTokens/range on Thread 3369
Took 0ms to process notification-textDocument/didChange on Thread 3366
Took 0ms to process request-1069-textDocument/inlayHint on Thread 3368
Took 0ms to process request-1070-textDocument/semanticTokens/range on Thread 3370
Took 0ms to process notification-textDocument/didChange on Thread 3366
Took 0ms to process notification-textDocument/didChange on Thread 3366
Took 0ms to process request-1071-textDocument/inlayHint on Thread 3368
Took 0ms to process request-1072-textDocument/semanticTokens/range on Thread 3370
Took 0ms to process request-1073-textDocument/foldingRange on Thread 3369
Took 0ms to process notification-textDocument/didChange on Thread 3366
Took 0ms to process request-1074-textDocument/inlayHint on Thread 3368
Took 0ms to process request-1075-textDocument/semanticTokens/range on Thread 3370
Took 0ms to process request-1076-textDocument/foldingRange on Thread 3369
Took 17ms to process request-1077-textDocument/codeAction on Thread 3367
Took 0ms to process request-1078-textDocument/documentSymbol on Thread 3368
Took 0ms to process notification-textDocument/didChange on Thread 3366
Took 0ms to process request-1079-textDocument/inlayHint on Thread 3369
Took 0ms to process request-1080-textDocument/semanticTokens/range on Thread 3367
Took 0ms to process notification-textDocument/didChange on Thread 3366
Took 0ms to process request-1081-textDocument/inlayHint on Thread 3370
Took 0ms to process request-1082-textDocument/semanticTokens/range on Thread 3369
Took 0ms to process notification-textDocument/didChange on Thread 3366
Took 0ms to process request-1083-textDocument/inlayHint on Thread 3368
Took 0ms to process request-1084-textDocument/semanticTokens/range on Thread 3370
Took 0ms to process request-1085-textDocument/foldingRange on Thread 3369
Took 17ms to process request-1086-textDocument/codeAction on Thread 3367
Took 0ms to process notification-textDocument/didChange on Thread 3366
Took 0ms to process request-1087-textDocument/inlayHint on Thread 3370
Took 0ms to process request-1088-textDocument/semanticTokens/range on Thread 3369
Took 0ms to process notification-textDocument/didChange on Thread 3366
Took 0ms to process request-1089-textDocument/inlayHint on Thread 3368
Took 0ms to process request-1090-textDocument/semanticTokens/range on Thread 3370
Took 0ms to process request-1091-textDocument/foldingRange on Thread 3369
Took 0ms to process notification-textDocument/didChange on Thread 3366
Took 0ms to process request-1092-textDocument/inlayHint on Thread 3368
Took 0ms to process request-1093-textDocument/semanticTokens/range on Thread 3370
Took 0ms to process request-1094-textDocument/foldingRange on Thread 3369
Took 16ms to process request-1095-textDocument/codeAction on Thread 3367
Took 0ms to process request-1096-textDocument/documentSymbol on Thread 3368
Took 0ms to process notification-textDocument/didChange on Thread 3366
Took 0ms to process request-1097-textDocument/inlayHint on Thread 3369
Took 0ms to process request-1098-textDocument/semanticTokens/range on Thread 3367
Took 0ms to process request-1099-textDocument/foldingRange on Thread 3368
Took 0ms to process request-1100-textDocument/documentSymbol on Thread 3370
Took 0ms to process request-1101-textDocument/inlayHint on Thread 3369
Took 0ms to process request-1102-textDocument/willSaveWaitUntil on Thread 3367
Took 0ms to process notification-textDocument/didSave on Thread 3366
Took 0ms to process notification-textDocument/didChange on Thread 3366
Took 0ms to process request-1103-textDocument/inlayHint on Thread 3370
Took 0ms to process request-1104-textDocument/semanticTokens/range on Thread 3369
Took 0ms to process request-1105-textDocument/foldingRange on Thread 3367
Took 17ms to process request-1106-textDocument/codeAction on Thread 3368
Took 0ms to process request-1107-textDocument/documentSymbol on Thread 3370
Took 0ms to process notification-textDocument/didChange on Thread 3366
Took 0ms to process request-1108-textDocument/inlayHint on Thread 3367
Took 0ms to process request-1109-textDocument/semanticTokens/range on Thread 3368
Took 0ms to process request-1110-textDocument/foldingRange on Thread 3370
Took 0ms to process notification-textDocument/didChange on Thread 3366
Took 0ms to process request-1111-textDocument/inlayHint on Thread 3367
Took 0ms to process request-1112-textDocument/semanticTokens/range on Thread 3368
Took 0ms to process notification-textDocument/didChange on Thread 3366
Took 0ms to process request-1113-textDocument/inlayHint on Thread 3369
Took 0ms to process request-1114-textDocument/semanticTokens/range on Thread 3367
Took 0ms to process notification-textDocument/didChange on Thread 3366
Took 0ms to process request-1115-textDocument/inlayHint on Thread 3370
Took 0ms to process request-1116-textDocument/semanticTokens/range on Thread 3369
Took 0ms to process notification-textDocument/didChange on Thread 3366
Took 0ms to process request-1117-textDocument/inlayHint on Thread 3368
Took 0ms to process request-1118-textDocument/semanticTokens/range on Thread 3370
Took 0ms to process notification-textDocument/didChange on Thread 3366
Took 0ms to process request-1119-textDocument/inlayHint on Thread 3367
Took 0ms to process request-1120-textDocument/semanticTokens/range on Thread 3368
Took 0ms to process notification-textDocument/didChange on Thread 3366
Took 0ms to process request-1121-textDocument/inlayHint on Thread 3369
Took 0ms to process request-1122-textDocument/semanticTokens/range on Thread 3367
Took 0ms to process request-1123-textDocument/foldingRange on Thread 3368
Took 0ms to process notification-textDocument/didChange on Thread 3366
Took 0ms to process request-1124-textDocument/inlayHint on Thread 3369
Took 0ms to process request-1125-textDocument/semanticTokens/range on Thread 3367
Took 0ms to process request-1126-textDocument/foldingRange on Thread 3368
Took 20ms to process request-1127-textDocument/codeAction on Thread 3370
Took 0ms to process request-1128-textDocument/documentSymbol on Thread 3369
Took 0ms to process request-1129-textDocument/inlayHint on Thread 3367
Took 0ms to process notification-textDocument/didChange on Thread 3366
Took 0ms to process request-1130-textDocument/inlayHint on Thread 3370
Took 0ms to process request-1131-textDocument/semanticTokens/range on Thread 3369
Took 0ms to process request-1132-textDocument/foldingRange on Thread 3367
Took 0ms to process request-1133-textDocument/documentSymbol on Thread 3368
Took 0ms to process notification-textDocument/didChange on Thread 3366
Took 0ms to process request-1134-textDocument/inlayHint on Thread 3369
Took 0ms to process request-1135-textDocument/semanticTokens/range on Thread 3367
Took 0ms to process request-1136-textDocument/foldingRange on Thread 3368
Took 16ms to process request-1137-textDocument/codeAction on Thread 3370
Took 0ms to process notification-textDocument/didChange on Thread 3366
Took 0ms to process request-1138-textDocument/inlayHint on Thread 3367
Took 0ms to process request-1139-textDocument/semanticTokens/range on Thread 3368
Took 0ms to process request-1140-textDocument/foldingRange on Thread 3370
Took 16ms to process request-1141-textDocument/codeAction on Thread 3369
Took 0ms to process request-1142-textDocument/documentSymbol on Thread 3367
Took 0ms to process notification-textDocument/didChange on Thread 3366
Took 0ms to process request-1143-textDocument/inlayHint on Thread 3370
Took 0ms to process request-1144-textDocument/semanticTokens/range on Thread 3369
Took 0ms to process request-1145-textDocument/foldingRange on Thread 3367
Took 16ms to process request-1146-textDocument/codeAction on Thread 3368
Took 0ms to process request-1147-textDocument/documentSymbol on Thread 3370
Took 0ms to process notification-textDocument/didChange on Thread 3366
Took 0ms to process request-1148-textDocument/inlayHint on Thread 3367
Took 0ms to process request-1149-textDocument/semanticTokens/range on Thread 3368
Took 0ms to process notification-textDocument/didChange on Thread 3366
Took 0ms to process request-1150-textDocument/inlayHint on Thread 3369
Took 0ms to process request-1151-textDocument/semanticTokens/range on Thread 3367
Took 0ms to process request-1152-textDocument/foldingRange on Thread 3368
Took 16ms to process request-1153-textDocument/codeAction on Thread 3370
Took 0ms to process request-1154-textDocument/documentSymbol on Thread 3369
Took 0ms to process notification-textDocument/didChange on Thread 3366
Took 0ms to process request-1155-textDocument/inlayHint on Thread 3368
Took 0ms to process request-1156-textDocument/semanticTokens/range on Thread 3370
Took 0ms to process request-1157-textDocument/foldingRange on Thread 3369
Took 0ms to process request-1158-textDocument/documentSymbol on Thread 3367
Took 0ms to process notification-textDocument/didChange on Thread 3366
Took 0ms to process request-1159-textDocument/inlayHint on Thread 3370
Took 0ms to process request-1160-textDocument/semanticTokens/range on Thread 3369
Took 0ms to process notification-textDocument/didChange on Thread 3366
Took 0ms to process request-1161-textDocument/inlayHint on Thread 3368
Took 0ms to process request-1162-textDocument/semanticTokens/range on Thread 3370
Took 0ms to process notification-textDocument/didChange on Thread 3366
Took 0ms to process request-1163-textDocument/inlayHint on Thread 3367
Took 0ms to process request-1164-textDocument/semanticTokens/range on Thread 3368
Took 0ms to process notification-textDocument/didChange on Thread 3366
Took 0ms to process request-1165-textDocument/inlayHint on Thread 3369
Took 0ms to process request-1166-textDocument/semanticTokens/range on Thread 3367
Took 0ms to process notification-textDocument/didChange on Thread 3366
Took 0ms to process request-1167-textDocument/inlayHint on Thread 3370
Took 0ms to process request-1168-textDocument/semanticTokens/range on Thread 3369
Took 0ms to process notification-textDocument/didChange on Thread 3366
Took 0ms to process request-1169-textDocument/inlayHint on Thread 3368
Took 0ms to process request-1170-textDocument/semanticTokens/range on Thread 3370
Took 0ms to process notification-textDocument/didChange on Thread 3366
Took 0ms to process request-1171-textDocument/inlayHint on Thread 3367
Took 0ms to process request-1172-textDocument/semanticTokens/range on Thread 3368
Took 0ms to process request-1173-textDocument/foldingRange on Thread 3370
Took 0ms to process notification-textDocument/didChange on Thread 3366
Took 0ms to process request-1174-textDocument/inlayHint on Thread 3367
Took 0ms to process request-1175-textDocument/semanticTokens/range on Thread 3368
Took 0ms to process request-1176-textDocument/foldingRange on Thread 3370
Took 20ms to process request-1177-textDocument/codeAction on Thread 3369
Took 0ms to process request-1178-textDocument/documentSymbol on Thread 3367
Took 0ms to process notification-textDocument/didChange on Thread 3366
Took 0ms to process request-1179-textDocument/inlayHint on Thread 3370
Took 0ms to process request-1180-textDocument/semanticTokens/range on Thread 3369
Took 0ms to process request-1181-textDocument/foldingRange on Thread 3367
Took 16ms to process request-1182-textDocument/codeAction on Thread 3368
Took 0ms to process request-1183-textDocument/documentSymbol on Thread 3370
Took 0ms to process request-1184-textDocument/inlayHint on Thread 3369
Took 0ms to process notification-textDocument/didChange on Thread 3366
Took 0ms to process request-1185-textDocument/inlayHint on Thread 3368
Took 0ms to process request-1186-textDocument/semanticTokens/range on Thread 3370
Took 0ms to process request-1187-textDocument/foldingRange on Thread 3369
Took 0ms to process request-1188-textDocument/documentSymbol on Thread 3367
Took 0ms to process notification-textDocument/didChange on Thread 3366
Took 0ms to process request-1189-textDocument/inlayHint on Thread 3370
Took 0ms to process request-1190-textDocument/semanticTokens/range on Thread 3369
Took 0ms to process notification-textDocument/didChange on Thread 3366
Took 0ms to process request-1191-textDocument/inlayHint on Thread 3368
Took 0ms to process request-1192-textDocument/semanticTokens/range on Thread 3370
Took 0ms to process request-1193-textDocument/foldingRange on Thread 3369
Took 0ms to process notification-textDocument/didChange on Thread 3366
Took 0ms to process request-1194-textDocument/inlayHint on Thread 3368
Took 0ms to process request-1195-textDocument/semanticTokens/range on Thread 3370
Took 0ms to process notification-textDocument/didChange on Thread 3366
Took 0ms to process request-1196-textDocument/inlayHint on Thread 3367
Took 0ms to process request-1197-textDocument/semanticTokens/range on Thread 3368
Took 0ms to process notification-textDocument/didChange on Thread 3366
Took 0ms to process request-1198-textDocument/inlayHint on Thread 3369
Took 0ms to process request-1199-textDocument/semanticTokens/range on Thread 3367
Took 0ms to process notification-textDocument/didChange on Thread 3366
Took 0ms to process request-1200-textDocument/inlayHint on Thread 3370
Took 0ms to process request-1201-textDocument/semanticTokens/range on Thread 3369
Took 0ms to process request-1202-textDocument/foldingRange on Thread 3367
Took 17ms to process request-1203-textDocument/codeAction on Thread 3368
Took 0ms to process request-1204-textDocument/documentSymbol on Thread 3370
Took 0ms to process notification-textDocument/didChange on Thread 3366
Took 0ms to process request-1205-textDocument/inlayHint on Thread 3367
Took 0ms to process request-1206-textDocument/semanticTokens/range on Thread 3368
Took 0ms to process request-1207-textDocument/foldingRange on Thread 3370
Took 0ms to process notification-textDocument/didChange on Thread 3366
Took 0ms to process request-1208-textDocument/inlayHint on Thread 3367
Took 0ms to process request-1209-textDocument/semanticTokens/range on Thread 3368
Took 0ms to process request-1210-textDocument/foldingRange on Thread 3370
Took 17ms to process request-1211-textDocument/codeAction on Thread 3369
Took 0ms to process notification-textDocument/didChange on Thread 3366
Took 0ms to process request-1212-textDocument/inlayHint on Thread 3368
Took 0ms to process request-1213-textDocument/semanticTokens/range on Thread 3370
Took 0ms to process notification-textDocument/didChange on Thread 3366
Took 0ms to process request-1214-textDocument/inlayHint on Thread 3367
Took 0ms to process request-1215-textDocument/semanticTokens/range on Thread 3368
Took 0ms to process notification-textDocument/didChange on Thread 3366
Took 0ms to process request-1216-textDocument/inlayHint on Thread 3369
Took 0ms to process request-1217-textDocument/semanticTokens/range on Thread 3367
Took 0ms to process notification-textDocument/didChange on Thread 3366
Took 0ms to process request-1218-textDocument/inlayHint on Thread 3370
Took 0ms to process request-1219-textDocument/semanticTokens/range on Thread 3369
Took 0ms to process request-1220-textDocument/foldingRange on Thread 3367
Took 16ms to process request-1221-textDocument/codeAction on Thread 3368
Took 0ms to process request-1222-textDocument/documentSymbol on Thread 3370
Took 0ms to process notification-textDocument/didChange on Thread 3366
Took 0ms to process request-1223-textDocument/inlayHint on Thread 3367
Took 0ms to process request-1224-textDocument/semanticTokens/range on Thread 3368
Took 0ms to process request-1225-textDocument/foldingRange on Thread 3370
Took 0ms to process request-1226-textDocument/documentSymbol on Thread 3369
Took 0ms to process request-1227-textDocument/inlayHint on Thread 3367
Took 0ms to process notification-textDocument/didChange on Thread 3366
Took 0ms to process request-1228-textDocument/inlayHint on Thread 3370
Took 0ms to process request-1229-textDocument/semanticTokens/range on Thread 3369
Took 0ms to process notification-textDocument/didChange on Thread 3366
Took 0ms to process request-1230-textDocument/inlayHint on Thread 3368
Took 0ms to process request-1231-textDocument/semanticTokens/range on Thread 3370
Took 0ms to process notification-textDocument/didChange on Thread 3366
Took 0ms to process request-1232-textDocument/inlayHint on Thread 3367
Took 0ms to process request-1233-textDocument/semanticTokens/range on Thread 3368
Took 0ms to process request-1234-textDocument/foldingRange on Thread 3370
Took 0ms to process notification-textDocument/didChange on Thread 3366
Took 0ms to process request-1235-textDocument/inlayHint on Thread 3367
Took 0ms to process request-1236-textDocument/semanticTokens/range on Thread 3368
Took 0ms to process request-1237-textDocument/foldingRange on Thread 3370
Took 0ms to process notification-textDocument/didChange on Thread 3366
Took 0ms to process request-1238-textDocument/inlayHint on Thread 3367
Took 0ms to process request-1239-textDocument/semanticTokens/range on Thread 3368
Took 0ms to process notification-textDocument/didChange on Thread 3366
Took 0ms to process request-1240-textDocument/inlayHint on Thread 3369
Took 0ms to process request-1241-textDocument/semanticTokens/range on Thread 3367
Took 0ms to process notification-textDocument/didChange on Thread 3366
Took 0ms to process request-1242-textDocument/inlayHint on Thread 3370
Took 0ms to process request-1243-textDocument/semanticTokens/range on Thread 3369
Took 0ms to process request-1244-textDocument/foldingRange on Thread 3367
Took 16ms to process request-1245-textDocument/codeAction on Thread 3368
Took 0ms to process notification-textDocument/didChange on Thread 3366
Took 0ms to process request-1246-textDocument/inlayHint on Thread 3369
Took 0ms to process request-1247-textDocument/semanticTokens/range on Thread 3367
Took 0ms to process notification-textDocument/didChange on Thread 3366
Took 0ms to process request-1248-textDocument/inlayHint on Thread 3370
Took 0ms to process request-1249-textDocument/semanticTokens/range on Thread 3369
Took 0ms to process request-1250-textDocument/foldingRange on Thread 3367
Took 0ms to process notification-textDocument/didChange on Thread 3366
Took 0ms to process request-1251-textDocument/inlayHint on Thread 3370
Took 1ms to process request-1252-textDocument/semanticTokens/range on Thread 3369
Took 0ms to process notification-textDocument/didChange on Thread 3366
Took 0ms to process request-1253-textDocument/inlayHint on Thread 3368
Took 0ms to process request-1254-textDocument/semanticTokens/range on Thread 3370
Took 0ms to process notification-textDocument/didChange on Thread 3366
Took 0ms to process request-1255-textDocument/inlayHint on Thread 3367
Took 0ms to process request-1256-textDocument/semanticTokens/range on Thread 3368
Took 0ms to process request-1257-textDocument/foldingRange on Thread 3370
Took 17ms to process request-1258-textDocument/codeAction on Thread 3369
Took 0ms to process request-1259-textDocument/documentSymbol on Thread 3367
Took 0ms to process notification-textDocument/didChange on Thread 3366
Took 0ms to process request-1260-textDocument/inlayHint on Thread 3370
Took 0ms to process request-1261-textDocument/semanticTokens/range on Thread 3369
Took 0ms to process request-1262-textDocument/foldingRange on Thread 3367
Took 0ms to process request-1263-textDocument/documentSymbol on Thread 3368
Took 0ms to process request-1264-textDocument/inlayHint on Thread 3370
Took 0ms to process request-1265-textDocument/willSaveWaitUntil on Thread 3369
Took 0ms to process notification-textDocument/didSave on Thread 3366
Took 0ms to process notification-textDocument/didChange on Thread 3366
Took 0ms to process request-1266-textDocument/inlayHint on Thread 3368
Took 0ms to process request-1267-textDocument/semanticTokens/range on Thread 3370
Took 0ms to process request-1268-textDocument/foldingRange on Thread 3369
Took 0ms to process notification-textDocument/didChange on Thread 3366
Took 0ms to process request-1269-textDocument/inlayHint on Thread 3368
Took 0ms to process request-1270-textDocument/semanticTokens/range on Thread 3370
Took 0ms to process request-1271-textDocument/foldingRange on Thread 3369
Took 0ms to process notification-textDocument/didChange on Thread 3366
Took 0ms to process request-1272-textDocument/inlayHint on Thread 3368
Took 0ms to process request-1273-textDocument/semanticTokens/range on Thread 3370
Took 0ms to process notification-textDocument/didChange on Thread 3366
Took 0ms to process request-1274-textDocument/inlayHint on Thread 3367
Took 0ms to process request-1275-textDocument/semanticTokens/range on Thread 3368
Took 0ms to process request-1276-textDocument/foldingRange on Thread 3370
Took 18ms to process request-1277-textDocument/codeAction on Thread 3369
Took 0ms to process request-1278-textDocument/documentSymbol on Thread 3367
Took 0ms to process notification-textDocument/didChange on Thread 3366
Took 0ms to process request-1279-textDocument/inlayHint on Thread 3370
Took 0ms to process request-1280-textDocument/semanticTokens/range on Thread 3369
Took 0ms to process request-1281-textDocument/foldingRange on Thread 3367
Took 0ms to process request-1282-textDocument/documentSymbol on Thread 3368
Took 0ms to process request-1283-textDocument/inlayHint on Thread 3370
Took 0ms to process request-1284-textDocument/willSaveWaitUntil on Thread 3369
Took 0ms to process notification-textDocument/didSave on Thread 3366
Took 0ms to process notification-textDocument/didChange on Thread 3366
Took 0ms to process request-1285-textDocument/inlayHint on Thread 3368
Took 0ms to process request-1286-textDocument/semanticTokens/range on Thread 3370
Took 0ms to process request-1287-textDocument/foldingRange on Thread 3369
Took 12ms to process request-1288-textDocument/codeAction on Thread 3367
Took 0ms to process request-1289-textDocument/documentSymbol on Thread 3368
Took 0ms to process notification-textDocument/didChange on Thread 3366
Took 0ms to process request-1290-textDocument/completion on Thread 3369
Took 0ms to process request-1291-textDocument/inlayHint on Thread 3367
Took 0ms to process request-1292-textDocument/semanticTokens/range on Thread 3368
Took 0ms to process request-1293-textDocument/foldingRange on Thread 3369
Took 0ms to process notification-textDocument/didChange on Thread 3366
Took 0ms to process request-1294-textDocument/inlayHint on Thread 3367
Took 0ms to process request-1295-textDocument/semanticTokens/range on Thread 3368
Took 0ms to process notification-textDocument/didChange on Thread 3366
Took 0ms to process request-1296-textDocument/completion on Thread 3370
Took 0ms to process request-1297-textDocument/inlayHint on Thread 3367
Took 0ms to process request-1298-textDocument/semanticTokens/range on Thread 3368
Took 0ms to process request-1299-textDocument/foldingRange on Thread 3370
Took 17ms to process request-1300-textDocument/codeAction on Thread 3369
Took 0ms to process request-1301-textDocument/documentSymbol on Thread 3367
Took 0ms to process notification-textDocument/didChange on Thread 3366
Took 0ms to process request-1302-textDocument/inlayHint on Thread 3370
Took 0ms to process request-1303-textDocument/semanticTokens/range on Thread 3369
Took 0ms to process request-1304-textDocument/foldingRange on Thread 3367
Took 0ms to process request-1305-textDocument/documentSymbol on Thread 3368
Took 0ms to process notification-textDocument/didChange on Thread 3366
Took 0ms to process request-1306-textDocument/inlayHint on Thread 3369
Took 0ms to process request-1307-textDocument/semanticTokens/range on Thread 3367
Took 0ms to process request-1308-textDocument/foldingRange on Thread 3368
Took 0ms to process notification-textDocument/didChange on Thread 3366
Took 0ms to process request-1309-textDocument/inlayHint on Thread 3369
Took 0ms to process request-1310-textDocument/semanticTokens/range on Thread 3367
Took 0ms to process request-1311-textDocument/foldingRange on Thread 3368
Took 17ms to process request-1312-textDocument/codeAction on Thread 3370
Took 0ms to process request-1313-textDocument/documentSymbol on Thread 3369
Took 0ms to process notification-textDocument/didChange on Thread 3366
Took 0ms to process request-1314-textDocument/inlayHint on Thread 3368
Took 0ms to process request-1315-textDocument/semanticTokens/range on Thread 3370
Took 0ms to process request-1316-textDocument/foldingRange on Thread 3369
Took 0ms to process notification-textDocument/didChange on Thread 3366
Took 0ms to process request-1317-textDocument/inlayHint on Thread 3368
Took 0ms to process request-1318-textDocument/semanticTokens/range on Thread 3370
Took 0ms to process request-1319-textDocument/foldingRange on Thread 3369
Took 0ms to process notification-textDocument/didChange on Thread 3366
Took 0ms to process request-1320-textDocument/inlayHint on Thread 3368
Took 0ms to process request-1321-textDocument/semanticTokens/range on Thread 3370
Took 0ms to process request-1322-textDocument/foldingRange on Thread 3369
Took 16ms to process request-1323-textDocument/codeAction on Thread 3367
Took 0ms to process request-1324-textDocument/documentSymbol on Thread 3368
Took 0ms to process request-1325-textDocument/inlayHint on Thread 3370
Took 0ms to process notification-textDocument/didChange on Thread 3366
Took 0ms to process request-1326-textDocument/inlayHint on Thread 3367
Took 0ms to process request-1327-textDocument/semanticTokens/range on Thread 3368
Took 0ms to process notification-textDocument/didChange on Thread 3366
Took 0ms to process request-1328-textDocument/inlayHint on Thread 3369
Took 0ms to process request-1329-textDocument/semanticTokens/range on Thread 3367
Took 0ms to process notification-textDocument/didChange on Thread 3366
Took 0ms to process request-1330-textDocument/inlayHint on Thread 3370
Took 0ms to process notification-textDocument/didChange on Thread 3366
Took 0ms to process request-1331-textDocument/inlayHint on Thread 3367
Took 0ms to process request-1332-textDocument/semanticTokens/range on Thread 3368
Took 0ms to process notification-textDocument/didChange on Thread 3366
Took 0ms to process request-1333-textDocument/inlayHint on Thread 3369
Took 0ms to process request-1334-textDocument/semanticTokens/range on Thread 3367
Took 0ms to process request-1335-textDocument/foldingRange on Thread 3368
Took 0ms to process request-1336-textDocument/documentSymbol on Thread 3370
Took 0ms to process notification-textDocument/didChange on Thread 3366
Took 0ms to process request-1337-textDocument/inlayHint on Thread 3367
Took 0ms to process request-1338-textDocument/semanticTokens/range on Thread 3368
Took 0ms to process request-1339-textDocument/foldingRange on Thread 3370
Took 0ms to process notification-textDocument/didChange on Thread 3366
Took 0ms to process request-1340-textDocument/inlayHint on Thread 3367
Took 0ms to process request-1341-textDocument/semanticTokens/range on Thread 3368
Took 0ms to process request-1342-textDocument/foldingRange on Thread 3370
Took 17ms to process request-1343-textDocument/codeAction on Thread 3369
Took 0ms to process notification-textDocument/didChange on Thread 3366
Took 0ms to process request-1344-textDocument/inlayHint on Thread 3368
Took 0ms to process request-1345-textDocument/semanticTokens/range on Thread 3370
Took 0ms to process request-1346-textDocument/foldingRange on Thread 3369
Took 0ms to process notification-textDocument/didChange on Thread 3366
Took 0ms to process request-1347-textDocument/inlayHint on Thread 3368
Took 0ms to process request-1348-textDocument/semanticTokens/range on Thread 3370
Took 0ms to process notification-textDocument/didChange on Thread 3366
Took 0ms to process request-1349-textDocument/inlayHint on Thread 3367
Took 0ms to process request-1350-textDocument/semanticTokens/range on Thread 3368
Took 0ms to process request-1351-textDocument/foldingRange on Thread 3370
Took 16ms to process request-1352-textDocument/codeAction on Thread 3369
Took 0ms to process request-1353-textDocument/documentSymbol on Thread 3367
Took 0ms to process notification-textDocument/didChange on Thread 3366
Took 0ms to process request-1354-textDocument/inlayHint on Thread 3370
Took 0ms to process request-1355-textDocument/semanticTokens/range on Thread 3369
Took 0ms to process request-1356-textDocument/foldingRange on Thread 3367
Took 0ms to process request-1357-textDocument/documentSymbol on Thread 3368
Took 0ms to process notification-textDocument/didChange on Thread 3366
Took 0ms to process request-1358-textDocument/inlayHint on Thread 3369
Took 0ms to process request-1359-textDocument/semanticTokens/range on Thread 3367
Took 0ms to process notification-textDocument/didChange on Thread 3366
Took 0ms to process request-1360-textDocument/inlayHint on Thread 3370
Took 0ms to process request-1361-textDocument/semanticTokens/range on Thread 3369
Took 0ms to process notification-textDocument/didChange on Thread 3366
Took 0ms to process request-1362-textDocument/inlayHint on Thread 3368
Took 0ms to process request-1363-textDocument/semanticTokens/range on Thread 3370
Took 0ms to process notification-textDocument/didChange on Thread 3366
Took 0ms to process request-1364-textDocument/inlayHint on Thread 3367
Took 0ms to process request-1365-textDocument/semanticTokens/range on Thread 3368
Took 0ms to process notification-textDocument/didChange on Thread 3366
Took 0ms to process request-1366-textDocument/inlayHint on Thread 3369
Took 0ms to process request-1367-textDocument/semanticTokens/range on Thread 3367
Took 0ms to process notification-textDocument/didChange on Thread 3366
Took 0ms to process request-1368-textDocument/inlayHint on Thread 3370
Took 0ms to process request-1369-textDocument/semanticTokens/range on Thread 3369
Took 0ms to process request-1370-textDocument/foldingRange on Thread 3367
Took 12ms to process request-1371-textDocument/codeAction on Thread 3368
Took 0ms to process notification-textDocument/didChange on Thread 3366
Took 0ms to process request-1372-textDocument/inlayHint on Thread 3369
Took 0ms to process request-1373-textDocument/semanticTokens/range on Thread 3367
Took 0ms to process notification-textDocument/didChange on Thread 3366
Took 0ms to process request-1374-textDocument/inlayHint on Thread 3370
Took 0ms to process request-1375-textDocument/semanticTokens/range on Thread 3369
Took 0ms to process request-1376-textDocument/foldingRange on Thread 3367
Took 17ms to process request-1377-textDocument/codeAction on Thread 3368
Took 0ms to process request-1378-textDocument/documentSymbol on Thread 3370
Took 0ms to process notification-textDocument/didChange on Thread 3366
Took 0ms to process request-1379-textDocument/inlayHint on Thread 3367
Took 0ms to process request-1380-textDocument/semanticTokens/range on Thread 3368
Took 0ms to process notification-textDocument/didChange on Thread 3366
Took 0ms to process request-1381-textDocument/inlayHint on Thread 3369
Took 0ms to process request-1382-textDocument/semanticTokens/range on Thread 3367
Took 0ms to process request-1383-textDocument/foldingRange on Thread 3368
Took 0ms to process notification-textDocument/didChange on Thread 3366
Took 0ms to process request-1384-textDocument/inlayHint on Thread 3369
Took 0ms to process request-1385-textDocument/semanticTokens/range on Thread 3367
Took 0ms to process notification-textDocument/didChange on Thread 3366
Took 0ms to process request-1386-textDocument/inlayHint on Thread 3370
Took 0ms to process request-1387-textDocument/semanticTokens/range on Thread 3369
Took 0ms to process request-1388-textDocument/foldingRange on Thread 3367
Took 18ms to process request-1389-textDocument/codeAction on Thread 3368
Took 0ms to process request-1390-textDocument/documentSymbol on Thread 3370
Took 0ms to process request-1391-textDocument/inlayHint on Thread 3369
Took 0ms to process request-1392-textDocument/willSaveWaitUntil on Thread 3367
Took 0ms to process notification-textDocument/didSave on Thread 3366
Took 0ms to process request-1393-textDocument/hover on Thread 3368
Took 0ms to process notification-textDocument/didChange on Thread 3366
Took 0ms to process request-1394-textDocument/inlayHint on Thread 3369
Took 0ms to process request-1395-textDocument/semanticTokens/range on Thread 3367
Took 0ms to process request-1396-textDocument/foldingRange on Thread 3368
Took 0ms to process request-1397-textDocument/documentSymbol on Thread 3370
Took 0ms to process request-1398-textDocument/inlayHint on Thread 3369
Took 0ms to process request-1399-textDocument/willSaveWaitUntil on Thread 3367
Took 0ms to process notification-textDocument/didSave on Thread 3366
Took 0ms to process notification-textDocument/didChange on Thread 3366
Took 0ms to process request-1400-textDocument/inlayHint on Thread 3370
Took 0ms to process request-1401-textDocument/semanticTokens/range on Thread 3369
Took 0ms to process request-1402-textDocument/foldingRange on Thread 3367
Took 0ms to process notification-textDocument/didChange on Thread 3366
Took 0ms to process request-1403-textDocument/completion on Thread 3370
Took 0ms to process request-1404-textDocument/inlayHint on Thread 3369
Took 0ms to process request-1405-textDocument/semanticTokens/range on Thread 3367
Took 0ms to process notification-textDocument/didChange on Thread 3366
Took 0ms to process request-1406-textDocument/completion on Thread 3370
Took 0ms to process request-1407-textDocument/inlayHint on Thread 3369
Took 0ms to process request-1408-textDocument/semanticTokens/range on Thread 3367
Took 0ms to process request-1409-textDocument/foldingRange on Thread 3370
Took 16ms to process request-1410-textDocument/codeAction on Thread 3368
Took 0ms to process request-1411-textDocument/documentSymbol on Thread 3369
Took 0ms to process notification-textDocument/didChange on Thread 3366
Took 0ms to process request-1412-textDocument/inlayHint on Thread 3370
Took 0ms to process request-1413-textDocument/semanticTokens/range on Thread 3368
Took 0ms to process request-1414-textDocument/foldingRange on Thread 3369
Took 0ms to process request-1415-textDocument/documentSymbol on Thread 3367
Took 0ms to process notification-textDocument/didChange on Thread 3366
Took 0ms to process request-1416-textDocument/inlayHint on Thread 3368
Took 0ms to process request-1417-textDocument/semanticTokens/range on Thread 3369
Took 0ms to process request-1418-textDocument/foldingRange on Thread 3367
Took 16ms to process request-1419-textDocument/codeAction on Thread 3370
Took 0ms to process request-1420-textDocument/documentSymbol on Thread 3368
Took 0ms to process notification-textDocument/didChange on Thread 3366
Took 0ms to process request-1421-textDocument/inlayHint on Thread 3367
Took 0ms to process request-1422-textDocument/semanticTokens/range on Thread 3370
Took 0ms to process notification-textDocument/didChange on Thread 3366
Took 0ms to process request-1423-textDocument/inlayHint on Thread 3369
Took 0ms to process request-1424-textDocument/semanticTokens/range on Thread 3367
Took 0ms to process request-1425-textDocument/foldingRange on Thread 3370
Took 0ms to process notification-textDocument/didChange on Thread 3366
Took 0ms to process request-1426-textDocument/inlayHint on Thread 3369
Took 0ms to process request-1427-textDocument/semanticTokens/range on Thread 3367
Took 0ms to process request-1428-textDocument/foldingRange on Thread 3370
Took 0ms to process notification-textDocument/didChange on Thread 3366
Took 0ms to process request-1429-textDocument/inlayHint on Thread 3369
Took 0ms to process request-1430-textDocument/semanticTokens/range on Thread 3367
Took 0ms to process notification-textDocument/didChange on Thread 3366
Took 0ms to process request-1431-textDocument/inlayHint on Thread 3368
Took 0ms to process request-1432-textDocument/semanticTokens/range on Thread 3369
Took 0ms to process request-1433-textDocument/foldingRange on Thread 3367
Took 17ms to process request-1434-textDocument/codeAction on Thread 3370
Took 0ms to process notification-textDocument/didChange on Thread 3366
Took 0ms to process request-1435-textDocument/inlayHint on Thread 3369
Took 0ms to process request-1436-textDocument/semanticTokens/range on Thread 3367
Took 0ms to process request-1437-textDocument/foldingRange on Thread 3370
Took 0ms to process request-1438-textDocument/documentSymbol on Thread 3368
Took 0ms to process request-1439-textDocument/inlayHint on Thread 3369
Took 0ms to process request-1440-textDocument/willSaveWaitUntil on Thread 3367
Took 0ms to process notification-textDocument/didSave on Thread 3366
Took 0ms to process notification-textDocument/didChange on Thread 3366
Took 0ms to process request-1441-textDocument/inlayHint on Thread 3368
Took 0ms to process request-1442-textDocument/semanticTokens/range on Thread 3369
Took 0ms to process request-1443-textDocument/foldingRange on Thread 3367
Took 0ms to process notification-textDocument/didChange on Thread 3366
Took 0ms to process request-1444-textDocument/inlayHint on Thread 3368
Took 0ms to process request-1445-textDocument/semanticTokens/range on Thread 3369
Took 0ms to process request-1446-textDocument/foldingRange on Thread 3367
Took 0ms to process notification-textDocument/didChange on Thread 3366
Took 0ms to process request-1447-textDocument/inlayHint on Thread 3368
Took 0ms to process request-1448-textDocument/semanticTokens/range on Thread 3369
Took 0ms to process request-1449-textDocument/foldingRange on Thread 3367
Took 16ms to process request-1450-textDocument/codeAction on Thread 3370
Took 0ms to process notification-textDocument/didChange on Thread 3366
Took 0ms to process request-1451-textDocument/inlayHint on Thread 3369
Took 0ms to process request-1452-textDocument/semanticTokens/range on Thread 3367
Took 0ms to process request-1453-textDocument/foldingRange on Thread 3370
Took 0ms to process notification-textDocument/didChange on Thread 3366
Took 0ms to process request-1454-textDocument/inlayHint on Thread 3369
Took 0ms to process request-1455-textDocument/semanticTokens/range on Thread 3367
Took 0ms to process request-1456-textDocument/foldingRange on Thread 3370
Took 17ms to process request-1457-textDocument/codeAction on Thread 3368
Took 0ms to process notification-textDocument/didChange on Thread 3366
Took 0ms to process request-1458-textDocument/inlayHint on Thread 3367
Took 0ms to process request-1459-textDocument/semanticTokens/range on Thread 3370
Took 0ms to process request-1460-textDocument/foldingRange on Thread 3368
Took 0ms to process notification-textDocument/didChange on Thread 3366
Took 0ms to process request-1461-textDocument/inlayHint on Thread 3367
Took 0ms to process request-1462-textDocument/semanticTokens/range on Thread 3370
Took 0ms to process notification-textDocument/didChange on Thread 3366
Took 0ms to process request-1463-textDocument/inlayHint on Thread 3369
Took 0ms to process request-1464-textDocument/semanticTokens/range on Thread 3367
Took 0ms to process notification-textDocument/didChange on Thread 3366
Took 0ms to process request-1465-textDocument/inlayHint on Thread 3368
Took 0ms to process request-1466-textDocument/semanticTokens/range on Thread 3369
Took 0ms to process notification-textDocument/didChange on Thread 3366
Took 0ms to process request-1467-textDocument/inlayHint on Thread 3370
Took 0ms to process notification-textDocument/didChange on Thread 3366
Took 0ms to process request-1468-textDocument/inlayHint on Thread 3369
Took 0ms to process request-1469-textDocument/semanticTokens/range on Thread 3367
Took 0ms to process notification-textDocument/didChange on Thread 3366
Took 0ms to process request-1470-textDocument/inlayHint on Thread 3368
Took 0ms to process request-1471-textDocument/semanticTokens/range on Thread 3369
Took 0ms to process notification-textDocument/didChange on Thread 3366
Took 0ms to process request-1472-textDocument/inlayHint on Thread 3370
Took 0ms to process request-1473-textDocument/semanticTokens/range on Thread 3368
Took 0ms to process request-1474-textDocument/foldingRange on Thread 3369
Took 0ms to process notification-textDocument/didChange on Thread 3366
Took 0ms to process request-1475-textDocument/inlayHint on Thread 3370
Took 0ms to process request-1476-textDocument/semanticTokens/range on Thread 3368
Took 0ms to process request-1477-textDocument/foldingRange on Thread 3369
Took 0ms to process notification-textDocument/didChange on Thread 3366
Took 0ms to process request-1478-textDocument/inlayHint on Thread 3370
Took 0ms to process request-1479-textDocument/semanticTokens/range on Thread 3368
Took 0ms to process request-1480-textDocument/foldingRange on Thread 3369
Took 0ms to process notification-textDocument/didChange on Thread 3366
Took 0ms to process request-1481-textDocument/inlayHint on Thread 3370
Took 0ms to process request-1482-textDocument/semanticTokens/range on Thread 3368
Took 0ms to process notification-textDocument/didChange on Thread 3366
Took 0ms to process request-1483-textDocument/inlayHint on Thread 3367
Took 0ms to process request-1484-textDocument/semanticTokens/range on Thread 3370
Took 0ms to process request-1485-textDocument/foldingRange on Thread 3368
Took 0ms to process notification-textDocument/didChange on Thread 3366
Took 0ms to process request-1486-textDocument/inlayHint on Thread 3367
Took 0ms to process notification-textDocument/didChange on Thread 3366
Took 0ms to process request-1487-textDocument/inlayHint on Thread 3368
Took 0ms to process request-1488-textDocument/semanticTokens/range on Thread 3369
Took 0ms to process notification-textDocument/didChange on Thread 3366
Took 0ms to process request-1489-textDocument/inlayHint on Thread 3370
Took 0ms to process request-1490-textDocument/semanticTokens/range on Thread 3368
Took 0ms to process request-1491-textDocument/foldingRange on Thread 3369
Took 16ms to process request-1492-textDocument/codeAction on Thread 3367
Took 0ms to process request-1493-textDocument/documentSymbol on Thread 3370
Took 0ms to process notification-textDocument/didChange on Thread 3366
Took 0ms to process request-1494-textDocument/inlayHint on Thread 3369
Took 0ms to process request-1495-textDocument/semanticTokens/range on Thread 3367
Took 0ms to process request-1496-textDocument/foldingRange on Thread 3370
Took 0ms to process notification-textDocument/didChange on Thread 3366
Took 0ms to process request-1497-textDocument/inlayHint on Thread 3369
Took 0ms to process request-1498-textDocument/semanticTokens/range on Thread 3367
Took 0ms to process notification-textDocument/didChange on Thread 3366
Took 0ms to process request-1499-textDocument/inlayHint on Thread 3368
Took 0ms to process request-1500-textDocument/semanticTokens/range on Thread 3369
Took 0ms to process notification-textDocument/didChange on Thread 3366
Took 0ms to process request-1501-textDocument/inlayHint on Thread 3370
Took 0ms to process request-1502-textDocument/semanticTokens/range on Thread 3368
Took 0ms to process request-1503-textDocument/foldingRange on Thread 3369
Took 0ms to process notification-textDocument/didChange on Thread 3366
Took 0ms to process request-1504-textDocument/inlayHint on Thread 3370
Took 0ms to process request-1505-textDocument/semanticTokens/range on Thread 3368
Took 0ms to process notification-textDocument/didChange on Thread 3366
Took 0ms to process request-1506-textDocument/inlayHint on Thread 3367
Took 0ms to process request-1507-textDocument/semanticTokens/range on Thread 3370
Took 0ms to process request-1508-textDocument/foldingRange on Thread 3368
Took 16ms to process request-1509-textDocument/codeAction on Thread 3369
Took 0ms to process request-1510-textDocument/documentSymbol on Thread 3367
Took 0ms to process request-1511-textDocument/inlayHint on Thread 3370
Took 0ms to process request-1512-textDocument/willSaveWaitUntil on Thread 3368
Took 0ms to process notification-textDocument/didSave on Thread 3366
Took 0ms to process request-1513-textDocument/documentHighlight on Thread 3369
Took 0ms to process request-1514-textDocument/hover on Thread 3367
Took 16ms to process request-1515-textDocument/codeAction on Thread 3370
Took 0ms to process request-1516-textDocument/documentHighlight on Thread 3368
Took 16ms to process request-1517-textDocument/codeAction on Thread 3369
Took 0ms to process notification-textDocument/didChange on Thread 3366
Took 0ms to process request-1518-textDocument/inlayHint on Thread 3370
Took 0ms to process request-1519-textDocument/semanticTokens/range on Thread 3368
Took 0ms to process notification-textDocument/didChange on Thread 3366
Took 0ms to process request-1520-textDocument/inlayHint on Thread 3367
Took 0ms to process request-1521-textDocument/semanticTokens/range on Thread 3370
Took 0ms to process notification-textDocument/didChange on Thread 3366
Took 0ms to process request-1522-textDocument/inlayHint on Thread 3369
Took 0ms to process request-1523-textDocument/semanticTokens/range on Thread 3367
Took 0ms to process notification-textDocument/didChange on Thread 3366
Took 0ms to process request-1524-textDocument/inlayHint on Thread 3368
Took 0ms to process request-1525-textDocument/semanticTokens/range on Thread 3369
Took 0ms to process request-1526-textDocument/foldingRange on Thread 3367
Took 12ms to process request-1527-textDocument/codeAction on Thread 3370
Took 0ms to process request-1528-textDocument/documentSymbol on Thread 3368
Took 0ms to process notification-textDocument/didChange on Thread 3366
Took 0ms to process request-1529-textDocument/inlayHint on Thread 3367
Took 0ms to process request-1530-textDocument/semanticTokens/range on Thread 3370
Took 0ms to process request-1531-textDocument/foldingRange on Thread 3368
Took 17ms to process request-1532-textDocument/codeAction on Thread 3369
Took 0ms to process request-1533-textDocument/documentSymbol on Thread 3367
Took 0ms to process request-1534-textDocument/documentHighlight on Thread 3370
Took 0ms to process request-1535-textDocument/inlayHint on Thread 3368
Took 17ms to process request-1536-textDocument/codeAction on Thread 3369
Took 0ms to process request-1537-textDocument/willSaveWaitUntil on Thread 3367
Took 0ms to process notification-textDocument/didSave on Thread 3366
Took 0ms to process request-1538-textDocument/documentHighlight on Thread 3370
Took 11ms to process request-1539-textDocument/codeAction on Thread 3368
Took 0ms to process notification-textDocument/didChange on Thread 3366
Took 0ms to process request-1540-textDocument/inlayHint on Thread 3367
Took 0ms to process request-1541-textDocument/semanticTokens/range on Thread 3370
Took 0ms to process request-1542-textDocument/foldingRange on Thread 3368
Took 0ms to process notification-textDocument/didChange on Thread 3366
Took 0ms to process request-1543-textDocument/inlayHint on Thread 3367
Took 0ms to process request-1544-textDocument/semanticTokens/range on Thread 3370
Took 0ms to process notification-textDocument/didChange on Thread 3366
Took 0ms to process request-1545-textDocument/inlayHint on Thread 3369
Took 0ms to process request-1546-textDocument/semanticTokens/range on Thread 3367
Took 0ms to process notification-textDocument/didChange on Thread 3366
Took 0ms to process request-1547-textDocument/inlayHint on Thread 3368
Took 0ms to process request-1548-textDocument/semanticTokens/range on Thread 3369
Took 0ms to process notification-textDocument/didChange on Thread 3366
Took 0ms to process request-1549-textDocument/inlayHint on Thread 3370
Took 0ms to process request-1550-textDocument/semanticTokens/range on Thread 3368
Took 0ms to process request-1551-textDocument/foldingRange on Thread 3369
Took 16ms to process request-1552-textDocument/codeAction on Thread 3367
Took 0ms to process request-1553-textDocument/documentSymbol on Thread 3370
Took 0ms to process request-1554-textDocument/inlayHint on Thread 3368
Took 0ms to process notification-textDocument/didChange on Thread 3366
Took 0ms to process request-1555-textDocument/inlayHint on Thread 3367
Took 0ms to process request-1556-textDocument/semanticTokens/range on Thread 3370
Took 0ms to process request-1557-textDocument/foldingRange on Thread 3368
Took 0ms to process notification-textDocument/didChange on Thread 3366
Took 0ms to process request-1558-textDocument/inlayHint on Thread 3367
Took 0ms to process request-1559-textDocument/semanticTokens/range on Thread 3370
Took 0ms to process request-1560-textDocument/foldingRange on Thread 3368
Took 0ms to process notification-textDocument/didChange on Thread 3366
Took 0ms to process request-1561-textDocument/inlayHint on Thread 3367
Took 0ms to process request-1562-textDocument/semanticTokens/range on Thread 3370
Took 0ms to process notification-textDocument/didChange on Thread 3366
Took 0ms to process request-1563-textDocument/inlayHint on Thread 3369
Took 0ms to process request-1564-textDocument/semanticTokens/range on Thread 3367
Took 0ms to process request-1565-textDocument/foldingRange on Thread 3370
Took 0ms to process notification-textDocument/didChange on Thread 3366
Took 0ms to process request-1566-textDocument/inlayHint on Thread 3369
Took 0ms to process request-1567-textDocument/semanticTokens/range on Thread 3367
Took 0ms to process request-1568-textDocument/foldingRange on Thread 3370
Took 16ms to process request-1569-textDocument/codeAction on Thread 3368
Took 0ms to process notification-textDocument/didChange on Thread 3366
Took 0ms to process request-1570-textDocument/inlayHint on Thread 3367
Took 0ms to process request-1571-textDocument/semanticTokens/range on Thread 3370
Took 0ms to process request-1572-textDocument/foldingRange on Thread 3368
Took 16ms to process request-1573-textDocument/codeAction on Thread 3369
Took 0ms to process request-1574-textDocument/documentSymbol on Thread 3367
Took 0ms to process request-1575-textDocument/inlayHint on Thread 3370
Took 0ms to process request-1576-textDocument/willSaveWaitUntil on Thread 3368
Took 0ms to process notification-textDocument/didSave on Thread 3366
Took 0ms to process notification-textDocument/didChange on Thread 3366
Took 0ms to process request-1577-textDocument/inlayHint on Thread 3367
Took 0ms to process request-1578-textDocument/semanticTokens/range on Thread 3370
Took 0ms to process request-1579-textDocument/foldingRange on Thread 3368
Took 0ms to process request-1580-textDocument/documentSymbol on Thread 3369
Took 0ms to process request-1581-textDocument/inlayHint on Thread 3367
Took 0ms to process request-1582-textDocument/willSaveWaitUntil on Thread 3370
Took 0ms to process notification-textDocument/didSave on Thread 3366
Took 0ms to process notification-textDocument/didChange on Thread 3366
Took 0ms to process request-1583-textDocument/completion on Thread 3369
Took 0ms to process request-1584-textDocument/inlayHint on Thread 3367
Took 0ms to process request-1585-textDocument/semanticTokens/range on Thread 3370
Took 0ms to process notification-textDocument/didChange on Thread 3366
Took 1ms to process request-1586-textDocument/completion on Thread 3369
Took 0ms to process request-1587-textDocument/inlayHint on Thread 3367
Took 0ms to process request-1588-textDocument/semanticTokens/range on Thread 3370
Took 0ms to process notification-textDocument/didChange on Thread 3366
Took 0ms to process request-1589-textDocument/inlayHint on Thread 3369
Took 0ms to process notification-textDocument/didChange on Thread 3366
Took 0ms to process request-1590-textDocument/inlayHint on Thread 3370
Took 0ms to process request-1591-textDocument/semanticTokens/range on Thread 3368
Took 0ms to process request-1592-textDocument/foldingRange on Thread 3369
Took 0ms to process request-1593-textDocument/codeAction on Thread 3367
Took 0ms to process notification-textDocument/didChange on Thread 3366
Took 0ms to process request-1594-textDocument/inlayHint on Thread 3368
Took 0ms to process request-1595-textDocument/semanticTokens/range on Thread 3369
Took 0ms to process request-1596-textDocument/foldingRange on Thread 3367
Took 0ms to process request-1597-textDocument/codeAction on Thread 3370
Took 0ms to process request-1598-textDocument/documentSymbol on Thread 3368
Took 0ms to process request-1599-textDocument/inlayHint on Thread 3369
Took 0ms to process request-1600-textDocument/willSaveWaitUntil on Thread 3367
Took 0ms to process notification-textDocument/didSave on Thread 3366
Took 0ms to process notification-textDocument/didChange on Thread 3366
Took 0ms to process request-1601-textDocument/inlayHint on Thread 3368
Took 0ms to process request-1602-textDocument/semanticTokens/range on Thread 3369
Took 0ms to process request-1603-textDocument/foldingRange on Thread 3367
Took 0ms to process request-1604-textDocument/documentSymbol on Thread 3370
Took 0ms to process request-1605-textDocument/inlayHint on Thread 3368
Took 0ms to process notification-textDocument/didChange on Thread 3366
Took 0ms to process request-1606-textDocument/completion on Thread 3367
Took 0ms to process request-1607-textDocument/inlayHint on Thread 3370
Took 0ms to process request-1608-textDocument/semanticTokens/range on Thread 3368
Took 0ms to process notification-textDocument/didChange on Thread 3366
Took 0ms to process request-1609-textDocument/inlayHint on Thread 3367
Took 0ms to process request-1610-textDocument/semanticTokens/range on Thread 3370
Took 0ms to process request-1611-textDocument/foldingRange on Thread 3368
Took 0ms to process notification-textDocument/didChange on Thread 3366
Took 0ms to process request-1612-textDocument/inlayHint on Thread 3367
Took 0ms to process request-1613-textDocument/semanticTokens/range on Thread 3370
Took 0ms to process request-1614-textDocument/foldingRange on Thread 3368
Took 0ms to process request-1615-textDocument/codeAction on Thread 3369
Took 0ms to process request-1616-textDocument/documentSymbol on Thread 3367
Took 0ms to process request-1617-textDocument/inlayHint on Thread 3370
Took 0ms to process request-1618-textDocument/willSaveWaitUntil on Thread 3368
Took 0ms to process notification-textDocument/didSave on Thread 3366
Took 0ms to process notification-textDocument/didChange on Thread 3366
Took 1ms to process request-1619-textDocument/completion on Thread 3367
Took 0ms to process request-1620-textDocument/inlayHint on Thread 3370
Took 0ms to process request-1621-textDocument/semanticTokens/range on Thread 3368
Took 0ms to process request-1622-textDocument/foldingRange on Thread 3369
Took 0ms to process request-1623-textDocument/codeAction on Thread 3367
Took 0ms to process request-1624-textDocument/documentSymbol on Thread 3370
Took 0ms to process request-1625-textDocument/inlayHint on Thread 3368
Took 0ms to process request-1626-textDocument/willSaveWaitUntil on Thread 3369
Took 0ms to process notification-textDocument/didSave on Thread 3366
Took 0ms to process notification-textDocument/didChange on Thread 3366
Took 0ms to process request-1627-textDocument/inlayHint on Thread 3370
Took 0ms to process request-1628-textDocument/semanticTokens/range on Thread 3368
Took 0ms to process request-1629-textDocument/foldingRange on Thread 3369
Took 0ms to process request-1630-textDocument/documentSymbol on Thread 3367
Took 0ms to process notification-textDocument/didChange on Thread 3366
Took 0ms to process request-1631-textDocument/inlayHint on Thread 3368
Took 0ms to process request-1632-textDocument/semanticTokens/range on Thread 3369
Took 0ms to process notification-textDocument/didChange on Thread 3366
Took 0ms to process request-1633-textDocument/inlayHint on Thread 3370
Took 0ms to process request-1634-textDocument/semanticTokens/range on Thread 3368
Took 0ms to process request-1635-textDocument/foldingRange on Thread 3369
Took 0ms to process request-1636-textDocument/documentSymbol on Thread 3367
Took 0ms to process notification-textDocument/didChange on Thread 3366
Took 2ms to process request-1637-textDocument/completion on Thread 3368
Took 0ms to process request-1638-textDocument/inlayHint on Thread 3369
Took 0ms to process request-1639-textDocument/semanticTokens/range on Thread 3367
Took 0ms to process notification-textDocument/didChange on Thread 3366
Took 0ms to process request-1640-textDocument/inlayHint on Thread 3368
Took 0ms to process request-1641-textDocument/semanticTokens/range on Thread 3369
Took 0ms to process request-1642-textDocument/foldingRange on Thread 3367
Took 0ms to process notification-textDocument/didChange on Thread 3366
Took 0ms to process request-1643-textDocument/inlayHint on Thread 3368
Took 0ms to process request-1644-textDocument/semanticTokens/range on Thread 3369
Took 0ms to process request-1645-textDocument/foldingRange on Thread 3367
Took 0ms to process notification-textDocument/didChange on Thread 3366
Took 0ms to process request-1646-textDocument/inlayHint on Thread 3368
Took 0ms to process request-1647-textDocument/semanticTokens/range on Thread 3369
Took 0ms to process request-1648-textDocument/foldingRange on Thread 3367
Took 0ms to process request-1649-textDocument/codeAction on Thread 3370
Took 0ms to process request-1650-textDocument/documentSymbol on Thread 3368
Took 0ms to process request-1651-textDocument/inlayHint on Thread 3369
Took 0ms to process notification-textDocument/didChange on Thread 3366
Took 0ms to process request-1652-textDocument/inlayHint on Thread 3370
Took 0ms to process request-1653-textDocument/semanticTokens/range on Thread 3368
Took 0ms to process notification-textDocument/didChange on Thread 3366
Took 0ms to process request-1654-textDocument/inlayHint on Thread 3367
Took 0ms to process request-1655-textDocument/semanticTokens/range on Thread 3370
Took 0ms to process request-1656-textDocument/foldingRange on Thread 3368
Took 0ms to process request-1657-textDocument/codeAction on Thread 3369
Took 0ms to process request-1658-textDocument/documentSymbol on Thread 3367
Took 0ms to process request-1659-textDocument/inlayHint on Thread 3370
Took 0ms to process request-1660-textDocument/willSaveWaitUntil on Thread 3368
Took 0ms to process notification-textDocument/didSave on Thread 3366
Took 0ms to process notification-textDocument/didChange on Thread 3366
Took 0ms to process request-1661-textDocument/inlayHint on Thread 3367
Took 0ms to process request-1662-textDocument/semanticTokens/range on Thread 3370
Took 0ms to process request-1663-textDocument/foldingRange on Thread 3368
Took 0ms to process request-1664-textDocument/documentSymbol on Thread 3369
Took 0ms to process request-1665-textDocument/inlayHint on Thread 3367
Took 0ms to process request-1666-textDocument/willSaveWaitUntil on Thread 3370
Took 0ms to process notification-textDocument/didSave on Thread 3366
Took 0ms to process notification-textDocument/didChange on Thread 3366
Took 1ms to process request-1667-textDocument/completion on Thread 3369
Took 0ms to process request-1668-textDocument/inlayHint on Thread 3367
Took 0ms to process request-1669-textDocument/semanticTokens/range on Thread 3370
Took 0ms to process notification-textDocument/didChange on Thread 3366
Took 1ms to process request-1670-textDocument/completion on Thread 3369
Took 0ms to process request-1671-textDocument/inlayHint on Thread 3367
Took 0ms to process request-1672-textDocument/semanticTokens/range on Thread 3370
Took 0ms to process request-1673-textDocument/foldingRange on Thread 3368
Took 0ms to process request-1674-textDocument/codeAction on Thread 3369
Took 0ms to process request-1675-textDocument/documentSymbol on Thread 3367
Took 0ms to process request-1676-textDocument/inlayHint on Thread 3370
Took 0ms to process request-1677-textDocument/willSaveWaitUntil on Thread 3368
Took 0ms to process notification-textDocument/didSave on Thread 3366
Took 0ms to process notification-textDocument/didChange on Thread 3366
Took 1ms to process request-1678-textDocument/completion on Thread 3367
Took 0ms to process request-1679-textDocument/inlayHint on Thread 3370
Took 0ms to process request-1680-textDocument/semanticTokens/range on Thread 3368
Took 0ms to process request-1681-textDocument/foldingRange on Thread 3369
Took 0ms to process request-1682-textDocument/codeAction on Thread 3367
Took 0ms to process request-1683-textDocument/documentSymbol on Thread 3370
Took 0ms to process notification-textDocument/didChange on Thread 3366
Took 0ms to process request-1684-textDocument/inlayHint on Thread 3369
Took 0ms to process request-1685-textDocument/semanticTokens/range on Thread 3367
Took 0ms to process notification-textDocument/didChange on Thread 3366
Took 0ms to process request-1686-textDocument/inlayHint on Thread 3368
Took 0ms to process request-1687-textDocument/semanticTokens/range on Thread 3369
Took 0ms to process notification-textDocument/didChange on Thread 3366
Took 0ms to process request-1688-textDocument/inlayHint on Thread 3370
Took 0ms to process request-1689-textDocument/semanticTokens/range on Thread 3368
Took 0ms to process request-1690-textDocument/foldingRange on Thread 3369
Took 0ms to process request-1691-textDocument/documentSymbol on Thread 3367
Took 0ms to process notification-textDocument/didChange on Thread 3366
Took 0ms to process request-1692-textDocument/inlayHint on Thread 3368
Took 0ms to process request-1693-textDocument/semanticTokens/range on Thread 3369
Took 0ms to process request-1694-textDocument/foldingRange on Thread 3367
Took 0ms to process request-1695-textDocument/codeAction on Thread 3370
Took 0ms to process request-1696-textDocument/documentSymbol on Thread 3368
Took 0ms to process request-1697-textDocument/inlayHint on Thread 3369
Took 0ms to process request-1698-textDocument/willSaveWaitUntil on Thread 3367
Took 0ms to process notification-textDocument/didSave on Thread 3366
Took 0ms to process notification-textDocument/didChange on Thread 3366
Took 0ms to process request-1699-textDocument/inlayHint on Thread 3368
Took 0ms to process request-1700-textDocument/semanticTokens/range on Thread 3369
Took 0ms to process request-1701-textDocument/foldingRange on Thread 3367
Took 0ms to process request-1702-textDocument/codeAction on Thread 3370
Took 0ms to process request-1703-textDocument/documentSymbol on Thread 3368
Took 0ms to process notification-textDocument/didChange on Thread 3366
Took 0ms to process request-1704-textDocument/inlayHint on Thread 3367
Took 0ms to process request-1705-textDocument/semanticTokens/range on Thread 3370
Took 0ms to process request-1706-textDocument/foldingRange on Thread 3368
Took 0ms to process request-1707-textDocument/documentSymbol on Thread 3369
Took 0ms to process request-1708-textDocument/inlayHint on Thread 3367
Took 0ms to process notification-textDocument/didChange on Thread 3366
Took 1ms to process request-1709-textDocument/completion on Thread 3368
Took 0ms to process request-1710-textDocument/inlayHint on Thread 3369
Took 0ms to process request-1711-textDocument/semanticTokens/range on Thread 3367
Took 0ms to process request-1712-textDocument/foldingRange on Thread 3370
Took 0ms to process request-1713-textDocument/codeAction on Thread 3368
Took 0ms to process notification-textDocument/didChange on Thread 3366
Took 1ms to process request-1714-textDocument/completion on Thread 3367
Took 0ms to process request-1715-textDocument/inlayHint on Thread 3370
Took 0ms to process request-1716-textDocument/semanticTokens/range on Thread 3368
Took 0ms to process request-1717-textDocument/foldingRange on Thread 3369
Took 0ms to process request-1718-textDocument/codeAction on Thread 3367
Took 0ms to process notification-textDocument/didChange on Thread 3366
Took 1ms to process request-1719-textDocument/completion on Thread 3368
Took 0ms to process request-1720-textDocument/inlayHint on Thread 3369
Took 0ms to process request-1721-textDocument/semanticTokens/range on Thread 3367
Took 0ms to process request-1722-textDocument/foldingRange on Thread 3370
Took 0ms to process request-1723-textDocument/codeAction on Thread 3368
Took 0ms to process request-1724-textDocument/documentSymbol on Thread 3369
Took 0ms to process notification-textDocument/didChange on Thread 3366
Took 0ms to process request-1725-textDocument/inlayHint on Thread 3370
Took 0ms to process request-1726-textDocument/semanticTokens/range on Thread 3368
Took 0ms to process notification-textDocument/didChange on Thread 3366
Took 0ms to process request-1727-textDocument/inlayHint on Thread 3367
Took 0ms to process request-1728-textDocument/semanticTokens/range on Thread 3370
Took 0ms to process notification-textDocument/didChange on Thread 3366
Took 0ms to process request-1729-textDocument/inlayHint on Thread 3369
Took 0ms to process request-1730-textDocument/semanticTokens/range on Thread 3367
Took 0ms to process request-1731-textDocument/foldingRange on Thread 3370
Took 0ms to process notification-textDocument/didChange on Thread 3366
Took 0ms to process request-1732-textDocument/inlayHint on Thread 3369
Took 0ms to process request-1733-textDocument/semanticTokens/range on Thread 3367
Took 0ms to process request-1734-textDocument/foldingRange on Thread 3370
Took 0ms to process request-1735-textDocument/codeAction on Thread 3368
Took 0ms to process request-1736-textDocument/documentSymbol on Thread 3369
Took 0ms to process notification-textDocument/didChange on Thread 3366
Took 0ms to process request-1737-textDocument/inlayHint on Thread 3370
Took 0ms to process request-1738-textDocument/semanticTokens/range on Thread 3368
Took 0ms to process request-1739-textDocument/foldingRange on Thread 3369
Took 0ms to process request-1740-textDocument/codeAction on Thread 3367
Took 0ms to process request-1741-textDocument/documentSymbol on Thread 3370
Took 0ms to process notification-textDocument/didChange on Thread 3366
Took 0ms to process request-1742-textDocument/inlayHint on Thread 3369
Took 0ms to process request-1743-textDocument/semanticTokens/range on Thread 3367
Took 0ms to process request-1744-textDocument/foldingRange on Thread 3370
Took 0ms to process request-1745-textDocument/documentSymbol on Thread 3368
Took 0ms to process request-1746-textDocument/inlayHint on Thread 3369
Took 0ms to process notification-textDocument/didChange on Thread 3366
Took 1ms to process request-1747-textDocument/completion on Thread 3370
Took 0ms to process request-1748-textDocument/inlayHint on Thread 3368
Took 0ms to process request-1749-textDocument/semanticTokens/range on Thread 3369
Took 0ms to process notification-textDocument/didChange on Thread 3366
Took 0ms to process request-1750-textDocument/inlayHint on Thread 3370
Took 0ms to process request-1751-textDocument/semanticTokens/range on Thread 3368
Took 0ms to process request-1752-textDocument/foldingRange on Thread 3369
Took 0ms to process notification-textDocument/didChange on Thread 3366
Took 0ms to process request-1753-textDocument/inlayHint on Thread 3370
Took 0ms to process request-1754-textDocument/semanticTokens/range on Thread 3368
Took 0ms to process request-1755-textDocument/foldingRange on Thread 3369
Took 0ms to process notification-textDocument/didChange on Thread 3366
Took 0ms to process request-1756-textDocument/inlayHint on Thread 3370
Took 0ms to process request-1757-textDocument/semanticTokens/range on Thread 3368
Took 0ms to process request-1758-textDocument/foldingRange on Thread 3369
Took 0ms to process request-1759-textDocument/codeAction on Thread 3367
Took 0ms to process request-1760-textDocument/documentSymbol on Thread 3370
Took 0ms to process notification-textDocument/didChange on Thread 3366
Took 1ms to process request-1761-textDocument/completion on Thread 3369
Took 0ms to process request-1762-textDocument/inlayHint on Thread 3367
Took 0ms to process request-1763-textDocument/semanticTokens/range on Thread 3370
Took 0ms to process request-1764-textDocument/foldingRange on Thread 3368
Took 0ms to process request-1765-textDocument/codeAction on Thread 3369
Took 0ms to process request-1766-textDocument/documentSymbol on Thread 3367
Took 0ms to process notification-textDocument/didChange on Thread 3366
Took 0ms to process request-1767-textDocument/inlayHint on Thread 3368
Took 0ms to process request-1768-textDocument/semanticTokens/range on Thread 3369
Took 0ms to process request-1769-textDocument/foldingRange on Thread 3367
Took 0ms to process notification-textDocument/didChange on Thread 3366
Took 0ms to process request-1770-textDocument/inlayHint on Thread 3368
Took 0ms to process request-1771-textDocument/semanticTokens/range on Thread 3369
Took 0ms to process notification-textDocument/didChange on Thread 3366
Took 0ms to process request-1772-textDocument/inlayHint on Thread 3370
Took 0ms to process request-1773-textDocument/semanticTokens/range on Thread 3368
Took 0ms to process request-1774-textDocument/foldingRange on Thread 3369
Took 0ms to process request-1775-textDocument/documentSymbol on Thread 3367
Took 0ms to process notification-textDocument/didChange on Thread 3366
Took 0ms to process request-1776-textDocument/inlayHint on Thread 3368
Took 0ms to process request-1777-textDocument/semanticTokens/range on Thread 3369
Took 0ms to process request-1778-textDocument/foldingRange on Thread 3367
Took 0ms to process request-1779-textDocument/codeAction on Thread 3370
Took 0ms to process request-1780-textDocument/documentSymbol on Thread 3368
Took 0ms to process request-1781-textDocument/inlayHint on Thread 3369
Took 0ms to process request-1782-textDocument/willSaveWaitUntil on Thread 3367
Took 0ms to process notification-textDocument/didSave on Thread 3366
Took 0ms to process notification-textDocument/didChange on Thread 3366
Took 0ms to process request-1783-textDocument/inlayHint on Thread 3368
Took 0ms to process request-1784-textDocument/semanticTokens/range on Thread 3369
Took 0ms to process request-1785-textDocument/foldingRange on Thread 3367
Took 0ms to process request-1786-textDocument/codeAction on Thread 3370
Took 0ms to process request-1787-textDocument/documentSymbol on Thread 3368
Took 0ms to process request-1788-textDocument/inlayHint on Thread 3369
Took 0ms to process request-1789-textDocument/willSaveWaitUntil on Thread 3367
Took 0ms to process notification-textDocument/didSave on Thread 3366
Took 0ms to process request-1790-textDocument/inlayHint on Thread 3370
Took 0ms to process request-1791-textDocument/semanticTokens/range on Thread 3368
Took 0ms to process request-1792-textDocument/codeAction on Thread 3369
Took 0ms to process notification-textDocument/didChange on Thread 3366
Took 0ms to process request-1793-textDocument/inlayHint on Thread 3370
Took 0ms to process request-1794-textDocument/semanticTokens/range on Thread 3368
Took 0ms to process request-1795-textDocument/foldingRange on Thread 3369
Took 16ms to process request-1796-textDocument/codeAction on Thread 3367
Took 0ms to process request-1797-textDocument/documentSymbol on Thread 3370
Took 0ms to process request-1798-textDocument/inlayHint on Thread 3368
Took 0ms to process request-1799-textDocument/willSaveWaitUntil on Thread 3369
Took 0ms to process notification-textDocument/didSave on Thread 3366
Took 0ms to process request-1800-textDocument/hover on Thread 3367
Took 18ms to process request-1801-textDocument/codeAction on Thread 3370
Took 0ms to process request-1802-textDocument/hover on Thread 3368
Took 0ms to process request-1803-textDocument/hover on Thread 3369
Took 0ms to process request-1804-textDocument/documentHighlight on Thread 3367
Took 13ms to process request-1805-textDocument/codeAction on Thread 3370
Took 0ms to process request-1806-textDocument/documentHighlight on Thread 3368
Took 0ms to process notification-textDocument/didChange on Thread 3366
Took 0ms to process request-1807-textDocument/inlayHint on Thread 3367
Took 0ms to process request-1808-textDocument/semanticTokens/range on Thread 3370
Took 0ms to process request-1809-textDocument/signatureHelp on Thread 3368
Took 0ms to process request-1810-textDocument/foldingRange on Thread 3369
Took 0ms to process request-1811-textDocument/codeAction on Thread 3367
Took 0ms to process request-1812-textDocument/documentSymbol on Thread 3370
Took 0ms to process request-1813-textDocument/inlayHint on Thread 3368
Took 0ms to process request-1814-textDocument/willSaveWaitUntil on Thread 3369
Took 0ms to process notification-textDocument/didSave on Thread 3366
Took 0ms to process notification-textDocument/didChange on Thread 3366
Took 1ms to process request-1815-textDocument/completion on Thread 3370
Took 0ms to process request-1816-textDocument/inlayHint on Thread 3368
Took 0ms to process request-1817-textDocument/semanticTokens/range on Thread 3369
Took 0ms to process request-1818-textDocument/foldingRange on Thread 3367
Took 17ms to process request-1819-textDocument/codeAction on Thread 3370
Took 0ms to process request-1820-textDocument/documentSymbol on Thread 3368
Took 0ms to process request-1821-textDocument/inlayHint on Thread 3369
Took 0ms to process request-1822-textDocument/willSaveWaitUntil on Thread 3367
Took 0ms to process notification-textDocument/didSave on Thread 3366
Took 0ms to process notification-textDocument/didChange on Thread 3366
Took 0ms to process request-1823-textDocument/inlayHint on Thread 3368
Took 0ms to process request-1824-textDocument/semanticTokens/range on Thread 3369
Took 0ms to process request-1825-textDocument/foldingRange on Thread 3367
Took 16ms to process request-1826-textDocument/codeAction on Thread 3370
Took 0ms to process request-1827-textDocument/documentSymbol on Thread 3368
Took 0ms to process request-1828-textDocument/inlayHint on Thread 3369
Took 0ms to process request-1829-textDocument/willSaveWaitUntil on Thread 3367
Took 0ms to process notification-textDocument/didSave on Thread 3366
Took 16ms to process request-1830-textDocument/codeAction on Thread 3370
Took 0ms to process request-1831-textDocument/hover on Thread 3368
Took 0ms to process request-1832-textDocument/inlayHint on Thread 3369
Took 0ms to process request-1833-textDocument/inlayHint on Thread 3367
Took 0ms to process request-1834-textDocument/inlayHint on Thread 3370
Took 0ms to process request-1835-textDocument/inlayHint on Thread 3368
Took 0ms to process request-1836-textDocument/inlayHint on Thread 3369
Took 0ms to process request-1837-textDocument/semanticTokens/range on Thread 3367
Took 16ms to process request-1838-textDocument/codeAction on Thread 3370
Took 0ms to process notification-textDocument/didChange on Thread 3366
Took 0ms to process request-1839-textDocument/inlayHint on Thread 3369
Took 0ms to process request-1840-textDocument/semanticTokens/range on Thread 3367
Took 0ms to process request-1841-textDocument/foldingRange on Thread 3370
Took 0ms to process request-1842-textDocument/documentSymbol on Thread 3368
Took 0ms to process request-1843-textDocument/inlayHint on Thread 3369
Took 0ms to process request-1844-textDocument/willSaveWaitUntil on Thread 3367
Took 0ms to process notification-textDocument/didSave on Thread 3366
Took 0ms to process notification-textDocument/didChange on Thread 3366
Took 0ms to process request-1845-textDocument/inlayHint on Thread 3368
Took 0ms to process request-1846-textDocument/semanticTokens/range on Thread 3369
Took 0ms to process request-1847-textDocument/foldingRange on Thread 3367
Took 0ms to process request-1848-textDocument/documentSymbol on Thread 3370
Took 0ms to process request-1849-textDocument/inlayHint on Thread 3368
Took 0ms to process request-1850-textDocument/willSaveWaitUntil on Thread 3369
Took 0ms to process notification-textDocument/didSave on Thread 3366
Took 0ms to process request-1851-textDocument/inlayHint on Thread 3367
Took 0ms to process request-1852-textDocument/inlayHint on Thread 3370
Took 0ms to process request-1853-textDocument/inlayHint on Thread 3368
Took 0ms to process request-1854-textDocument/inlayHint on Thread 3369
Took 0ms to process request-1855-textDocument/inlayHint on Thread 3367
Took 0ms to process request-1856-textDocument/inlayHint on Thread 3370
Took 0ms to process request-1857-textDocument/inlayHint on Thread 3368
Took 0ms to process request-1858-textDocument/inlayHint on Thread 3369
Took 0ms to process request-1859-textDocument/inlayHint on Thread 3367
Took 0ms to process request-1860-textDocument/inlayHint on Thread 3370
Took 0ms to process request-1861-textDocument/inlayHint on Thread 3368
Took 0ms to process request-1862-textDocument/inlayHint on Thread 3369
Took 0ms to process request-1863-textDocument/inlayHint on Thread 3367
Took 0ms to process request-1864-textDocument/semanticTokens/range on Thread 3370
Took 0ms to process request-1865-textDocument/inlayHint on Thread 3368
Took 0ms to process request-1866-textDocument/inlayHint on Thread 3369
Took 0ms to process request-1867-textDocument/inlayHint on Thread 3367
Took 0ms to process request-1868-textDocument/inlayHint on Thread 3370
Took 0ms to process request-1869-textDocument/inlayHint on Thread 3368
Took 0ms to process request-1870-textDocument/semanticTokens/range on Thread 3369
Took 0ms to process notification-textDocument/didChange on Thread 3366
Took 0ms to process request-1871-textDocument/completion on Thread 3370
Took 0ms to process request-1872-textDocument/inlayHint on Thread 3368
Took 0ms to process request-1873-textDocument/semanticTokens/range on Thread 3369
Took 0ms to process notification-textDocument/didChange on Thread 3366
Took 0ms to process request-1874-textDocument/inlayHint on Thread 3370
Took 0ms to process request-1875-textDocument/semanticTokens/range on Thread 3368
Took 0ms to process request-1876-textDocument/foldingRange on Thread 3369
Took 0ms to process request-1877-textDocument/codeAction on Thread 3367
Took 0ms to process request-1878-textDocument/documentSymbol on Thread 3370
Took 0ms to process request-1879-textDocument/inlayHint on Thread 3368
Took 0ms to process notification-textDocument/didChange on Thread 3366
Took 0ms to process request-1880-textDocument/inlayHint on Thread 3367
Took 0ms to process request-1881-textDocument/semanticTokens/range on Thread 3370
Took 0ms to process request-1882-textDocument/foldingRange on Thread 3368
Took 0ms to process request-1883-textDocument/documentSymbol on Thread 3369
Took 0ms to process notification-textDocument/didChange on Thread 3366
Took 2ms to process request-1884-textDocument/completion on Thread 3370
Took 0ms to process request-1885-textDocument/inlayHint on Thread 3368
Took 0ms to process request-1886-textDocument/semanticTokens/range on Thread 3369
Took 0ms to process notification-textDocument/didChange on Thread 3366
Took 0ms to process request-1887-textDocument/inlayHint on Thread 3370
Took 0ms to process request-1888-textDocument/semanticTokens/range on Thread 3368
Took 0ms to process request-1889-textDocument/foldingRange on Thread 3369
Took 0ms to process notification-textDocument/didChange on Thread 3366
Took 0ms to process request-1890-textDocument/inlayHint on Thread 3370
Took 0ms to process request-1891-textDocument/semanticTokens/range on Thread 3368
Took 0ms to process notification-textDocument/didChange on Thread 3366
Took 0ms to process request-1892-textDocument/inlayHint on Thread 3367
Took 0ms to process request-1893-textDocument/semanticTokens/range on Thread 3370
Took 0ms to process request-1894-textDocument/foldingRange on Thread 3368
Took 0ms to process notification-textDocument/didChange on Thread 3366
Took 0ms to process request-1895-textDocument/inlayHint on Thread 3367
Took 0ms to process request-1896-textDocument/semanticTokens/range on Thread 3370
Took 0ms to process request-1897-textDocument/foldingRange on Thread 3368
Took 0ms to process notification-textDocument/didChange on Thread 3366
Took 0ms to process request-1898-textDocument/inlayHint on Thread 3367
Took 0ms to process request-1899-textDocument/semanticTokens/range on Thread 3370
Took 0ms to process notification-textDocument/didChange on Thread 3366
Took 0ms to process request-1900-textDocument/inlayHint on Thread 3369
Took 0ms to process request-1901-textDocument/semanticTokens/range on Thread 3367
Took 0ms to process notification-textDocument/didChange on Thread 3366
Took 0ms to process request-1902-textDocument/inlayHint on Thread 3368
Took 0ms to process request-1903-textDocument/semanticTokens/range on Thread 3369
Took 0ms to process notification-textDocument/didChange on Thread 3366
Took 0ms to process request-1904-textDocument/inlayHint on Thread 3370
Took 0ms to process request-1905-textDocument/semanticTokens/range on Thread 3368
Took 0ms to process notification-textDocument/didChange on Thread 3366
Took 0ms to process request-1906-textDocument/inlayHint on Thread 3367
Took 0ms to process request-1907-textDocument/semanticTokens/range on Thread 3370
Took 0ms to process request-1908-textDocument/foldingRange on Thread 3368
Took 0ms to process request-1909-textDocument/codeAction on Thread 3369
Took 0ms to process request-1910-textDocument/documentSymbol on Thread 3367
Took 0ms to process request-1911-textDocument/inlayHint on Thread 3370
Took 0ms to process request-1912-textDocument/willSaveWaitUntil on Thread 3368
Took 0ms to process notification-textDocument/didSave on Thread 3366
Took 0ms to process notification-textDocument/didChange on Thread 3366
Took 0ms to process request-1913-textDocument/inlayHint on Thread 3367
Took 0ms to process request-1914-textDocument/semanticTokens/range on Thread 3370
Took 0ms to process request-1915-textDocument/foldingRange on Thread 3368
Took 0ms to process notification-textDocument/didChange on Thread 3366
Took 0ms to process request-1916-textDocument/inlayHint on Thread 3367
Took 0ms to process request-1917-textDocument/semanticTokens/range on Thread 3370
Took 0ms to process request-1918-textDocument/signatureHelp on Thread 3368
Took 0ms to process request-1919-textDocument/foldingRange on Thread 3369
Took 0ms to process request-1920-textDocument/codeAction on Thread 3367
Took 0ms to process request-1921-textDocument/documentSymbol on Thread 3370
Took 0ms to process request-1922-textDocument/inlayHint on Thread 3368
Took 0ms to process request-1923-textDocument/willSaveWaitUntil on Thread 3369
Took 0ms to process notification-textDocument/didSave on Thread 3366
Took 0ms to process request-1924-textDocument/codeAction on Thread 3367
Took 0ms to process notification-textDocument/didChange on Thread 3366
Took 0ms to process request-1925-textDocument/inlayHint on Thread 3368
Took 0ms to process request-1926-textDocument/semanticTokens/range on Thread 3369
Took 0ms to process request-1927-textDocument/foldingRange on Thread 3367
Took 0ms to process request-1928-textDocument/codeAction on Thread 3370
Took 0ms to process request-1929-textDocument/documentSymbol on Thread 3368
Took 0ms to process request-1930-textDocument/codeAction on Thread 3369
Took 0ms to process request-1931-textDocument/inlayHint on Thread 3367
Took 0ms to process request-1932-textDocument/codeAction on Thread 3370
Took 0ms to process request-1933-textDocument/willSaveWaitUntil on Thread 3368
Took 0ms to process notification-textDocument/didSave on Thread 3366
Took 0ms to process notification-textDocument/didChange on Thread 3366
Took 0ms to process request-1934-textDocument/inlayHint on Thread 3367
Took 0ms to process request-1935-textDocument/semanticTokens/range on Thread 3370
Took 0ms to process request-1936-textDocument/foldingRange on Thread 3368
Took 0ms to process request-1937-textDocument/documentSymbol on Thread 3369
Took 0ms to process notification-textDocument/didChange on Thread 3366
Took 1ms to process request-1938-textDocument/completion on Thread 3370
Took 0ms to process request-1939-textDocument/inlayHint on Thread 3368
Took 0ms to process request-1940-textDocument/semanticTokens/range on Thread 3369
Took 0ms to process notification-textDocument/didChange on Thread 3366
Took 0ms to process request-1941-textDocument/inlayHint on Thread 3370
Took 0ms to process request-1942-textDocument/semanticTokens/range on Thread 3368
Took 0ms to process notification-textDocument/didChange on Thread 3366
Took 0ms to process request-1943-textDocument/inlayHint on Thread 3367
Took 0ms to process notification-textDocument/didChange on Thread 3366
Took 0ms to process request-1944-textDocument/inlayHint on Thread 3368
Took 0ms to process request-1945-textDocument/semanticTokens/range on Thread 3369
Took 0ms to process request-1946-textDocument/foldingRange on Thread 3367
Took 0ms to process request-1947-textDocument/codeAction on Thread 3370
Took 0ms to process request-1948-textDocument/documentSymbol on Thread 3368
Took 0ms to process notification-textDocument/didChange on Thread 3366
Took 0ms to process request-1949-textDocument/inlayHint on Thread 3367
Took 0ms to process request-1950-textDocument/semanticTokens/range on Thread 3370
Took 0ms to process request-1951-textDocument/foldingRange on Thread 3368
Took 0ms to process notification-textDocument/didChange on Thread 3366
Took 0ms to process request-1952-textDocument/inlayHint on Thread 3367
Took 0ms to process request-1953-textDocument/semanticTokens/range on Thread 3370
Took 0ms to process request-1954-textDocument/foldingRange on Thread 3368
Took 16ms to process request-1955-textDocument/codeAction on Thread 3369
Took 0ms to process request-1956-textDocument/documentSymbol on Thread 3367
Took 0ms to process request-1957-textDocument/inlayHint on Thread 3370
Took 0ms to process request-1958-textDocument/willSaveWaitUntil on Thread 3368
Took 0ms to process notification-textDocument/didSave on Thread 3366
Took 0ms to process request-1959-textDocument/documentHighlight on Thread 3369
Took 17ms to process request-1960-textDocument/codeAction on Thread 3367
Took 0ms to process request-1961-textDocument/documentHighlight on Thread 3370
Took 16ms to process request-1962-textDocument/codeAction on Thread 3368
Took 0ms to process request-1963-textDocument/documentHighlight on Thread 3369
Took 0ms to process request-1964-textDocument/documentHighlight on Thread 3367
Took 16ms to process request-1965-textDocument/codeAction on Thread 3370
Took 0ms to process notification-textDocument/didChange on Thread 3366
Took 0ms to process request-1966-textDocument/inlayHint on Thread 3369
Took 0ms to process request-1967-textDocument/semanticTokens/range on Thread 3367
Took 0ms to process request-1968-textDocument/foldingRange on Thread 3370
Took 12ms to process request-1969-textDocument/codeAction on Thread 3368
Took 0ms to process request-1970-textDocument/documentSymbol on Thread 3369
Took 0ms to process request-1971-textDocument/inlayHint on Thread 3367
Took 17ms to process request-1972-textDocument/codeAction on Thread 3370
Took 0ms to process request-1973-textDocument/willSaveWaitUntil on Thread 3368
Took 0ms to process notification-textDocument/didSave on Thread 3366
Took 17ms to process request-1974-textDocument/codeAction on Thread 3369
Took 16ms to process request-1975-textDocument/codeAction on Thread 3367
Took 0ms to process notification-textDocument/didChange on Thread 3366
Took 0ms to process request-1976-textDocument/inlayHint on Thread 3368
Took 0ms to process request-1977-textDocument/semanticTokens/range on Thread 3369
Took 0ms to process request-1978-textDocument/foldingRange on Thread 3367
Took 0ms to process request-1979-textDocument/documentSymbol on Thread 3370
Took 0ms to process request-1980-textDocument/inlayHint on Thread 3368
Took 0ms to process request-1981-textDocument/willSaveWaitUntil on Thread 3369
Took 0ms to process notification-textDocument/didSave on Thread 3366
Took 0ms to process notification-textDocument/didChange on Thread 3366
Took 1ms to process request-1982-textDocument/completion on Thread 3370
Took 0ms to process request-1983-textDocument/inlayHint on Thread 3368
Took 0ms to process request-1984-textDocument/semanticTokens/range on Thread 3369
Took 0ms to process notification-textDocument/didChange on Thread 3366
Took 0ms to process request-1985-textDocument/inlayHint on Thread 3370
Took 0ms to process request-1986-textDocument/semanticTokens/range on Thread 3368
Took 0ms to process notification-textDocument/didChange on Thread 3366
Took 0ms to process notification-textDocument/didChange on Thread 3366
Took 0ms to process request-1987-textDocument/inlayHint on Thread 3370
Took 0ms to process request-1988-textDocument/semanticTokens/range on Thread 3368
Took 0ms to process request-1989-textDocument/foldingRange on Thread 3369
Took 0ms to process notification-textDocument/didChange on Thread 3366
Took 0ms to process request-1990-textDocument/inlayHint on Thread 3370
Took 0ms to process request-1991-textDocument/semanticTokens/range on Thread 3368
Took 0ms to process request-1992-textDocument/foldingRange on Thread 3369
Took 0ms to process request-1993-textDocument/codeAction on Thread 3367
Took 0ms to process request-1994-textDocument/documentSymbol on Thread 3370
Took 0ms to process notification-textDocument/didChange on Thread 3366
Took 0ms to process request-1995-textDocument/inlayHint on Thread 3369
Took 0ms to process request-1996-textDocument/semanticTokens/range on Thread 3367
Took 0ms to process request-1997-textDocument/foldingRange on Thread 3370
Took 0ms to process request-1998-textDocument/codeAction on Thread 3368
Took 0ms to process request-1999-textDocument/documentSymbol on Thread 3369
Took 0ms to process notification-textDocument/didChange on Thread 3366
Took 0ms to process request-2000-textDocument/inlayHint on Thread 3370
Took 0ms to process request-2001-textDocument/semanticTokens/range on Thread 3368
Took 0ms to process request-2002-textDocument/foldingRange on Thread 3369
Took 0ms to process request-2003-textDocument/codeAction on Thread 3367
Took 0ms to process request-2004-textDocument/documentSymbol on Thread 3370
Took 0ms to process request-2005-textDocument/inlayHint on Thread 3368
Took 0ms to process notification-textDocument/didChange on Thread 3366
Took 0ms to process request-2006-textDocument/inlayHint on Thread 3367
Took 0ms to process request-2007-textDocument/semanticTokens/range on Thread 3370
Took 0ms to process request-2008-textDocument/foldingRange on Thread 3368
Took 0ms to process request-2009-textDocument/documentSymbol on Thread 3369
Took 0ms to process notification-textDocument/didChange on Thread 3366
Took 1ms to process request-2010-textDocument/completion on Thread 3370
Took 0ms to process request-2011-textDocument/inlayHint on Thread 3368
Took 0ms to process request-2012-textDocument/semanticTokens/range on Thread 3369
Took 0ms to process notification-textDocument/didChange on Thread 3366
Took 0ms to process request-2013-textDocument/inlayHint on Thread 3370
Took 0ms to process request-2014-textDocument/semanticTokens/range on Thread 3368
Took 0ms to process notification-textDocument/didChange on Thread 3366
Took 0ms to process request-2015-textDocument/inlayHint on Thread 3367
Took 0ms to process request-2016-textDocument/semanticTokens/range on Thread 3370
Took 0ms to process request-2017-textDocument/foldingRange on Thread 3368
Took 0ms to process request-2018-textDocument/codeAction on Thread 3369
Took 0ms to process request-2019-textDocument/documentSymbol on Thread 3367
Took 0ms to process request-2020-textDocument/inlayHint on Thread 3370
Took 0ms to process request-2021-textDocument/willSaveWaitUntil on Thread 3368
Took 0ms to process notification-textDocument/didSave on Thread 3366
Took 0ms to process notification-textDocument/didChange on Thread 3366
Took 1ms to process request-2022-textDocument/inlayHint on Thread 3367
Took 0ms to process request-2023-textDocument/semanticTokens/range on Thread 3370
Took 0ms to process notification-textDocument/didChange on Thread 3366
Took 0ms to process request-2024-textDocument/inlayHint on Thread 3369
Took 0ms to process notification-textDocument/didChange on Thread 3366
Took 0ms to process request-2025-textDocument/inlayHint on Thread 3370
Took 0ms to process request-2026-textDocument/semanticTokens/range on Thread 3368
Took 0ms to process request-2027-textDocument/foldingRange on Thread 3369
Took 0ms to process request-2028-textDocument/documentSymbol on Thread 3367
Took 0ms to process request-2029-textDocument/inlayHint on Thread 3370
Took 0ms to process request-2030-textDocument/willSaveWaitUntil on Thread 3368
Took 0ms to process notification-textDocument/didSave on Thread 3366
Took 0ms to process notification-textDocument/didChange on Thread 3366
Took 2ms to process request-2031-textDocument/completion on Thread 3367
Took 0ms to process request-2032-textDocument/inlayHint on Thread 3370
Took 0ms to process request-2033-textDocument/semanticTokens/range on Thread 3368
Took 0ms to process request-2034-textDocument/foldingRange on Thread 3369
Took 0ms to process request-2035-textDocument/codeAction on Thread 3367
Took 0ms to process request-2036-textDocument/documentSymbol on Thread 3370
Took 0ms to process notification-textDocument/didChange on Thread 3366
Took 0ms to process request-2037-textDocument/inlayHint on Thread 3369
Took 0ms to process request-2038-textDocument/semanticTokens/range on Thread 3367
Took 0ms to process notification-textDocument/didChange on Thread 3366
Took 0ms to process request-2039-textDocument/inlayHint on Thread 3368
Took 0ms to process request-2040-textDocument/semanticTokens/range on Thread 3369
Took 0ms to process request-2041-textDocument/foldingRange on Thread 3367
Took 0ms to process request-2042-textDocument/codeAction on Thread 3370
Took 0ms to process request-2043-textDocument/documentSymbol on Thread 3368
Took 0ms to process notification-textDocument/didChange on Thread 3366
Took 0ms to process request-2044-textDocument/inlayHint on Thread 3367
Took 0ms to process request-2045-textDocument/semanticTokens/range on Thread 3370
Took 0ms to process request-2046-textDocument/foldingRange on Thread 3368
Took 0ms to process request-2047-textDocument/codeAction on Thread 3369
Took 0ms to process request-2048-textDocument/documentSymbol on Thread 3367
Took 0ms to process request-2049-textDocument/inlayHint on Thread 3370
Took 0ms to process request-2050-textDocument/willSaveWaitUntil on Thread 3368
Took 0ms to process notification-textDocument/didSave on Thread 3366
Took 0ms to process notification-textDocument/didChange on Thread 3366
Took 0ms to process request-2051-textDocument/inlayHint on Thread 3367
Took 0ms to process request-2052-textDocument/semanticTokens/range on Thread 3370
Took 0ms to process request-2053-textDocument/foldingRange on Thread 3368
Took 0ms to process request-2054-textDocument/codeAction on Thread 3369
Took 0ms to process request-2055-textDocument/documentSymbol on Thread 3367
Took 0ms to process request-2056-textDocument/inlayHint on Thread 3370
Took 0ms to process request-2057-textDocument/willSaveWaitUntil on Thread 3368
Took 0ms to process notification-textDocument/didSave on Thread 3366
Took 0ms to process notification-textDocument/didChange on Thread 3366
Took 0ms to process request-2058-textDocument/completion on Thread 3367
Took 0ms to process request-2059-textDocument/inlayHint on Thread 3370
Took 0ms to process request-2060-textDocument/semanticTokens/range on Thread 3368
Took 0ms to process request-2061-textDocument/foldingRange on Thread 3369
Took 0ms to process request-2062-textDocument/codeAction on Thread 3367
Took 0ms to process request-2063-textDocument/documentSymbol on Thread 3370
Took 0ms to process request-2064-textDocument/inlayHint on Thread 3368
Took 0ms to process request-2065-textDocument/willSaveWaitUntil on Thread 3369
Took 0ms to process notification-textDocument/didSave on Thread 3366
Took 0ms to process notification-textDocument/didChange on Thread 3366
Took 0ms to process request-2066-textDocument/inlayHint on Thread 3370
Took 0ms to process request-2067-textDocument/semanticTokens/range on Thread 3368
Took 0ms to process request-2068-textDocument/foldingRange on Thread 3369
Took 0ms to process request-2069-textDocument/codeAction on Thread 3367
Took 0ms to process request-2070-textDocument/documentSymbol on Thread 3370
Took 0ms to process notification-textDocument/didChange on Thread 3366
Took 0ms to process request-2071-textDocument/inlayHint on Thread 3369
Took 0ms to process request-2072-textDocument/semanticTokens/range on Thread 3367
Took 0ms to process request-2073-textDocument/foldingRange on Thread 3370
Took 17ms to process request-2074-textDocument/codeAction on Thread 3368
Took 0ms to process request-2075-textDocument/documentSymbol on Thread 3369
Took 0ms to process request-2076-textDocument/inlayHint on Thread 3367
Took 0ms to process notification-textDocument/didChange on Thread 3366
Took 0ms to process request-2077-textDocument/inlayHint on Thread 3368
Took 0ms to process request-2078-textDocument/semanticTokens/range on Thread 3369
Took 0ms to process request-2079-textDocument/foldingRange on Thread 3367
Took 0ms to process request-2080-textDocument/documentSymbol on Thread 3370
Took 0ms to process request-2081-textDocument/inlayHint on Thread 3368
Took 0ms to process request-2082-textDocument/willSaveWaitUntil on Thread 3369
Took 0ms to process notification-textDocument/didSave on Thread 3366
Took 0ms to process notification-textDocument/didChange on Thread 3366
Took 1ms to process request-2083-textDocument/completion on Thread 3370
Took 0ms to process request-2084-textDocument/inlayHint on Thread 3368
Took 0ms to process request-2085-textDocument/semanticTokens/range on Thread 3369
Took 0ms to process notification-textDocument/didChange on Thread 3366
Took 0ms to process request-2086-textDocument/inlayHint on Thread 3370
Took 0ms to process request-2087-textDocument/semanticTokens/range on Thread 3368
Took 0ms to process request-2088-textDocument/foldingRange on Thread 3369
Took 0ms to process notification-textDocument/didChange on Thread 3366
Took 0ms to process request-2089-textDocument/inlayHint on Thread 3370
Took 0ms to process request-2090-textDocument/semanticTokens/range on Thread 3368
Took 0ms to process request-2091-textDocument/foldingRange on Thread 3369
Took 0ms to process request-2092-textDocument/codeAction on Thread 3367
Took 0ms to process request-2093-textDocument/documentSymbol on Thread 3370
Took 0ms to process request-2094-textDocument/inlayHint on Thread 3368
Took 0ms to process request-2095-textDocument/willSaveWaitUntil on Thread 3369
Took 0ms to process notification-textDocument/didChange on Thread 3366
Took 0ms to process notification-textDocument/didSave on Thread 3366
Took 0ms to process request-2096-textDocument/inlayHint on Thread 3370
Took 0ms to process request-2097-textDocument/semanticTokens/range on Thread 3368
Took 0ms to process request-2098-textDocument/foldingRange on Thread 3369
Took 0ms to process request-2099-textDocument/codeAction on Thread 3367
Took 0ms to process request-2100-textDocument/documentSymbol on Thread 3370
Took 0ms to process request-2101-textDocument/inlayHint on Thread 3368
Took 0ms to process request-2102-textDocument/willSaveWaitUntil on Thread 3369
Took 0ms to process notification-textDocument/didSave on Thread 3366
Took 0ms to process notification-textDocument/didChange on Thread 3366
Took 0ms to process request-2103-textDocument/completion on Thread 3370
Took 0ms to process request-2104-textDocument/inlayHint on Thread 3368
Took 0ms to process notification-textDocument/didChange on Thread 3366
Took 0ms to process request-2105-textDocument/inlayHint on Thread 3367
Took 0ms to process request-2106-textDocument/semanticTokens/range on Thread 3370
Took 0ms to process notification-textDocument/didChange on Thread 3366
Took 0ms to process request-2107-textDocument/inlayHint on Thread 3369
Took 0ms to process request-2108-textDocument/semanticTokens/range on Thread 3367
Took 0ms to process request-2109-textDocument/foldingRange on Thread 3370
Took 16ms to process request-2110-textDocument/codeAction on Thread 3368
Took 0ms to process request-2111-textDocument/documentSymbol on Thread 3369
Took 0ms to process request-2112-textDocument/inlayHint on Thread 3367
Took 0ms to process request-2113-textDocument/willSaveWaitUntil on Thread 3370
Took 0ms to process notification-textDocument/didSave on Thread 3366
Took 0ms to process notification-textDocument/didChange on Thread 3366
Took 0ms to process request-2114-textDocument/inlayHint on Thread 3369
Took 0ms to process request-2115-textDocument/semanticTokens/range on Thread 3367
Took 0ms to process request-2116-textDocument/foldingRange on Thread 3370
Took 0ms to process request-2117-textDocument/documentSymbol on Thread 3368
Took 16ms to process request-2118-textDocument/codeAction on Thread 3369
Took 0ms to process request-2119-textDocument/inlayHint on Thread 3367
Took 0ms to process request-2120-textDocument/willSaveWaitUntil on Thread 3370
Took 0ms to process notification-textDocument/didSave on Thread 3366
Took 0ms to process notification-textDocument/didChange on Thread 3366
Took 0ms to process request-2121-textDocument/inlayHint on Thread 3369
Took 0ms to process request-2122-textDocument/semanticTokens/range on Thread 3367
Took 0ms to process request-2123-textDocument/foldingRange on Thread 3370
Took 0ms to process request-2124-textDocument/documentSymbol on Thread 3368
Took 0ms to process request-2125-textDocument/inlayHint on Thread 3369
Took 0ms to process request-2126-textDocument/willSaveWaitUntil on Thread 3367
Took 0ms to process notification-textDocument/didSave on Thread 3366
Took 0ms to process notification-textDocument/didChange on Thread 3366
Took 1ms to process request-2127-textDocument/completion on Thread 3368
Took 0ms to process request-2128-textDocument/inlayHint on Thread 3369
Took 0ms to process request-2129-textDocument/semanticTokens/range on Thread 3367
Took 0ms to process notification-textDocument/didChange on Thread 3366
Took 0ms to process request-2130-textDocument/inlayHint on Thread 3368
Took 0ms to process request-2131-textDocument/semanticTokens/range on Thread 3369
Took 0ms to process notification-textDocument/didChange on Thread 3366
Took 0ms to process request-2132-textDocument/inlayHint on Thread 3370
Took 0ms to process request-2133-textDocument/semanticTokens/range on Thread 3368
Took 0ms to process request-2134-textDocument/foldingRange on Thread 3369
Took 0ms to process request-2135-textDocument/codeAction on Thread 3367
Took 0ms to process request-2136-textDocument/documentSymbol on Thread 3370
Took 0ms to process request-2137-textDocument/inlayHint on Thread 3368
Took 0ms to process request-2138-textDocument/willSaveWaitUntil on Thread 3369
Took 0ms to process notification-textDocument/didSave on Thread 3366
Took 0ms to process request-2139-textDocument/documentHighlight on Thread 3367
Took 0ms to process request-2140-textDocument/hover on Thread 3370
Took 0ms to process notification-textDocument/didChange on Thread 3366
Took 0ms to process request-2141-textDocument/inlayHint on Thread 3369
Took 0ms to process request-2142-textDocument/semanticTokens/range on Thread 3367
Took 0ms to process request-2143-textDocument/foldingRange on Thread 3370
Took 0ms to process request-2144-textDocument/codeAction on Thread 3368
Took 0ms to process request-2145-textDocument/documentSymbol on Thread 3369
Took 0ms to process notification-textDocument/didChange on Thread 3366
Took 0ms to process request-2146-textDocument/inlayHint on Thread 3370
Took 0ms to process request-2147-textDocument/semanticTokens/range on Thread 3368
Took 0ms to process request-2148-textDocument/foldingRange on Thread 3369
Took 0ms to process request-2149-textDocument/codeAction on Thread 3367
Took 0ms to process request-2150-textDocument/documentSymbol on Thread 3370
Took 0ms to process notification-textDocument/didChange on Thread 3366
Took 0ms to process request-2151-textDocument/inlayHint on Thread 3369
Took 0ms to process request-2152-textDocument/semanticTokens/range on Thread 3367
Took 0ms to process request-2153-textDocument/foldingRange on Thread 3370
Took 0ms to process request-2154-textDocument/documentSymbol on Thread 3368
Took 0ms to process notification-textDocument/didChange on Thread 3366
Took 1ms to process request-2155-textDocument/completion on Thread 3367
Took 0ms to process request-2156-textDocument/inlayHint on Thread 3370
Took 0ms to process request-2157-textDocument/semanticTokens/range on Thread 3368
Took 0ms to process request-2158-textDocument/foldingRange on Thread 3369
Took 0ms to process request-2159-textDocument/codeAction on Thread 3367
Took 0ms to process notification-textDocument/didChange on Thread 3366
Took 0ms to process request-2160-textDocument/inlayHint on Thread 3368
Took 0ms to process request-2161-textDocument/semanticTokens/range on Thread 3369
Took 0ms to process request-2162-textDocument/foldingRange on Thread 3367
Took 0ms to process notification-textDocument/didChange on Thread 3366
Took 0ms to process request-2163-textDocument/inlayHint on Thread 3368
Took 0ms to process request-2164-textDocument/semanticTokens/range on Thread 3369
Took 0ms to process request-2165-textDocument/foldingRange on Thread 3367
Took 0ms to process request-2166-textDocument/codeAction on Thread 3370
Took 0ms to process request-2167-textDocument/documentSymbol on Thread 3368
Took 0ms to process request-2168-textDocument/inlayHint on Thread 3369
Took 0ms to process request-2169-textDocument/willSaveWaitUntil on Thread 3367
Took 0ms to process notification-textDocument/didSave on Thread 3366
Took 0ms to process notification-textDocument/didChange on Thread 3366
Took 0ms to process request-2170-textDocument/inlayHint on Thread 3368
Took 0ms to process request-2171-textDocument/semanticTokens/range on Thread 3369
Took 0ms to process request-2172-textDocument/foldingRange on Thread 3367
Took 0ms to process request-2173-textDocument/codeAction on Thread 3370
Took 0ms to process request-2174-textDocument/documentSymbol on Thread 3368
Took 0ms to process notification-textDocument/didChange on Thread 3366
Took 0ms to process request-2175-textDocument/completion on Thread 3367
Took 0ms to process request-2176-textDocument/inlayHint on Thread 3370
Took 0ms to process request-2177-textDocument/semanticTokens/range on Thread 3368
Took 0ms to process request-2178-textDocument/foldingRange on Thread 3369
Took 0ms to process request-2179-textDocument/codeAction on Thread 3367
Took 0ms to process request-2180-textDocument/documentSymbol on Thread 3370
Took 0ms to process request-2181-textDocument/inlayHint on Thread 3368
Took 0ms to process request-2182-textDocument/willSaveWaitUntil on Thread 3369
Took 0ms to process notification-textDocument/didSave on Thread 3366
Took 0ms to process notification-textDocument/didChange on Thread 3366
Took 0ms to process request-2183-textDocument/inlayHint on Thread 3370
Took 0ms to process request-2184-textDocument/semanticTokens/range on Thread 3368
Took 0ms to process request-2185-textDocument/foldingRange on Thread 3369
Took 0ms to process request-2186-textDocument/codeAction on Thread 3367
Took 0ms to process request-2187-textDocument/documentSymbol on Thread 3370
Took 0ms to process request-2188-textDocument/inlayHint on Thread 3368
Took 0ms to process request-2189-textDocument/willSaveWaitUntil on Thread 3369
Took 0ms to process notification-textDocument/didSave on Thread 3366
Took 0ms to process notification-textDocument/didChange on Thread 3366
Took 0ms to process request-2190-textDocument/inlayHint on Thread 3370
Took 0ms to process request-2191-textDocument/semanticTokens/range on Thread 3368
Took 0ms to process request-2192-textDocument/foldingRange on Thread 3369
Took 0ms to process request-2193-textDocument/documentSymbol on Thread 3367
Took 0ms to process notification-textDocument/didChange on Thread 3366
Took 0ms to process request-2194-textDocument/inlayHint on Thread 3368
Took 0ms to process request-2195-textDocument/semanticTokens/range on Thread 3369
Took 0ms to process request-2196-textDocument/foldingRange on Thread 3367
Took 0ms to process request-2197-textDocument/codeAction on Thread 3370
Took 0ms to process request-2198-textDocument/documentSymbol on Thread 3368
Took 0ms to process notification-textDocument/didChange on Thread 3366
Took 0ms to process request-2199-textDocument/inlayHint on Thread 3367
Took 0ms to process request-2200-textDocument/semanticTokens/range on Thread 3370
Took 0ms to process request-2201-textDocument/foldingRange on Thread 3368
Took 0ms to process notification-textDocument/didChange on Thread 3366
Took 0ms to process request-2202-textDocument/inlayHint on Thread 3367
Took 0ms to process request-2203-textDocument/semanticTokens/range on Thread 3370
Took 0ms to process request-2204-textDocument/foldingRange on Thread 3368
Took 0ms to process request-2205-textDocument/documentSymbol on Thread 3369
Took 0ms to process request-2206-textDocument/inlayHint on Thread 3367
Took 0ms to process request-2207-textDocument/willSaveWaitUntil on Thread 3370
Took 0ms to process notification-textDocument/didSave on Thread 3366
Took 0ms to process request-2208-textDocument/hover on Thread 3368
Took 0ms to process notification-textDocument/didChange on Thread 3366
Took 1ms to process request-2209-textDocument/completion on Thread 3367
Took 0ms to process request-2210-textDocument/inlayHint on Thread 3370
Took 0ms to process request-2211-textDocument/semanticTokens/range on Thread 3368
Took 0ms to process notification-textDocument/didChange on Thread 3366
Took 0ms to process request-2212-textDocument/inlayHint on Thread 3367
Took 0ms to process request-2213-textDocument/semanticTokens/range on Thread 3370
Took 0ms to process request-2214-textDocument/foldingRange on Thread 3368
Took 16ms to process request-2215-textDocument/codeAction on Thread 3369
Took 0ms to process request-2216-textDocument/documentSymbol on Thread 3367
Took 0ms to process notification-textDocument/didChange on Thread 3366
Took 0ms to process request-2217-textDocument/inlayHint on Thread 3368
Took 0ms to process request-2218-textDocument/semanticTokens/range on Thread 3369
Took 0ms to process request-2219-textDocument/foldingRange on Thread 3367
Took 0ms to process request-2220-textDocument/codeAction on Thread 3370
Took 0ms to process request-2221-textDocument/documentSymbol on Thread 3368
Took 0ms to process request-2222-textDocument/inlayHint on Thread 3369
Took 0ms to process request-2223-textDocument/willSaveWaitUntil on Thread 3367
Took 0ms to process notification-textDocument/didSave on Thread 3366
Took 0ms to process notification-textDocument/didChange on Thread 3366
Took 0ms to process request-2224-textDocument/inlayHint on Thread 3368
Took 0ms to process request-2225-textDocument/semanticTokens/range on Thread 3369
Took 0ms to process request-2226-textDocument/foldingRange on Thread 3367
Took 0ms to process request-2227-textDocument/codeAction on Thread 3370
Took 0ms to process request-2228-textDocument/documentSymbol on Thread 3368
Took 0ms to process notification-textDocument/didChange on Thread 3366
Took 0ms to process request-2229-textDocument/inlayHint on Thread 3367
Took 0ms to process request-2230-textDocument/semanticTokens/range on Thread 3370
Took 0ms to process notification-textDocument/didChange on Thread 3366
Took 0ms to process request-2231-textDocument/inlayHint on Thread 3369
Took 0ms to process request-2232-textDocument/semanticTokens/range on Thread 3367
Took 0ms to process request-2233-textDocument/foldingRange on Thread 3370
Took 0ms to process notification-textDocument/didChange on Thread 3366
Took 0ms to process request-2234-textDocument/inlayHint on Thread 3369
Took 0ms to process request-2235-textDocument/semanticTokens/range on Thread 3367
Took 0ms to process request-2236-textDocument/foldingRange on Thread 3370
Took 0ms to process notification-textDocument/didChange on Thread 3366
Took 0ms to process request-2237-textDocument/inlayHint on Thread 3369
Took 0ms to process request-2238-textDocument/semanticTokens/range on Thread 3367
Took 0ms to process request-2239-textDocument/foldingRange on Thread 3370
Took 0ms to process request-2240-textDocument/codeAction on Thread 3368
Took 0ms to process notification-textDocument/didChange on Thread 3366
Took 0ms to process request-2241-textDocument/inlayHint on Thread 3367
Took 0ms to process request-2242-textDocument/semanticTokens/range on Thread 3370
Took 0ms to process request-2243-textDocument/foldingRange on Thread 3368
Took 0ms to process request-2244-textDocument/codeAction on Thread 3369
Took 0ms to process request-2245-textDocument/documentSymbol on Thread 3367
Took 0ms to process notification-textDocument/didChange on Thread 3366
Took 0ms to process request-2246-textDocument/inlayHint on Thread 3368
Took 0ms to process request-2247-textDocument/semanticTokens/range on Thread 3369
Took 0ms to process request-2248-textDocument/foldingRange on Thread 3367
Took 0ms to process request-2249-textDocument/codeAction on Thread 3370
Took 0ms to process request-2250-textDocument/documentSymbol on Thread 3368
Took 0ms to process notification-textDocument/didChange on Thread 3366
Took 0ms to process request-2251-textDocument/inlayHint on Thread 3367
Took 0ms to process request-2252-textDocument/semanticTokens/range on Thread 3370
Took 0ms to process request-2253-textDocument/foldingRange on Thread 3368
Took 0ms to process request-2254-textDocument/codeAction on Thread 3369
Took 0ms to process request-2255-textDocument/documentSymbol on Thread 3367
Took 0ms to process notification-textDocument/didChange on Thread 3366
Took 0ms to process request-2256-textDocument/inlayHint on Thread 3368
Took 0ms to process request-2257-textDocument/semanticTokens/range on Thread 3369
Took 0ms to process request-2258-textDocument/foldingRange on Thread 3367
Took 0ms to process request-2259-textDocument/codeAction on Thread 3370
Took 0ms to process request-2260-textDocument/documentSymbol on Thread 3368
Took 0ms to process notification-textDocument/didChange on Thread 3366
Took 0ms to process request-2261-textDocument/inlayHint on Thread 3367
Took 0ms to process request-2262-textDocument/semanticTokens/range on Thread 3370
Took 0ms to process request-2263-textDocument/foldingRange on Thread 3368
Took 0ms to process request-2264-textDocument/codeAction on Thread 3369
Took 0ms to process request-2265-textDocument/documentSymbol on Thread 3367
Took 0ms to process request-2266-textDocument/inlayHint on Thread 3370
Took 0ms to process request-2267-textDocument/willSaveWaitUntil on Thread 3368
Took 0ms to process notification-textDocument/didSave on Thread 3366
Took 0ms to process request-2268-textDocument/codeAction on Thread 3369
Took 0ms to process notification-textDocument/didChange on Thread 3366
Took 0ms to process request-2269-textDocument/inlayHint on Thread 3370
Took 0ms to process request-2270-textDocument/semanticTokens/range on Thread 3368
Took 0ms to process request-2271-textDocument/foldingRange on Thread 3369
Took 0ms to process request-2272-textDocument/codeAction on Thread 3367
Took 0ms to process request-2273-textDocument/documentSymbol on Thread 3370
Took 0ms to process request-2274-textDocument/inlayHint on Thread 3368
Took 0ms to process request-2275-textDocument/willSaveWaitUntil on Thread 3369
Took 0ms to process notification-textDocument/didSave on Thread 3366
Took 0ms to process notification-textDocument/didChange on Thread 3366
Took 0ms to process request-2276-textDocument/inlayHint on Thread 3370
Took 0ms to process request-2277-textDocument/semanticTokens/range on Thread 3368
Took 0ms to process request-2278-textDocument/foldingRange on Thread 3369
Took 0ms to process request-2279-textDocument/codeAction on Thread 3367
Took 0ms to process request-2280-textDocument/documentSymbol on Thread 3370
Took 0ms to process request-2281-textDocument/inlayHint on Thread 3368
Took 0ms to process request-2282-textDocument/willSaveWaitUntil on Thread 3369
Took 0ms to process notification-textDocument/didSave on Thread 3366
Took 0ms to process notification-textDocument/didChange on Thread 3366
Took 0ms to process request-2283-textDocument/inlayHint on Thread 3370
Took 0ms to process request-2284-textDocument/semanticTokens/range on Thread 3368
Took 0ms to process request-2285-textDocument/foldingRange on Thread 3369
Took 0ms to process request-2286-textDocument/codeAction on Thread 3367
Took 0ms to process request-2287-textDocument/documentSymbol on Thread 3370
Took 0ms to process notification-textDocument/didChange on Thread 3366
Took 0ms to process request-2288-textDocument/inlayHint on Thread 3369
Took 0ms to process request-2289-textDocument/semanticTokens/range on Thread 3367
Took 0ms to process request-2290-textDocument/foldingRange on Thread 3370
Took 0ms to process request-2291-textDocument/codeAction on Thread 3368
Took 0ms to process request-2292-textDocument/documentSymbol on Thread 3369
Took 0ms to process request-2293-textDocument/inlayHint on Thread 3367
Took 0ms to process request-2294-textDocument/codeAction on Thread 3370
Took 0ms to process request-2295-textDocument/willSaveWaitUntil on Thread 3368
Took 0ms to process notification-textDocument/didSave on Thread 3366
Took 0ms to process request-2296-textDocument/codeAction on Thread 3369
Took 0ms to process request-2297-textDocument/codeAction on Thread 3367
Took 0ms to process notification-textDocument/didChange on Thread 3366
Took 0ms to process request-2298-textDocument/inlayHint on Thread 3368
Took 0ms to process request-2299-textDocument/semanticTokens/range on Thread 3369
Took 0ms to process request-2300-textDocument/foldingRange on Thread 3367
Took 15ms to process request-2301-textDocument/codeAction on Thread 3370
Took 0ms to process request-2302-textDocument/documentSymbol on Thread 3368
Took 0ms to process notification-textDocument/didChange on Thread 3366
Took 0ms to process request-2303-textDocument/inlayHint on Thread 3367
Took 0ms to process request-2304-textDocument/semanticTokens/range on Thread 3370
Took 0ms to process request-2305-textDocument/foldingRange on Thread 3368
Took 17ms to process request-2306-textDocument/codeAction on Thread 3369
Took 0ms to process request-2307-textDocument/documentSymbol on Thread 3367
Took 0ms to process notification-textDocument/didChange on Thread 3366
Took 0ms to process request-2308-textDocument/inlayHint on Thread 3368
Took 0ms to process request-2309-textDocument/semanticTokens/range on Thread 3369
Took 0ms to process request-2310-textDocument/foldingRange on Thread 3367
Took 0ms to process request-2311-textDocument/documentSymbol on Thread 3370
Took 0ms to process request-2312-textDocument/inlayHint on Thread 3368
Took 0ms to process request-2313-textDocument/willSaveWaitUntil on Thread 3369
Took 0ms to process notification-textDocument/didSave on Thread 3366
Took 0ms to process notification-textDocument/didChange on Thread 3366
Took 2ms to process request-2314-textDocument/completion on Thread 3370
Took 0ms to process request-2315-textDocument/inlayHint on Thread 3368
Took 0ms to process request-2316-textDocument/semanticTokens/range on Thread 3369
Took 0ms to process notification-textDocument/didChange on Thread 3366
Took 0ms to process request-2317-textDocument/inlayHint on Thread 3370
Took 0ms to process request-2318-textDocument/semanticTokens/range on Thread 3368
Took 0ms to process request-2319-textDocument/foldingRange on Thread 3369
Took 0ms to process request-2320-textDocument/codeAction on Thread 3367
Took 0ms to process request-2321-textDocument/documentSymbol on Thread 3370
Took 0ms to process request-2322-textDocument/inlayHint on Thread 3368
Took 0ms to process request-2323-textDocument/willSaveWaitUntil on Thread 3369
Took 0ms to process notification-textDocument/didSave on Thread 3366
Took 0ms to process notification-textDocument/didChange on Thread 3366
Took 0ms to process request-2324-textDocument/inlayHint on Thread 3370
Took 0ms to process request-2325-textDocument/semanticTokens/range on Thread 3368
Took 0ms to process request-2326-textDocument/foldingRange on Thread 3369
Took 0ms to process request-2327-textDocument/codeAction on Thread 3367
Took 0ms to process request-2328-textDocument/documentSymbol on Thread 3370
Took 0ms to process notification-textDocument/didChange on Thread 3366
Took 0ms to process request-2329-textDocument/completion on Thread 3369
Took 0ms to process request-2330-textDocument/inlayHint on Thread 3367
Took 0ms to process request-2331-textDocument/semanticTokens/range on Thread 3370
Took 0ms to process request-2332-textDocument/foldingRange on Thread 3368
Took 0ms to process request-2333-textDocument/codeAction on Thread 3369
Took 0ms to process request-2334-textDocument/documentSymbol on Thread 3367
Took 0ms to process request-2335-textDocument/inlayHint on Thread 3370
Took 0ms to process request-2336-textDocument/willSaveWaitUntil on Thread 3368
Took 0ms to process notification-textDocument/didSave on Thread 3366
Took 0ms to process notification-textDocument/didChange on Thread 3366
Took 0ms to process request-2337-textDocument/inlayHint on Thread 3367
Took 0ms to process request-2338-textDocument/semanticTokens/range on Thread 3370
Took 0ms to process request-2339-textDocument/foldingRange on Thread 3368
Took 0ms to process request-2340-textDocument/codeAction on Thread 3369
Took 0ms to process request-2341-textDocument/documentSymbol on Thread 3367
Took 0ms to process request-2342-textDocument/inlayHint on Thread 3370
Took 0ms to process request-2343-textDocument/willSaveWaitUntil on Thread 3368
Took 0ms to process notification-textDocument/didSave on Thread 3366
Took 0ms to process notification-textDocument/didChange on Thread 3366
Took 0ms to process request-2344-textDocument/inlayHint on Thread 3367
Took 0ms to process request-2345-textDocument/semanticTokens/range on Thread 3370
Took 0ms to process notification-textDocument/didChange on Thread 3366
Took 0ms to process request-2346-textDocument/inlayHint on Thread 3369
Took 0ms to process request-2347-textDocument/semanticTokens/range on Thread 3367
Took 0ms to process request-2348-textDocument/foldingRange on Thread 3370
Took 0ms to process request-2349-textDocument/codeAction on Thread 3368
Took 0ms to process request-2350-textDocument/documentSymbol on Thread 3369
Took 0ms to process notification-textDocument/didChange on Thread 3366
Took 0ms to process request-2351-textDocument/inlayHint on Thread 3370
Took 0ms to process request-2352-textDocument/semanticTokens/range on Thread 3368
Took 0ms to process request-2353-textDocument/foldingRange on Thread 3369
Took 0ms to process notification-textDocument/didChange on Thread 3366
Took 0ms to process request-2354-textDocument/inlayHint on Thread 3370
Took 0ms to process request-2355-textDocument/semanticTokens/range on Thread 3368
Took 0ms to process request-2356-textDocument/foldingRange on Thread 3369
Took 0ms to process request-2357-textDocument/documentSymbol on Thread 3367
Took 0ms to process request-2358-textDocument/inlayHint on Thread 3370
Took 0ms to process request-2359-textDocument/willSaveWaitUntil on Thread 3368
Took 0ms to process notification-textDocument/didSave on Thread 3366
Took 0ms to process notification-textDocument/didChange on Thread 3366
Took 1ms to process request-2360-textDocument/completion on Thread 3367
Took 0ms to process request-2361-textDocument/inlayHint on Thread 3370
Took 0ms to process request-2362-textDocument/semanticTokens/range on Thread 3368
Took 0ms to process notification-textDocument/didChange on Thread 3366
Took 0ms to process request-2363-textDocument/inlayHint on Thread 3367
Took 0ms to process request-2364-textDocument/semanticTokens/range on Thread 3370
Took 0ms to process request-2365-textDocument/foldingRange on Thread 3368
Took 17ms to process request-2366-textDocument/codeAction on Thread 3369
Took 0ms to process request-2367-textDocument/documentSymbol on Thread 3367
Took 0ms to process notification-textDocument/didChange on Thread 3366
Took 0ms to process request-2368-textDocument/inlayHint on Thread 3368
Took 0ms to process request-2369-textDocument/semanticTokens/range on Thread 3369
Took 0ms to process request-2370-textDocument/foldingRange on Thread 3367
Took 0ms to process request-2371-textDocument/codeAction on Thread 3370
Took 0ms to process request-2372-textDocument/documentSymbol on Thread 3368
Took 0ms to process request-2373-textDocument/inlayHint on Thread 3369
Took 0ms to process request-2374-textDocument/willSaveWaitUntil on Thread 3367
Took 0ms to process notification-textDocument/didSave on Thread 3366
Took 0ms to process notification-textDocument/didChange on Thread 3366
Took 0ms to process request-2375-textDocument/inlayHint on Thread 3368
Took 0ms to process request-2376-textDocument/semanticTokens/range on Thread 3369
Took 0ms to process request-2377-textDocument/foldingRange on Thread 3367
Took 0ms to process request-2378-textDocument/codeAction on Thread 3370
Took 0ms to process request-2379-textDocument/documentSymbol on Thread 3368
Took 0ms to process notification-textDocument/didChange on Thread 3366
Took 0ms to process request-2380-textDocument/inlayHint on Thread 3367
Took 0ms to process request-2381-textDocument/semanticTokens/range on Thread 3370
Took 0ms to process notification-textDocument/didChange on Thread 3366
Took 0ms to process request-2382-textDocument/inlayHint on Thread 3369
Took 0ms to process request-2383-textDocument/semanticTokens/range on Thread 3367
Took 0ms to process notification-textDocument/didChange on Thread 3366
Took 0ms to process request-2384-textDocument/inlayHint on Thread 3368
Took 0ms to process request-2385-textDocument/semanticTokens/range on Thread 3369
Took 0ms to process request-2386-textDocument/foldingRange on Thread 3367
Took 0ms to process notification-textDocument/didChange on Thread 3366
Took 0ms to process request-2387-textDocument/inlayHint on Thread 3368
Took 0ms to process request-2388-textDocument/semanticTokens/range on Thread 3369
Took 0ms to process request-2389-textDocument/foldingRange on Thread 3367
Took 0ms to process request-2390-textDocument/codeAction on Thread 3370
Took 0ms to process request-2391-textDocument/documentSymbol on Thread 3368
Took 0ms to process notification-textDocument/didChange on Thread 3366
Took 0ms to process request-2392-textDocument/inlayHint on Thread 3367
Took 0ms to process request-2393-textDocument/semanticTokens/range on Thread 3370
Took 0ms to process request-2394-textDocument/foldingRange on Thread 3368
Took 0ms to process request-2395-textDocument/codeAction on Thread 3369
Took 0ms to process request-2396-textDocument/documentSymbol on Thread 3367
Took 0ms to process notification-textDocument/didChange on Thread 3366
Took 0ms to process request-2397-textDocument/inlayHint on Thread 3368
Took 0ms to process request-2398-textDocument/semanticTokens/range on Thread 3369
Took 0ms to process request-2399-textDocument/foldingRange on Thread 3367
Took 0ms to process request-2400-textDocument/codeAction on Thread 3370
Took 0ms to process request-2401-textDocument/documentSymbol on Thread 3368
Took 0ms to process notification-textDocument/didChange on Thread 3366
Took 0ms to process request-2402-textDocument/inlayHint on Thread 3367
Took 0ms to process request-2403-textDocument/semanticTokens/range on Thread 3370
Took 0ms to process request-2404-textDocument/foldingRange on Thread 3368
Took 0ms to process notification-textDocument/didChange on Thread 3366
Took 0ms to process notification-textDocument/didChange on Thread 3366
Took 0ms to process request-2405-textDocument/inlayHint on Thread 3370
Took 0ms to process request-2406-textDocument/semanticTokens/range on Thread 3368
Took 0ms to process request-2407-textDocument/foldingRange on Thread 3369
Took 0ms to process request-2408-textDocument/codeAction on Thread 3367
Took 0ms to process request-2409-textDocument/documentSymbol on Thread 3370
Took 0ms to process notification-textDocument/didChange on Thread 3366
Took 0ms to process request-2410-textDocument/inlayHint on Thread 3369
Took 0ms to process request-2411-textDocument/semanticTokens/range on Thread 3367
Took 0ms to process notification-textDocument/didChange on Thread 3366
Took 0ms to process request-2412-textDocument/inlayHint on Thread 3368
Took 0ms to process request-2413-textDocument/semanticTokens/range on Thread 3369
Took 0ms to process request-2414-textDocument/foldingRange on Thread 3367
Took 0ms to process request-2415-textDocument/codeAction on Thread 3370
Took 0ms to process request-2416-textDocument/documentSymbol on Thread 3368
Took 0ms to process notification-textDocument/didChange on Thread 3366
Took 0ms to process request-2417-textDocument/inlayHint on Thread 3367
Took 0ms to process request-2418-textDocument/semanticTokens/range on Thread 3370
Took 0ms to process request-2419-textDocument/foldingRange on Thread 3368
Took 0ms to process request-2420-textDocument/codeAction on Thread 3369
Took 0ms to process request-2421-textDocument/documentSymbol on Thread 3367
Took 0ms to process notification-textDocument/didChange on Thread 3366
Took 0ms to process request-2422-textDocument/inlayHint on Thread 3368
Took 0ms to process request-2423-textDocument/semanticTokens/range on Thread 3369
Took 0ms to process notification-textDocument/didChange on Thread 3366
Took 0ms to process request-2424-textDocument/inlayHint on Thread 3370
Took 0ms to process request-2425-textDocument/semanticTokens/range on Thread 3368
Took 0ms to process notification-textDocument/didChange on Thread 3366
Took 0ms to process request-2426-textDocument/inlayHint on Thread 3367
Took 0ms to process request-2427-textDocument/semanticTokens/range on Thread 3370
Took 0ms to process request-2428-textDocument/foldingRange on Thread 3368
Took 0ms to process request-2429-textDocument/codeAction on Thread 3369
Took 0ms to process request-2430-textDocument/documentSymbol on Thread 3367
Took 0ms to process request-2431-textDocument/inlayHint on Thread 3370
Took 0ms to process request-2432-textDocument/willSaveWaitUntil on Thread 3368
Took 0ms to process notification-textDocument/didSave on Thread 3366
Took 0ms to process notification-textDocument/didChange on Thread 3366
Took 0ms to process request-2433-textDocument/inlayHint on Thread 3367
Took 0ms to process request-2434-textDocument/semanticTokens/range on Thread 3370
Took 0ms to process request-2435-textDocument/foldingRange on Thread 3368
Took 0ms to process request-2436-textDocument/codeAction on Thread 3369
Took 0ms to process notification-textDocument/didChange on Thread 3366
Took 0ms to process request-2437-textDocument/inlayHint on Thread 3370
Took 0ms to process request-2438-textDocument/semanticTokens/range on Thread 3368
Took 0ms to process request-2439-textDocument/foldingRange on Thread 3369
Took 0ms to process request-2440-textDocument/codeAction on Thread 3367
Took 0ms to process request-2441-textDocument/documentSymbol on Thread 3370
Took 0ms to process request-2442-textDocument/inlayHint on Thread 3368
Took 0ms to process request-2443-textDocument/willSaveWaitUntil on Thread 3369
Took 0ms to process notification-textDocument/didSave on Thread 3366
Took 0ms to process request-2444-textDocument/codeAction on Thread 3367
Took 0ms to process request-2445-textDocument/codeAction on Thread 3370
Took 0ms to process request-2446-textDocument/codeAction on Thread 3368
Took 0ms to process request-2447-textDocument/codeAction on Thread 3369
Took 0ms to process notification-textDocument/didChange on Thread 3366
Took 0ms to process request-2448-textDocument/inlayHint on Thread 3370
Took 0ms to process request-2449-textDocument/semanticTokens/range on Thread 3368
Took 0ms to process request-2450-textDocument/foldingRange on Thread 3369
Took 14ms to process request-2451-textDocument/codeAction on Thread 3367
Took 0ms to process request-2452-textDocument/documentSymbol on Thread 3370
Took 0ms to process notification-textDocument/didChange on Thread 3366
Took 0ms to process request-2453-textDocument/inlayHint on Thread 3369
Took 0ms to process request-2454-textDocument/semanticTokens/range on Thread 3367
Took 0ms to process request-2455-textDocument/foldingRange on Thread 3370
Took 16ms to process request-2456-textDocument/codeAction on Thread 3368
Took 0ms to process request-2457-textDocument/documentSymbol on Thread 3369
Took 0ms to process notification-textDocument/didChange on Thread 3366
Took 0ms to process request-2458-textDocument/inlayHint on Thread 3370
Took 0ms to process request-2459-textDocument/semanticTokens/range on Thread 3368
Took 0ms to process request-2460-textDocument/foldingRange on Thread 3369
Took 0ms to process request-2461-textDocument/documentSymbol on Thread 3367
Took 0ms to process request-2462-textDocument/inlayHint on Thread 3370
Took 0ms to process request-2463-textDocument/willSaveWaitUntil on Thread 3368
Took 0ms to process notification-textDocument/didSave on Thread 3366
Took 0ms to process notification-textDocument/didChange on Thread 3366
Took 1ms to process request-2464-textDocument/completion on Thread 3367
Took 0ms to process request-2465-textDocument/inlayHint on Thread 3370
Took 0ms to process request-2466-textDocument/semanticTokens/range on Thread 3368
Took 0ms to process request-2467-textDocument/foldingRange on Thread 3369
Took 0ms to process request-2468-textDocument/codeAction on Thread 3367
Took 0ms to process request-2469-textDocument/documentSymbol on Thread 3370
Took 0ms to process notification-textDocument/didChange on Thread 3366
Took 0ms to process request-2470-textDocument/inlayHint on Thread 3369
Took 0ms to process request-2471-textDocument/semanticTokens/range on Thread 3367
Took 0ms to process notification-textDocument/didChange on Thread 3366
Took 0ms to process request-2472-textDocument/inlayHint on Thread 3368
Took 0ms to process request-2473-textDocument/semanticTokens/range on Thread 3369
Took 0ms to process request-2474-textDocument/foldingRange on Thread 3367
Took 0ms to process request-2475-textDocument/codeAction on Thread 3370
Took 0ms to process request-2476-textDocument/documentSymbol on Thread 3368
Took 0ms to process request-2477-textDocument/inlayHint on Thread 3369
Took 0ms to process request-2478-textDocument/willSaveWaitUntil on Thread 3367
Took 0ms to process notification-textDocument/didSave on Thread 3366
Took 0ms to process notification-textDocument/didChange on Thread 3366
Took 0ms to process request-2479-textDocument/inlayHint on Thread 3368
Took 0ms to process request-2480-textDocument/semanticTokens/range on Thread 3369
Took 0ms to process request-2481-textDocument/foldingRange on Thread 3367
Took 0ms to process request-2482-textDocument/codeAction on Thread 3370
Took 0ms to process notification-textDocument/didChange on Thread 3366
Took 0ms to process request-2483-textDocument/completion on Thread 3369
Took 0ms to process request-2484-textDocument/inlayHint on Thread 3367
Took 0ms to process request-2485-textDocument/semanticTokens/range on Thread 3370
Took 0ms to process request-2486-textDocument/foldingRange on Thread 3368
Took 0ms to process request-2487-textDocument/codeAction on Thread 3369
Took 0ms to process request-2488-textDocument/documentSymbol on Thread 3367
Took 0ms to process request-2489-textDocument/inlayHint on Thread 3370
Took 0ms to process request-2490-textDocument/willSaveWaitUntil on Thread 3368
Took 0ms to process notification-textDocument/didSave on Thread 3366
Took 0ms to process notification-textDocument/didChange on Thread 3366
Took 0ms to process request-2491-textDocument/inlayHint on Thread 3367
Took 0ms to process request-2492-textDocument/semanticTokens/range on Thread 3370
Took 0ms to process request-2493-textDocument/foldingRange on Thread 3368
Took 0ms to process request-2494-textDocument/codeAction on Thread 3369
Took 0ms to process request-2495-textDocument/documentSymbol on Thread 3367
Took 0ms to process request-2496-textDocument/inlayHint on Thread 3370
Took 0ms to process notification-textDocument/didChange on Thread 3366
Took 0ms to process request-2497-textDocument/inlayHint on Thread 3369
Took 0ms to process request-2498-textDocument/semanticTokens/range on Thread 3367
Took 0ms to process notification-textDocument/didChange on Thread 3366
Took 0ms to process request-2499-textDocument/inlayHint on Thread 3368
Took 0ms to process request-2500-textDocument/semanticTokens/range on Thread 3369
Took 0ms to process request-2501-textDocument/foldingRange on Thread 3367
Took 0ms to process request-2502-textDocument/codeAction on Thread 3370
Took 0ms to process request-2503-textDocument/documentSymbol on Thread 3368
Took 0ms to process notification-textDocument/didChange on Thread 3366
Took 0ms to process request-2504-textDocument/inlayHint on Thread 3367
Took 0ms to process request-2505-textDocument/semanticTokens/range on Thread 3370
Took 0ms to process request-2506-textDocument/foldingRange on Thread 3368
Took 0ms to process request-2507-textDocument/codeAction on Thread 3369
Took 0ms to process notification-textDocument/didChange on Thread 3366
Took 0ms to process request-2508-textDocument/inlayHint on Thread 3370
Took 0ms to process request-2509-textDocument/semanticTokens/range on Thread 3368
Took 0ms to process request-2510-textDocument/foldingRange on Thread 3369
Took 0ms to process request-2511-textDocument/documentSymbol on Thread 3367
Took 0ms to process request-2512-textDocument/inlayHint on Thread 3370
Took 0ms to process request-2513-textDocument/willSaveWaitUntil on Thread 3368
Took 0ms to process notification-textDocument/didSave on Thread 3366
Took 0ms to process notification-textDocument/didChange on Thread 3366
Took 1ms to process request-2514-textDocument/completion on Thread 3367
Took 0ms to process request-2515-textDocument/inlayHint on Thread 3370
Took 0ms to process request-2516-textDocument/semanticTokens/range on Thread 3368
Took 0ms to process notification-textDocument/didChange on Thread 3366
Took 0ms to process request-2517-textDocument/inlayHint on Thread 3367
Took 0ms to process request-2518-textDocument/semanticTokens/range on Thread 3370
Took 0ms to process request-2519-textDocument/foldingRange on Thread 3368
Took 16ms to process request-2520-textDocument/codeAction on Thread 3369
Took 0ms to process request-2521-textDocument/documentSymbol on Thread 3367
Took 0ms to process notification-textDocument/didChange on Thread 3366
Took 0ms to process request-2522-textDocument/inlayHint on Thread 3368
Took 0ms to process request-2523-textDocument/semanticTokens/range on Thread 3369
Took 0ms to process request-2524-textDocument/foldingRange on Thread 3367
Took 0ms to process request-2525-textDocument/codeAction on Thread 3370
Took 0ms to process request-2526-textDocument/documentSymbol on Thread 3368
Took 0ms to process request-2527-textDocument/inlayHint on Thread 3369
Took 0ms to process request-2528-textDocument/willSaveWaitUntil on Thread 3367
Took 0ms to process notification-textDocument/didSave on Thread 3366
Took 0ms to process notification-textDocument/didChange on Thread 3366
Took 0ms to process request-2529-textDocument/inlayHint on Thread 3368
Took 0ms to process request-2530-textDocument/semanticTokens/range on Thread 3369
Took 0ms to process request-2531-textDocument/foldingRange on Thread 3367
Took 0ms to process request-2532-textDocument/codeAction on Thread 3370
Took 0ms to process request-2533-textDocument/documentSymbol on Thread 3368
Took 0ms to process notification-textDocument/didChange on Thread 3366
Took 0ms to process request-2534-textDocument/inlayHint on Thread 3367
Took 0ms to process request-2535-textDocument/semanticTokens/range on Thread 3370
Took 0ms to process notification-textDocument/didChange on Thread 3366
Took 0ms to process request-2536-textDocument/inlayHint on Thread 3369
Took 0ms to process request-2537-textDocument/semanticTokens/range on Thread 3367
Took 0ms to process request-2538-textDocument/foldingRange on Thread 3370
Took 0ms to process notification-textDocument/didChange on Thread 3366
Took 0ms to process request-2539-textDocument/inlayHint on Thread 3369
Took 0ms to process request-2540-textDocument/semanticTokens/range on Thread 3367
Took 0ms to process request-2541-textDocument/foldingRange on Thread 3370
Took 0ms to process request-2542-textDocument/codeAction on Thread 3368
Took 0ms to process request-2543-textDocument/documentSymbol on Thread 3369
Took 0ms to process notification-textDocument/didChange on Thread 3366
Took 0ms to process request-2544-textDocument/inlayHint on Thread 3370
Took 0ms to process request-2545-textDocument/semanticTokens/range on Thread 3368
Took 0ms to process request-2546-textDocument/foldingRange on Thread 3369
Took 0ms to process request-2547-textDocument/codeAction on Thread 3367
Took 0ms to process request-2548-textDocument/documentSymbol on Thread 3370
Took 0ms to process notification-textDocument/didChange on Thread 3366
Took 0ms to process request-2549-textDocument/inlayHint on Thread 3369
Took 0ms to process request-2550-textDocument/semanticTokens/range on Thread 3367
Took 0ms to process request-2551-textDocument/foldingRange on Thread 3370
Took 0ms to process request-2552-textDocument/codeAction on Thread 3368
Took 0ms to process request-2553-textDocument/documentSymbol on Thread 3369
Took 0ms to process notification-textDocument/didChange on Thread 3366
Took 0ms to process request-2554-textDocument/inlayHint on Thread 3370
Took 0ms to process request-2555-textDocument/semanticTokens/range on Thread 3368
Took 0ms to process request-2556-textDocument/foldingRange on Thread 3369
Took 0ms to process request-2557-textDocument/codeAction on Thread 3367
Took 0ms to process request-2558-textDocument/documentSymbol on Thread 3370
Took 0ms to process notification-textDocument/didChange on Thread 3366
Took 0ms to process request-2559-textDocument/inlayHint on Thread 3369
Took 0ms to process request-2560-textDocument/semanticTokens/range on Thread 3367
Took 0ms to process request-2561-textDocument/foldingRange on Thread 3370
Took 0ms to process notification-textDocument/didChange on Thread 3366
Took 0ms to process request-2562-textDocument/inlayHint on Thread 3369
Took 0ms to process request-2563-textDocument/semanticTokens/range on Thread 3367
Took 0ms to process request-2564-textDocument/foldingRange on Thread 3370
Took 0ms to process request-2565-textDocument/codeAction on Thread 3368
Took 0ms to process request-2566-textDocument/documentSymbol on Thread 3369
Took 0ms to process notification-textDocument/didChange on Thread 3366
Took 0ms to process request-2567-textDocument/inlayHint on Thread 3370
Took 0ms to process request-2568-textDocument/semanticTokens/range on Thread 3368
Took 0ms to process request-2569-textDocument/foldingRange on Thread 3369
Took 0ms to process request-2570-textDocument/codeAction on Thread 3367
Took 0ms to process request-2571-textDocument/documentSymbol on Thread 3370
Took 0ms to process request-2572-textDocument/inlayHint on Thread 3368
Took 0ms to process request-2573-textDocument/willSaveWaitUntil on Thread 3369
Took 0ms to process notification-textDocument/didSave on Thread 3366
Took 0ms to process notification-textDocument/didChange on Thread 3366
Took 0ms to process request-2574-textDocument/inlayHint on Thread 3370
Took 0ms to process request-2575-textDocument/semanticTokens/range on Thread 3368
Took 0ms to process request-2576-textDocument/foldingRange on Thread 3369
Took 0ms to process request-2577-textDocument/codeAction on Thread 3367
Took 0ms to process notification-textDocument/didChange on Thread 3366
Took 0ms to process request-2578-textDocument/inlayHint on Thread 3368
Took 0ms to process request-2579-textDocument/semanticTokens/range on Thread 3369
Took 0ms to process request-2580-textDocument/foldingRange on Thread 3367
Took 0ms to process request-2581-textDocument/codeAction on Thread 3370
Took 0ms to process request-2582-textDocument/documentSymbol on Thread 3368
Took 0ms to process request-2583-textDocument/inlayHint on Thread 3369
Took 0ms to process request-2584-textDocument/willSaveWaitUntil on Thread 3367
Took 0ms to process notification-textDocument/didSave on Thread 3366
Took 0ms to process request-2585-textDocument/codeAction on Thread 3370
Took 0ms to process request-2586-textDocument/codeAction on Thread 3368
Took 0ms to process request-2587-textDocument/codeAction on Thread 3369
Took 0ms to process request-2588-textDocument/codeAction on Thread 3367
Took 0ms to process notification-textDocument/didChange on Thread 3366
Took 0ms to process request-2589-textDocument/inlayHint on Thread 3368
Took 0ms to process request-2590-textDocument/semanticTokens/range on Thread 3369
Took 0ms to process request-2591-textDocument/foldingRange on Thread 3367
Took 16ms to process request-2592-textDocument/codeAction on Thread 3370
Took 0ms to process request-2593-textDocument/documentSymbol on Thread 3368
Took 0ms to process request-2594-textDocument/inlayHint on Thread 3369
Took 0ms to process request-2595-textDocument/willSaveWaitUntil on Thread 3367
Took 0ms to process notification-textDocument/didSave on Thread 3366
Took 0ms to process notification-textDocument/didChange on Thread 3366
Took 0ms to process request-2596-textDocument/inlayHint on Thread 3368
Took 0ms to process request-2597-textDocument/semanticTokens/range on Thread 3369
Took 0ms to process request-2598-textDocument/foldingRange on Thread 3367
Took 13ms to process request-2599-textDocument/codeAction on Thread 3370
Took 0ms to process request-2600-textDocument/documentSymbol on Thread 3368
Took 0ms to process notification-textDocument/didChange on Thread 3366
Took 0ms to process request-2601-textDocument/inlayHint on Thread 3367
Took 0ms to process request-2602-textDocument/semanticTokens/range on Thread 3370
Took 0ms to process request-2603-textDocument/foldingRange on Thread 3368
Took 0ms to process request-2604-textDocument/documentSymbol on Thread 3369
Took 0ms to process request-2605-textDocument/inlayHint on Thread 3367
Took 0ms to process notification-textDocument/didChange on Thread 3366
Took 1ms to process request-2606-textDocument/completion on Thread 3368
Took 0ms to process request-2607-textDocument/inlayHint on Thread 3369
Took 0ms to process request-2608-textDocument/semanticTokens/range on Thread 3367
Took 0ms to process notification-textDocument/didChange on Thread 3366
Took 0ms to process request-2609-textDocument/inlayHint on Thread 3368
Took 0ms to process request-2610-textDocument/semanticTokens/range on Thread 3369
Took 0ms to process notification-textDocument/didChange on Thread 3366
Took 0ms to process request-2611-textDocument/inlayHint on Thread 3370
Took 0ms to process request-2612-textDocument/semanticTokens/range on Thread 3368
Took 0ms to process notification-textDocument/didChange on Thread 3366
Took 0ms to process request-2613-textDocument/inlayHint on Thread 3367
Took 0ms to process request-2614-textDocument/semanticTokens/range on Thread 3370
Took 0ms to process request-2615-textDocument/foldingRange on Thread 3368
Took 0ms to process request-2616-textDocument/codeAction on Thread 3369
Took 0ms to process request-2617-textDocument/documentSymbol on Thread 3367
Took 0ms to process request-2618-textDocument/inlayHint on Thread 3370
Took 0ms to process request-2619-textDocument/willSaveWaitUntil on Thread 3368
Took 0ms to process notification-textDocument/didSave on Thread 3366
Took 0ms to process notification-textDocument/didChange on Thread 3366
Took 0ms to process request-2620-textDocument/inlayHint on Thread 3367
Took 0ms to process request-2621-textDocument/semanticTokens/range on Thread 3370
Took 0ms to process request-2622-textDocument/foldingRange on Thread 3368
Took 0ms to process request-2623-textDocument/codeAction on Thread 3369
Took 0ms to process request-2624-textDocument/documentSymbol on Thread 3367
Took 0ms to process notification-textDocument/didChange on Thread 3366
Took 0ms to process request-2625-textDocument/completion on Thread 3368
Took 0ms to process request-2626-textDocument/inlayHint on Thread 3369
Took 0ms to process request-2627-textDocument/semanticTokens/range on Thread 3367
Took 0ms to process request-2628-textDocument/foldingRange on Thread 3370
Took 0ms to process request-2629-textDocument/codeAction on Thread 3368
Took 0ms to process request-2630-textDocument/documentSymbol on Thread 3369
Took 0ms to process request-2631-textDocument/inlayHint on Thread 3367
Took 0ms to process request-2632-textDocument/willSaveWaitUntil on Thread 3370
Took 0ms to process notification-textDocument/didSave on Thread 3366
Took 0ms to process notification-textDocument/didChange on Thread 3366
Took 0ms to process request-2633-textDocument/inlayHint on Thread 3369
Took 0ms to process request-2634-textDocument/semanticTokens/range on Thread 3367
Took 0ms to process request-2635-textDocument/foldingRange on Thread 3370
Took 0ms to process request-2636-textDocument/codeAction on Thread 3368
Took 0ms to process request-2637-textDocument/documentSymbol on Thread 3369
Took 0ms to process request-2638-textDocument/inlayHint on Thread 3367
Took 0ms to process notification-textDocument/didChange on Thread 3366
Took 0ms to process request-2639-textDocument/inlayHint on Thread 3368
Took 0ms to process request-2640-textDocument/semanticTokens/range on Thread 3369
Took 0ms to process notification-textDocument/didChange on Thread 3366
Took 0ms to process request-2641-textDocument/inlayHint on Thread 3370
Took 0ms to process request-2642-textDocument/semanticTokens/range on Thread 3368
Took 0ms to process request-2643-textDocument/foldingRange on Thread 3369
Took 0ms to process request-2644-textDocument/codeAction on Thread 3367
Took 0ms to process request-2645-textDocument/documentSymbol on Thread 3370
Took 0ms to process notification-textDocument/didChange on Thread 3366
Took 0ms to process request-2646-textDocument/inlayHint on Thread 3369
Took 0ms to process request-2647-textDocument/semanticTokens/range on Thread 3367
Took 0ms to process request-2648-textDocument/foldingRange on Thread 3370
Took 0ms to process request-2649-textDocument/codeAction on Thread 3368
Took 0ms to process notification-textDocument/didChange on Thread 3366
Took 0ms to process request-2650-textDocument/inlayHint on Thread 3367
Took 0ms to process request-2651-textDocument/semanticTokens/range on Thread 3370
Took 0ms to process request-2652-textDocument/foldingRange on Thread 3368
Took 0ms to process request-2653-textDocument/documentSymbol on Thread 3369
Took 0ms to process request-2654-textDocument/inlayHint on Thread 3367
Took 0ms to process request-2655-textDocument/willSaveWaitUntil on Thread 3370
Took 0ms to process notification-textDocument/didSave on Thread 3366
Took 0ms to process notification-textDocument/didChange on Thread 3366
Took 1ms to process request-2656-textDocument/completion on Thread 3369
Took 0ms to process request-2657-textDocument/inlayHint on Thread 3367
Took 0ms to process request-2658-textDocument/semanticTokens/range on Thread 3370
Took 0ms to process notification-textDocument/didChange on Thread 3366
Took 0ms to process request-2659-textDocument/inlayHint on Thread 3369
Took 0ms to process request-2660-textDocument/semanticTokens/range on Thread 3367
Took 0ms to process request-2661-textDocument/foldingRange on Thread 3370
Took 17ms to process request-2662-textDocument/codeAction on Thread 3368
Took 0ms to process request-2663-textDocument/documentSymbol on Thread 3369
Took 0ms to process notification-textDocument/didChange on Thread 3366
Took 0ms to process request-2664-textDocument/inlayHint on Thread 3370
Took 0ms to process request-2665-textDocument/semanticTokens/range on Thread 3368
Took 0ms to process request-2666-textDocument/foldingRange on Thread 3369
Took 0ms to process request-2667-textDocument/codeAction on Thread 3367
Took 0ms to process request-2668-textDocument/documentSymbol on Thread 3370
Took 0ms to process request-2669-textDocument/inlayHint on Thread 3368
Took 0ms to process request-2670-textDocument/willSaveWaitUntil on Thread 3369
Took 0ms to process notification-textDocument/didSave on Thread 3366
Took 0ms to process notification-textDocument/didChange on Thread 3366
Took 0ms to process request-2671-textDocument/inlayHint on Thread 3370
Took 0ms to process request-2672-textDocument/semanticTokens/range on Thread 3368
Took 0ms to process request-2673-textDocument/foldingRange on Thread 3369
Took 0ms to process request-2674-textDocument/codeAction on Thread 3367
Took 0ms to process request-2675-textDocument/documentSymbol on Thread 3370
Took 0ms to process notification-textDocument/didChange on Thread 3366
Took 0ms to process request-2676-textDocument/inlayHint on Thread 3369
Took 0ms to process request-2677-textDocument/semanticTokens/range on Thread 3367
Took 0ms to process request-2678-textDocument/foldingRange on Thread 3370
Took 0ms to process notification-textDocument/didChange on Thread 3366
Took 0ms to process request-2679-textDocument/inlayHint on Thread 3369
Took 0ms to process request-2680-textDocument/semanticTokens/range on Thread 3367
Took 0ms to process request-2681-textDocument/foldingRange on Thread 3370
Took 0ms to process notification-textDocument/didChange on Thread 3366
Took 0ms to process request-2682-textDocument/inlayHint on Thread 3369
Took 0ms to process request-2683-textDocument/semanticTokens/range on Thread 3367
Took 0ms to process request-2684-textDocument/foldingRange on Thread 3370
Took 0ms to process notification-textDocument/didChange on Thread 3366
Took 0ms to process request-2685-textDocument/inlayHint on Thread 3369
Took 0ms to process request-2686-textDocument/semanticTokens/range on Thread 3367
Took 0ms to process request-2687-textDocument/foldingRange on Thread 3370
Took 0ms to process request-2688-textDocument/codeAction on Thread 3368
Took 0ms to process request-2689-textDocument/documentSymbol on Thread 3369
Took 0ms to process notification-textDocument/didChange on Thread 3366
Took 0ms to process request-2690-textDocument/inlayHint on Thread 3370
Took 0ms to process request-2691-textDocument/semanticTokens/range on Thread 3368
Took 0ms to process request-2692-textDocument/foldingRange on Thread 3369
Took 0ms to process request-2693-textDocument/codeAction on Thread 3367
Took 0ms to process request-2694-textDocument/documentSymbol on Thread 3370
Took 0ms to process notification-textDocument/didChange on Thread 3366
Took 0ms to process request-2695-textDocument/inlayHint on Thread 3369
Took 0ms to process request-2696-textDocument/semanticTokens/range on Thread 3367
Took 0ms to process request-2697-textDocument/foldingRange on Thread 3370
Took 0ms to process request-2698-textDocument/codeAction on Thread 3368
Took 0ms to process request-2699-textDocument/documentSymbol on Thread 3369
Took 0ms to process notification-textDocument/didChange on Thread 3366
Took 0ms to process request-2700-textDocument/inlayHint on Thread 3370
Took 0ms to process request-2701-textDocument/semanticTokens/range on Thread 3368
Took 0ms to process request-2702-textDocument/foldingRange on Thread 3369
Took 0ms to process request-2703-textDocument/codeAction on Thread 3367
Took 0ms to process notification-textDocument/didChange on Thread 3366
Took 0ms to process request-2704-textDocument/inlayHint on Thread 3368
Took 0ms to process request-2705-textDocument/semanticTokens/range on Thread 3369
Took 0ms to process request-2706-textDocument/foldingRange on Thread 3367
Took 0ms to process request-2707-textDocument/codeAction on Thread 3370
Took 0ms to process notification-textDocument/didChange on Thread 3366
Took 0ms to process request-2708-textDocument/inlayHint on Thread 3369
Took 0ms to process request-2709-textDocument/semanticTokens/range on Thread 3367
Took 0ms to process request-2710-textDocument/foldingRange on Thread 3370
Took 0ms to process request-2711-textDocument/codeAction on Thread 3368
Took 0ms to process request-2712-textDocument/documentSymbol on Thread 3369
Took 0ms to process notification-textDocument/didChange on Thread 3366
Took 0ms to process request-2713-textDocument/inlayHint on Thread 3370
Took 0ms to process request-2714-textDocument/semanticTokens/range on Thread 3368
Took 0ms to process request-2715-textDocument/foldingRange on Thread 3369
Took 0ms to process request-2716-textDocument/codeAction on Thread 3367
Took 0ms to process request-2717-textDocument/documentSymbol on Thread 3370
Took 2ms to process request-2718-textDocument/inlayHint on Thread 3368
Took 0ms to process request-2719-textDocument/willSaveWaitUntil on Thread 3369
Took 0ms to process notification-textDocument/didSave on Thread 3366
Took 0ms to process request-2720-textDocument/documentHighlight on Thread 3367
Took 0ms to process request-2721-textDocument/hover on Thread 3370
Took 0ms to process request-2722-textDocument/hover on Thread 3368
Took 0ms to process request-2723-textDocument/hover on Thread 3369
Took 0ms to process request-2724-textDocument/codeAction on Thread 3367
Took 0ms to process request-2725-textDocument/hover on Thread 3370
Took 0ms to process notification-textDocument/didChange on Thread 3366
Took 0ms to process request-2726-textDocument/inlayHint on Thread 3369
Took 0ms to process request-2727-textDocument/semanticTokens/range on Thread 3367
Took 0ms to process request-2728-textDocument/foldingRange on Thread 3370
Took 0ms to process request-2729-textDocument/codeAction on Thread 3368
Took 0ms to process request-2730-textDocument/documentSymbol on Thread 3369
Took 0ms to process notification-textDocument/didChange on Thread 3366
Took 0ms to process request-2731-textDocument/inlayHint on Thread 3370
Took 0ms to process request-2732-textDocument/semanticTokens/range on Thread 3368
Took 0ms to process request-2733-textDocument/foldingRange on Thread 3369
Took 0ms to process request-2734-textDocument/codeAction on Thread 3367
Took 0ms to process notification-textDocument/didChange on Thread 3366
Took 0ms to process request-2735-textDocument/inlayHint on Thread 3368
Took 0ms to process request-2736-textDocument/semanticTokens/range on Thread 3369
Took 0ms to process request-2737-textDocument/foldingRange on Thread 3367
Took 0ms to process request-2738-textDocument/codeAction on Thread 3370
Took 0ms to process notification-textDocument/didChange on Thread 3366
Took 0ms to process request-2739-textDocument/inlayHint on Thread 3369
Took 0ms to process request-2740-textDocument/semanticTokens/range on Thread 3367
Took 0ms to process request-2741-textDocument/foldingRange on Thread 3370
Took 0ms to process request-2742-textDocument/codeAction on Thread 3368
Took 0ms to process request-2743-textDocument/documentSymbol on Thread 3369
Took 0ms to process request-2744-textDocument/inlayHint on Thread 3367
Took 0ms to process request-2745-textDocument/willSaveWaitUntil on Thread 3370
Took 0ms to process notification-textDocument/didSave on Thread 3366
Took 0ms to process request-2746-textDocument/hover on Thread 3368
Took 0ms to process request-2747-textDocument/documentHighlight on Thread 3369
Took 0ms to process request-2748-textDocument/codeAction on Thread 3367
Took 0ms to process request-2749-textDocument/documentHighlight on Thread 3370
Took 0ms to process request-2750-textDocument/codeAction on Thread 3368
Took 0ms to process notification-textDocument/didChange on Thread 3366
Took 0ms to process request-2751-textDocument/inlayHint on Thread 3367
Took 0ms to process request-2752-textDocument/semanticTokens/range on Thread 3370
Took 0ms to process request-2753-textDocument/foldingRange on Thread 3368
Took 0ms to process request-2754-textDocument/codeAction on Thread 3369
Took 0ms to process request-2755-textDocument/documentSymbol on Thread 3367
Took 0ms to process notification-textDocument/didChange on Thread 3366
Took 0ms to process request-2756-textDocument/inlayHint on Thread 3368
Took 0ms to process request-2757-textDocument/semanticTokens/range on Thread 3369
Took 0ms to process request-2758-textDocument/foldingRange on Thread 3367
Took 0ms to process request-2759-textDocument/codeAction on Thread 3370
Took 0ms to process request-2760-textDocument/documentSymbol on Thread 3368
Took 0ms to process notification-textDocument/didChange on Thread 3366
Took 0ms to process request-2761-textDocument/inlayHint on Thread 3367
Took 0ms to process request-2762-textDocument/semanticTokens/range on Thread 3370
Took 0ms to process notification-textDocument/didChange on Thread 3366
Took 0ms to process request-2763-textDocument/inlayHint on Thread 3369
Took 0ms to process request-2764-textDocument/semanticTokens/range on Thread 3367
Took 0ms to process notification-textDocument/didChange on Thread 3366
Took 0ms to process request-2765-textDocument/inlayHint on Thread 3368
Took 0ms to process request-2766-textDocument/semanticTokens/range on Thread 3369
Took 0ms to process request-2767-textDocument/foldingRange on Thread 3367
Took 0ms to process request-2768-textDocument/codeAction on Thread 3370
Took 0ms to process request-2769-textDocument/documentSymbol on Thread 3368
Took 0ms to process request-2770-textDocument/inlayHint on Thread 3369
Took 0ms to process request-2771-textDocument/willSaveWaitUntil on Thread 3367
Took 0ms to process notification-textDocument/didSave on Thread 3366
Took 0ms to process request-2772-textDocument/codeAction on Thread 3370
Took 0ms to process notification-textDocument/didChange on Thread 3366
Took 0ms to process request-2773-textDocument/inlayHint on Thread 3369
Took 0ms to process request-2774-textDocument/semanticTokens/range on Thread 3367
Took 0ms to process request-2775-textDocument/foldingRange on Thread 3370
Took 18ms to process request-2776-textDocument/codeAction on Thread 3368
Took 0ms to process request-2777-textDocument/documentSymbol on Thread 3369
Took 0ms to process notification-textDocument/didChange on Thread 3366
Took 0ms to process request-2778-textDocument/inlayHint on Thread 3370
Took 0ms to process request-2779-textDocument/semanticTokens/range on Thread 3368
Took 0ms to process request-2780-textDocument/foldingRange on Thread 3369
Took 17ms to process request-2781-textDocument/codeAction on Thread 3367
Took 0ms to process request-2782-textDocument/documentSymbol on Thread 3370
Took 0ms to process request-2783-textDocument/inlayHint on Thread 3368
Took 0ms to process request-2784-textDocument/willSaveWaitUntil on Thread 3369
Took 0ms to process notification-textDocument/didSave on Thread 3366
Took 0ms to process notification-textDocument/didChange on Thread 3366
Took 0ms to process request-2785-textDocument/inlayHint on Thread 3370
Took 0ms to process request-2786-textDocument/semanticTokens/range on Thread 3368
Took 0ms to process request-2787-textDocument/foldingRange on Thread 3369
Took 17ms to process request-2788-textDocument/codeAction on Thread 3367
Took 0ms to process request-2789-textDocument/documentSymbol on Thread 3370
Took 0ms to process request-2790-textDocument/inlayHint on Thread 3368
Took 0ms to process request-2791-textDocument/willSaveWaitUntil on Thread 3369
Took 0ms to process notification-textDocument/didSave on Thread 3366
Took 17ms to process request-2792-textDocument/codeAction on Thread 3367
Took 0ms to process request-2793-textDocument/inlayHint on Thread 3370
Took 0ms to process request-2794-textDocument/semanticTokens/range on Thread 3368
Took 0ms to process request-2795-textDocument/inlayHint on Thread 3369
Took 0ms to process request-2796-textDocument/inlayHint on Thread 3367
Took 0ms to process request-2797-textDocument/semanticTokens/range on Thread 3370
Took 0ms to process request-2798-textDocument/hover on Thread 3368
Took 15ms to process request-2799-textDocument/codeAction on Thread 3369
Took 0ms to process notification-textDocument/didChange on Thread 3366
Took 0ms to process request-2800-textDocument/inlayHint on Thread 3370
Took 0ms to process request-2801-textDocument/semanticTokens/range on Thread 3368
Took 0ms to process request-2802-textDocument/foldingRange on Thread 3369
Took 0ms to process notification-textDocument/didChange on Thread 3366
Took 0ms to process request-2803-textDocument/inlayHint on Thread 3370
Took 0ms to process request-2804-textDocument/semanticTokens/range on Thread 3368
Took 0ms to process request-2805-textDocument/foldingRange on Thread 3369
Took 0ms to process request-2806-textDocument/documentSymbol on Thread 3367
Took 0ms to process notification-textDocument/didChange on Thread 3366
Took 0ms to process request-2807-textDocument/completion on Thread 3368
Took 0ms to process request-2808-textDocument/inlayHint on Thread 3369
Took 0ms to process request-2809-textDocument/semanticTokens/range on Thread 3367
Took 0ms to process notification-textDocument/didChange on Thread 3366
Took 0ms to process request-2810-textDocument/completion on Thread 3368
Took 0ms to process request-2811-textDocument/inlayHint on Thread 3369
Took 0ms to process request-2812-textDocument/semanticTokens/range on Thread 3367
Took 0ms to process request-2813-textDocument/foldingRange on Thread 3368
Took 17ms to process request-2814-textDocument/codeAction on Thread 3370
Took 0ms to process request-2815-textDocument/documentSymbol on Thread 3369
Took 0ms to process request-2816-textDocument/inlayHint on Thread 3367
Took 0ms to process notification-textDocument/didChange on Thread 3366
Took 0ms to process request-2817-textDocument/inlayHint on Thread 3370
Took 0ms to process request-2818-textDocument/semanticTokens/range on Thread 3369
Took 0ms to process request-2819-textDocument/foldingRange on Thread 3367
Took 0ms to process request-2820-textDocument/documentSymbol on Thread 3368
Took 0ms to process notification-textDocument/didChange on Thread 3366
Took 0ms to process request-2821-textDocument/inlayHint on Thread 3369
Took 0ms to process request-2822-textDocument/semanticTokens/range on Thread 3367
Took 0ms to process request-2823-textDocument/foldingRange on Thread 3368
Took 17ms to process request-2824-textDocument/codeAction on Thread 3370
Took 0ms to process request-2825-textDocument/documentSymbol on Thread 3369
Took 0ms to process notification-textDocument/didChange on Thread 3366
Took 0ms to process request-2826-textDocument/inlayHint on Thread 3368
Took 0ms to process request-2827-textDocument/semanticTokens/range on Thread 3370
Took 0ms to process request-2828-textDocument/foldingRange on Thread 3369
Took 0ms to process notification-textDocument/didChange on Thread 3366
Took 0ms to process request-2829-textDocument/inlayHint on Thread 3368
Took 0ms to process request-2830-textDocument/semanticTokens/range on Thread 3370
Took 0ms to process notification-textDocument/didChange on Thread 3366
Took 0ms to process request-2831-textDocument/inlayHint on Thread 3367
Took 0ms to process request-2832-textDocument/semanticTokens/range on Thread 3368
Took 0ms to process notification-textDocument/didChange on Thread 3366
Took 0ms to process request-2833-textDocument/inlayHint on Thread 3369
Took 0ms to process notification-textDocument/didChange on Thread 3366
Took 0ms to process request-2834-textDocument/inlayHint on Thread 3368
Took 0ms to process request-2835-textDocument/semanticTokens/range on Thread 3370
Took 0ms to process notification-textDocument/didChange on Thread 3366
Took 0ms to process request-2836-textDocument/inlayHint on Thread 3367
Took 0ms to process notification-textDocument/didChange on Thread 3366
Took 0ms to process request-2837-textDocument/inlayHint on Thread 3370
Took 0ms to process request-2838-textDocument/semanticTokens/range on Thread 3369
Took 0ms to process notification-textDocument/didChange on Thread 3366
Took 0ms to process request-2839-textDocument/inlayHint on Thread 3368
Took 0ms to process notification-textDocument/didChange on Thread 3366
Took 0ms to process request-2840-textDocument/inlayHint on Thread 3369
Took 0ms to process request-2841-textDocument/semanticTokens/range on Thread 3367
Took 0ms to process notification-textDocument/didChange on Thread 3366
Took 0ms to process request-2842-textDocument/inlayHint on Thread 3370
Took 0ms to process request-2843-textDocument/semanticTokens/range on Thread 3369
Took 0ms to process request-2844-textDocument/foldingRange on Thread 3367
Took 22ms to process request-2845-textDocument/codeAction on Thread 3368
Took 0ms to process request-2846-textDocument/documentSymbol on Thread 3370
Took 0ms to process notification-textDocument/didChange on Thread 3366
Took 0ms to process request-2847-textDocument/inlayHint on Thread 3367
Took 0ms to process request-2848-textDocument/semanticTokens/range on Thread 3368
Took 0ms to process request-2849-textDocument/foldingRange on Thread 3370
Took 0ms to process notification-textDocument/didChange on Thread 3366
Took 0ms to process request-2850-textDocument/inlayHint on Thread 3367
Took 0ms to process request-2851-textDocument/semanticTokens/range on Thread 3368
Took 0ms to process notification-textDocument/didChange on Thread 3366
Took 0ms to process request-2852-textDocument/inlayHint on Thread 3369
Took 0ms to process request-2853-textDocument/semanticTokens/range on Thread 3367
Took 0ms to process request-2854-textDocument/foldingRange on Thread 3368
Took 0ms to process notification-textDocument/didChange on Thread 3366
Took 0ms to process request-2855-textDocument/inlayHint on Thread 3369
Took 0ms to process notification-textDocument/didChange on Thread 3366
Took 0ms to process request-2856-textDocument/inlayHint on Thread 3368
Took 0ms to process request-2857-textDocument/semanticTokens/range on Thread 3370
Took 0ms to process request-2858-textDocument/foldingRange on Thread 3369
Took 0ms to process notification-textDocument/didChange on Thread 3366
Took 0ms to process request-2859-textDocument/inlayHint on Thread 3368
Took 0ms to process request-2860-textDocument/semanticTokens/range on Thread 3370
Took 0ms to process notification-textDocument/didChange on Thread 3366
Took 0ms to process request-2861-textDocument/inlayHint on Thread 3367
Took 0ms to process request-2862-textDocument/semanticTokens/range on Thread 3368
Took 0ms to process request-2863-textDocument/foldingRange on Thread 3370
Took 18ms to process request-2864-textDocument/codeAction on Thread 3369
Took 0ms to process request-2865-textDocument/documentSymbol on Thread 3367
Took 0ms to process notification-textDocument/didChange on Thread 3366
Took 0ms to process request-2866-textDocument/inlayHint on Thread 3370
Took 0ms to process request-2867-textDocument/semanticTokens/range on Thread 3369
Took 0ms to process request-2868-textDocument/foldingRange on Thread 3367
Took 0ms to process notification-textDocument/didChange on Thread 3366
Took 0ms to process request-2869-textDocument/inlayHint on Thread 3370
Took 0ms to process request-2870-textDocument/semanticTokens/range on Thread 3369
Took 0ms to process notification-textDocument/didChange on Thread 3366
Took 0ms to process request-2871-textDocument/inlayHint on Thread 3368
Took 0ms to process request-2872-textDocument/semanticTokens/range on Thread 3370
Took 0ms to process request-2873-textDocument/foldingRange on Thread 3369
Took 17ms to process request-2874-textDocument/codeAction on Thread 3367
Took 0ms to process notification-textDocument/didChange on Thread 3366
Took 0ms to process request-2875-textDocument/inlayHint on Thread 3370
Took 0ms to process request-2876-textDocument/semanticTokens/range on Thread 3369
Took 0ms to process notification-textDocument/didChange on Thread 3366
Took 0ms to process request-2877-textDocument/inlayHint on Thread 3368
Took 0ms to process request-2878-textDocument/semanticTokens/range on Thread 3370
Took 0ms to process request-2879-textDocument/foldingRange on Thread 3369
Took 0ms to process notification-textDocument/didChange on Thread 3366
Took 0ms to process request-2880-textDocument/inlayHint on Thread 3368
Took 0ms to process request-2881-textDocument/semanticTokens/range on Thread 3370
Took 0ms to process notification-textDocument/didChange on Thread 3366
Took 0ms to process request-2882-textDocument/inlayHint on Thread 3367
Took 0ms to process request-2883-textDocument/semanticTokens/range on Thread 3368
Took 0ms to process notification-textDocument/didChange on Thread 3366
Took 0ms to process request-2884-textDocument/inlayHint on Thread 3369
Took 0ms to process request-2885-textDocument/semanticTokens/range on Thread 3367
Took 0ms to process request-2886-textDocument/foldingRange on Thread 3368
Took 0ms to process notification-textDocument/didChange on Thread 3366
Took 0ms to process request-2887-textDocument/inlayHint on Thread 3369
Took 0ms to process request-2888-textDocument/semanticTokens/range on Thread 3367
Took 0ms to process request-2889-textDocument/foldingRange on Thread 3368
Took 0ms to process notification-textDocument/didChange on Thread 3366
Took 0ms to process notification-textDocument/didChange on Thread 3366
Took 0ms to process request-2890-textDocument/inlayHint on Thread 3367
Took 0ms to process request-2891-textDocument/semanticTokens/range on Thread 3368
Took 0ms to process request-2892-textDocument/foldingRange on Thread 3370
Took 17ms to process request-2893-textDocument/codeAction on Thread 3369
Took 0ms to process request-2894-textDocument/documentSymbol on Thread 3367
Took 0ms to process notification-textDocument/didChange on Thread 3366
Took 0ms to process request-2895-textDocument/inlayHint on Thread 3370
Took 0ms to process request-2896-textDocument/semanticTokens/range on Thread 3369
Took 0ms to process notification-textDocument/didChange on Thread 3366
Took 0ms to process request-2897-textDocument/inlayHint on Thread 3368
Took 0ms to process request-2898-textDocument/semanticTokens/range on Thread 3370
Took 0ms to process request-2899-textDocument/foldingRange on Thread 3369
Took 0ms to process request-2900-textDocument/documentSymbol on Thread 3367
Took 0ms to process notification-textDocument/didChange on Thread 3366
Took 0ms to process request-2901-textDocument/inlayHint on Thread 3370
Took 0ms to process request-2902-textDocument/semanticTokens/range on Thread 3369
Took 0ms to process notification-textDocument/didChange on Thread 3366
Took 0ms to process request-2903-textDocument/inlayHint on Thread 3368
Took 0ms to process request-2904-textDocument/semanticTokens/range on Thread 3370
Took 0ms to process notification-textDocument/didChange on Thread 3366
Took 0ms to process request-2905-textDocument/inlayHint on Thread 3367
Took 0ms to process request-2906-textDocument/semanticTokens/range on Thread 3368
Took 0ms to process notification-textDocument/didChange on Thread 3366
Took 0ms to process request-2907-textDocument/inlayHint on Thread 3369
Took 0ms to process notification-textDocument/didChange on Thread 3366
Took 0ms to process request-2908-textDocument/inlayHint on Thread 3368
Took 0ms to process request-2909-textDocument/semanticTokens/range on Thread 3370
Took 0ms to process notification-textDocument/didChange on Thread 3366
Took 0ms to process request-2910-textDocument/inlayHint on Thread 3367
Took 0ms to process request-2911-textDocument/semanticTokens/range on Thread 3368
Took 0ms to process request-2912-textDocument/foldingRange on Thread 3370
Took 0ms to process notification-textDocument/didChange on Thread 3366
Took 2ms to process request-2913-textDocument/inlayHint on Thread 3367
Took 0ms to process request-2914-textDocument/semanticTokens/range on Thread 3368
Took 0ms to process request-2915-textDocument/foldingRange on Thread 3370
Took 0ms to process request-2916-textDocument/documentSymbol on Thread 3369
Took 0ms to process notification-textDocument/didChange on Thread 3366
Took 0ms to process request-2917-textDocument/inlayHint on Thread 3368
Took 0ms to process request-2918-textDocument/semanticTokens/range on Thread 3370
Took 0ms to process notification-textDocument/didChange on Thread 3366
Took 0ms to process request-2919-textDocument/inlayHint on Thread 3367
Took 0ms to process request-2920-textDocument/semanticTokens/range on Thread 3368
Took 0ms to process request-2921-textDocument/foldingRange on Thread 3370
Took 0ms to process notification-textDocument/didChange on Thread 3366
Took 0ms to process request-2922-textDocument/inlayHint on Thread 3367
Took 0ms to process request-2923-textDocument/semanticTokens/range on Thread 3368
Took 0ms to process request-2924-textDocument/foldingRange on Thread 3370
Took 0ms to process notification-textDocument/didChange on Thread 3366
Took 0ms to process request-2925-textDocument/inlayHint on Thread 3367
Took 0ms to process notification-textDocument/didChange on Thread 3366
Took 0ms to process request-2926-textDocument/inlayHint on Thread 3370
Took 0ms to process request-2927-textDocument/semanticTokens/range on Thread 3369
Took 0ms to process request-2928-textDocument/foldingRange on Thread 3367
Took 17ms to process request-2929-textDocument/codeAction on Thread 3368
Took 0ms to process request-2930-textDocument/documentSymbol on Thread 3370
Took 0ms to process request-2931-textDocument/inlayHint on Thread 3369
Took 0ms to process request-2932-textDocument/willSaveWaitUntil on Thread 3367
Took 0ms to process notification-textDocument/didSave on Thread 3366
Took 0ms to process notification-textDocument/didChange on Thread 3366
Took 0ms to process request-2933-textDocument/inlayHint on Thread 3370
Took 0ms to process request-2934-textDocument/semanticTokens/range on Thread 3369
Took 0ms to process request-2935-textDocument/foldingRange on Thread 3367
Took 0ms to process request-2936-textDocument/documentSymbol on Thread 3368
Took 0ms to process request-2937-textDocument/inlayHint on Thread 3370
Took 0ms to process request-2938-textDocument/willSaveWaitUntil on Thread 3369
Took 0ms to process notification-textDocument/didSave on Thread 3366
Took 0ms to process notification-textDocument/didChange on Thread 3366
Took 0ms to process request-2939-textDocument/completion on Thread 3368
Took 0ms to process request-2940-textDocument/inlayHint on Thread 3370
Took 0ms to process request-2941-textDocument/semanticTokens/range on Thread 3369
Took 0ms to process notification-textDocument/didChange on Thread 3366
Took 1ms to process request-2942-textDocument/completion on Thread 3368
Took 0ms to process request-2943-textDocument/inlayHint on Thread 3370
Took 0ms to process request-2944-textDocument/semanticTokens/range on Thread 3369
Took 0ms to process notification-textDocument/didChange on Thread 3366
Took 0ms to process request-2945-textDocument/inlayHint on Thread 3368
Took 0ms to process request-2946-textDocument/semanticTokens/range on Thread 3370
Took 0ms to process request-2947-textDocument/foldingRange on Thread 3369
Took 0ms to process request-2948-textDocument/codeAction on Thread 3367
Took 0ms to process request-2949-textDocument/documentSymbol on Thread 3368
Took 0ms to process notification-textDocument/didChange on Thread 3366
Took 0ms to process request-2950-textDocument/inlayHint on Thread 3369
Took 0ms to process request-2951-textDocument/semanticTokens/range on Thread 3367
Took 0ms to process request-2952-textDocument/foldingRange on Thread 3368
Took 0ms to process request-2953-textDocument/codeAction on Thread 3370
Took 0ms to process notification-textDocument/didChange on Thread 3366
Took 0ms to process request-2954-textDocument/inlayHint on Thread 3367
Took 0ms to process request-2955-textDocument/semanticTokens/range on Thread 3368
Took 0ms to process request-2956-textDocument/foldingRange on Thread 3370
Took 0ms to process request-2957-textDocument/codeAction on Thread 3369
Took 0ms to process request-2958-textDocument/documentSymbol on Thread 3367
Took 0ms to process request-2959-textDocument/inlayHint on Thread 3368
Took 0ms to process notification-textDocument/didChange on Thread 3366
Took 0ms to process request-2960-textDocument/inlayHint on Thread 3369
Took 0ms to process request-2961-textDocument/semanticTokens/range on Thread 3367
Took 0ms to process request-2962-textDocument/foldingRange on Thread 3368
Took 0ms to process request-2963-textDocument/documentSymbol on Thread 3370
Took 0ms to process request-2964-textDocument/inlayHint on Thread 3369
Took 0ms to process request-2965-textDocument/willSaveWaitUntil on Thread 3367
Took 0ms to process notification-textDocument/didSave on Thread 3366
Took 0ms to process notification-textDocument/didChange on Thread 3366
Took 1ms to process request-2966-textDocument/completion on Thread 3370
Took 0ms to process request-2967-textDocument/inlayHint on Thread 3369
Took 0ms to process request-2968-textDocument/semanticTokens/range on Thread 3367
Took 0ms to process request-2969-textDocument/foldingRange on Thread 3368
Took 0ms to process notification-textDocument/didChange on Thread 3366
Took 0ms to process request-2970-textDocument/inlayHint on Thread 3369
Took 0ms to process request-2971-textDocument/semanticTokens/range on Thread 3367
Took 0ms to process request-2972-textDocument/foldingRange on Thread 3368
Took 0ms to process notification-textDocument/didChange on Thread 3366
Took 0ms to process request-2973-textDocument/inlayHint on Thread 3369
Took 0ms to process request-2974-textDocument/semanticTokens/range on Thread 3367
Took 0ms to process request-2975-textDocument/foldingRange on Thread 3368
Took 0ms to process request-2976-textDocument/codeAction on Thread 3370
Took 0ms to process request-2977-textDocument/documentSymbol on Thread 3369
Took 0ms to process notification-textDocument/didChange on Thread 3366
Took 1ms to process request-2978-textDocument/completion on Thread 3368
Took 0ms to process request-2979-textDocument/inlayHint on Thread 3370
Took 0ms to process request-2980-textDocument/semanticTokens/range on Thread 3369
Took 0ms to process request-2981-textDocument/foldingRange on Thread 3367
Took 0ms to process request-2982-textDocument/codeAction on Thread 3368
Took 0ms to process request-2983-textDocument/documentSymbol on Thread 3370
Took 0ms to process request-2984-textDocument/inlayHint on Thread 3369
Took 0ms to process request-2985-textDocument/willSaveWaitUntil on Thread 3367
Took 0ms to process notification-textDocument/didSave on Thread 3366
Took 0ms to process notification-textDocument/didChange on Thread 3366
Took 0ms to process request-2986-textDocument/inlayHint on Thread 3370
Took 0ms to process request-2987-textDocument/semanticTokens/range on Thread 3369
Took 0ms to process request-2988-textDocument/foldingRange on Thread 3367
Took 0ms to process notification-textDocument/didChange on Thread 3366
Took 0ms to process request-2989-textDocument/inlayHint on Thread 3370
Took 0ms to process notification-textDocument/didChange on Thread 3366
Took 0ms to process request-2990-textDocument/inlayHint on Thread 3367
Took 0ms to process request-2991-textDocument/semanticTokens/range on Thread 3368
Took 0ms to process request-2992-textDocument/foldingRange on Thread 3370
Took 0ms to process request-2993-textDocument/documentSymbol on Thread 3369
Took 0ms to process request-2994-textDocument/inlayHint on Thread 3367
Took 0ms to process request-2995-textDocument/willSaveWaitUntil on Thread 3368
Took 0ms to process notification-textDocument/didSave on Thread 3366
Took 0ms to process notification-textDocument/didChange on Thread 3366
Took 1ms to process request-2996-textDocument/completion on Thread 3369
Took 0ms to process request-2997-textDocument/inlayHint on Thread 3367
Took 0ms to process request-2998-textDocument/semanticTokens/range on Thread 3368
Took 0ms to process notification-textDocument/didChange on Thread 3366
Took 0ms to process request-2999-textDocument/inlayHint on Thread 3369
Took 0ms to process request-3000-textDocument/semanticTokens/range on Thread 3367
Took 0ms to process request-3001-textDocument/foldingRange on Thread 3368
Took 0ms to process request-3002-textDocument/codeAction on Thread 3370
Took 0ms to process request-3003-textDocument/documentSymbol on Thread 3369
Took 0ms to process notification-textDocument/didChange on Thread 3366
Took 0ms to process request-3004-textDocument/inlayHint on Thread 3368
Took 0ms to process request-3005-textDocument/semanticTokens/range on Thread 3370
Took 0ms to process request-3006-textDocument/foldingRange on Thread 3369
Took 0ms to process request-3007-textDocument/codeAction on Thread 3367
Took 0ms to process request-3008-textDocument/documentSymbol on Thread 3368
Took 0ms to process request-3009-textDocument/inlayHint on Thread 3370
Took 0ms to process request-3010-textDocument/willSaveWaitUntil on Thread 3369
Took 0ms to process notification-textDocument/didSave on Thread 3366
Took 0ms to process notification-textDocument/didChange on Thread 3366
Took 0ms to process request-3011-textDocument/inlayHint on Thread 3368
Took 0ms to process request-3012-textDocument/semanticTokens/range on Thread 3370
Took 0ms to process request-3013-textDocument/foldingRange on Thread 3369
Took 0ms to process request-3014-textDocument/documentSymbol on Thread 3367
Took 0ms to process request-3015-textDocument/inlayHint on Thread 3368
Took 0ms to process request-3016-textDocument/willSaveWaitUntil on Thread 3370
Took 0ms to process notification-textDocument/didSave on Thread 3366
Took 0ms to process notification-textDocument/didChange on Thread 3366
Took 1ms to process request-3017-textDocument/completion on Thread 3367
Took 0ms to process request-3018-textDocument/inlayHint on Thread 3368
Took 0ms to process request-3019-textDocument/semanticTokens/range on Thread 3370
Took 0ms to process notification-textDocument/didChange on Thread 3366
Took 0ms to process request-3020-textDocument/inlayHint on Thread 3367
Took 0ms to process request-3021-textDocument/semanticTokens/range on Thread 3368
Took 0ms to process request-3022-textDocument/foldingRange on Thread 3370
Took 0ms to process notification-textDocument/didChange on Thread 3366
Took 0ms to process request-3023-textDocument/inlayHint on Thread 3367
Took 0ms to process request-3024-textDocument/semanticTokens/range on Thread 3368
Took 0ms to process notification-textDocument/didChange on Thread 3366
Took 0ms to process request-3025-textDocument/inlayHint on Thread 3369
Took 0ms to process request-3026-textDocument/semanticTokens/range on Thread 3367
Took 0ms to process request-3027-textDocument/foldingRange on Thread 3368
Took 0ms to process notification-textDocument/didChange on Thread 3366
Took 1ms to process request-3028-textDocument/completion on Thread 3369
Took 0ms to process request-3029-textDocument/inlayHint on Thread 3367
Took 0ms to process request-3030-textDocument/semanticTokens/range on Thread 3368
Took 0ms to process request-3031-textDocument/foldingRange on Thread 3370
Took 0ms to process request-3032-textDocument/codeAction on Thread 3369
Took 0ms to process request-3033-textDocument/documentSymbol on Thread 3367
Took 0ms to process notification-textDocument/didChange on Thread 3366
Took 0ms to process request-3034-textDocument/inlayHint on Thread 3370
Took 1ms to process request-3035-textDocument/semanticTokens/range on Thread 3369
Took 0ms to process request-3036-textDocument/foldingRange on Thread 3367
Took 0ms to process request-3037-textDocument/codeAction on Thread 3368
Took 0ms to process request-3038-textDocument/documentSymbol on Thread 3370
Took 0ms to process notification-textDocument/didChange on Thread 3366
Took 0ms to process request-3039-textDocument/inlayHint on Thread 3367
Took 0ms to process request-3040-textDocument/semanticTokens/range on Thread 3368
Took 0ms to process request-3041-textDocument/foldingRange on Thread 3370
Took 0ms to process request-3042-textDocument/documentSymbol on Thread 3369
Took 0ms to process request-3043-textDocument/inlayHint on Thread 3367
Took 0ms to process request-3044-textDocument/willSaveWaitUntil on Thread 3368
Took 0ms to process notification-textDocument/didSave on Thread 3366
Took 0ms to process notification-textDocument/didChange on Thread 3366
Took 0ms to process request-3045-textDocument/completion on Thread 3369
Took 0ms to process request-3046-textDocument/inlayHint on Thread 3367
Took 0ms to process request-3047-textDocument/semanticTokens/range on Thread 3368
Took 0ms to process notification-textDocument/didChange on Thread 3366
Took 0ms to process request-3048-textDocument/inlayHint on Thread 3369
Took 0ms to process request-3049-textDocument/semanticTokens/range on Thread 3367
Took 0ms to process request-3050-textDocument/foldingRange on Thread 3368
Took 0ms to process notification-textDocument/didChange on Thread 3366
Took 1ms to process request-3051-textDocument/completion on Thread 3369
Took 0ms to process request-3052-textDocument/inlayHint on Thread 3367
Took 0ms to process request-3053-textDocument/semanticTokens/range on Thread 3368
Took 0ms to process request-3054-textDocument/foldingRange on Thread 3370
Took 0ms to process notification-textDocument/didChange on Thread 3366
Took 1ms to process request-3055-textDocument/completion on Thread 3367
Took 0ms to process request-3056-textDocument/inlayHint on Thread 3368
Took 0ms to process request-3057-textDocument/semanticTokens/range on Thread 3370
Took 0ms to process notification-textDocument/didChange on Thread 3366
Took 1ms to process request-3058-textDocument/completion on Thread 3367
Took 0ms to process request-3059-textDocument/inlayHint on Thread 3368
Took 0ms to process request-3060-textDocument/semanticTokens/range on Thread 3370
Took 0ms to process notification-textDocument/didChange on Thread 3366
Took 1ms to process request-3061-textDocument/completion on Thread 3367
Took 0ms to process request-3062-textDocument/inlayHint on Thread 3368
Took 0ms to process request-3063-textDocument/semanticTokens/range on Thread 3370
Took 0ms to process request-3064-textDocument/foldingRange on Thread 3369
Took 0ms to process request-3065-textDocument/codeAction on Thread 3367
Took 0ms to process request-3066-textDocument/documentSymbol on Thread 3368
Took 0ms to process notification-textDocument/didChange on Thread 3366
Took 0ms to process request-3067-textDocument/inlayHint on Thread 3369
Took 0ms to process request-3068-textDocument/semanticTokens/range on Thread 3367
Took 0ms to process request-3069-textDocument/foldingRange on Thread 3368
Took 0ms to process request-3070-textDocument/codeAction on Thread 3370
Took 0ms to process request-3071-textDocument/documentSymbol on Thread 3369
Took 0ms to process request-3072-textDocument/inlayHint on Thread 3367
Took 0ms to process request-3073-textDocument/willSaveWaitUntil on Thread 3368
Took 0ms to process notification-textDocument/didSave on Thread 3366
Took 0ms to process notification-textDocument/didChange on Thread 3366
Took 0ms to process request-3074-textDocument/inlayHint on Thread 3369
Took 0ms to process request-3075-textDocument/semanticTokens/range on Thread 3367
Took 0ms to process request-3076-textDocument/foldingRange on Thread 3368
Took 0ms to process request-3077-textDocument/documentSymbol on Thread 3370
Took 0ms to process notification-textDocument/didChange on Thread 3366
Took 1ms to process request-3078-textDocument/completion on Thread 3367
Took 0ms to process request-3079-textDocument/inlayHint on Thread 3368
Took 0ms to process request-3080-textDocument/semanticTokens/range on Thread 3370
Took 0ms to process request-3081-textDocument/foldingRange on Thread 3369
Took 0ms to process notification-textDocument/didChange on Thread 3366
Took 0ms to process request-3082-textDocument/inlayHint on Thread 3368
Took 0ms to process request-3083-textDocument/semanticTokens/range on Thread 3370
Took 0ms to process notification-textDocument/didChange on Thread 3366
Took 1ms to process request-3084-textDocument/completion on Thread 3367
Took 0ms to process request-3085-textDocument/inlayHint on Thread 3368
Took 0ms to process request-3086-textDocument/semanticTokens/range on Thread 3370
Took 0ms to process request-3087-textDocument/foldingRange on Thread 3369
Took 0ms to process request-3088-textDocument/codeAction on Thread 3367
Took 0ms to process request-3089-textDocument/documentSymbol on Thread 3368
Took 0ms to process notification-textDocument/didChange on Thread 3366
Took 1ms to process request-3090-textDocument/completion on Thread 3369
Took 0ms to process request-3091-textDocument/inlayHint on Thread 3367
Took 0ms to process request-3092-textDocument/semanticTokens/range on Thread 3368
Took 0ms to process notification-textDocument/didChange on Thread 3366
Took 1ms to process request-3093-textDocument/completion on Thread 3369
Took 0ms to process request-3094-textDocument/inlayHint on Thread 3367
Took 0ms to process request-3095-textDocument/semanticTokens/range on Thread 3368
Took 0ms to process notification-textDocument/didChange on Thread 3366
Took 1ms to process request-3096-textDocument/completion on Thread 3369
Took 0ms to process request-3097-textDocument/inlayHint on Thread 3367
Took 0ms to process request-3098-textDocument/semanticTokens/range on Thread 3368
Took 0ms to process request-3099-textDocument/foldingRange on Thread 3370
Took 0ms to process notification-textDocument/didChange on Thread 3366
Took 1ms to process request-3100-textDocument/completion on Thread 3367
Took 0ms to process request-3101-textDocument/inlayHint on Thread 3368
Took 0ms to process request-3102-textDocument/semanticTokens/range on Thread 3370
Took 0ms to process request-3103-textDocument/foldingRange on Thread 3369
Took 0ms to process notification-textDocument/didChange on Thread 3366
Took 1ms to process request-3104-textDocument/completion on Thread 3368
Took 0ms to process request-3105-textDocument/inlayHint on Thread 3370
Took 0ms to process request-3106-textDocument/semanticTokens/range on Thread 3369
Took 0ms to process request-3107-textDocument/foldingRange on Thread 3367
Took 0ms to process request-3108-textDocument/codeAction on Thread 3368
Took 0ms to process request-3109-textDocument/documentSymbol on Thread 3370
Took 0ms to process notification-textDocument/didChange on Thread 3366
Took 0ms to process request-3110-textDocument/inlayHint on Thread 3367
Took 0ms to process request-3111-textDocument/semanticTokens/range on Thread 3368
Took 0ms to process request-3112-textDocument/foldingRange on Thread 3370
Took 0ms to process request-3113-textDocument/codeAction on Thread 3369
Took 0ms to process request-3114-textDocument/documentSymbol on Thread 3367
Took 0ms to process notification-textDocument/didChange on Thread 3366
Took 0ms to process request-3115-textDocument/inlayHint on Thread 3370
Took 0ms to process request-3116-textDocument/semanticTokens/range on Thread 3369
Took 0ms to process request-3117-textDocument/foldingRange on Thread 3367
Took 0ms to process request-3118-textDocument/documentSymbol on Thread 3368
Took 0ms to process request-3119-textDocument/inlayHint on Thread 3370
Took 0ms to process request-3120-textDocument/willSaveWaitUntil on Thread 3369
Took 0ms to process notification-textDocument/didSave on Thread 3366
Took 0ms to process notification-textDocument/didChange on Thread 3366
Took 1ms to process request-3121-textDocument/completion on Thread 3368
Took 0ms to process request-3122-textDocument/inlayHint on Thread 3370
Took 0ms to process notification-textDocument/didChange on Thread 3366
Took 1ms to process request-3123-textDocument/completion on Thread 3367
Took 0ms to process request-3124-textDocument/inlayHint on Thread 3368
Took 0ms to process request-3125-textDocument/semanticTokens/range on Thread 3370
Took 0ms to process request-3126-textDocument/foldingRange on Thread 3369
Took 0ms to process notification-textDocument/didChange on Thread 3366
Took 1ms to process request-3127-textDocument/completion on Thread 3368
Took 0ms to process request-3128-textDocument/inlayHint on Thread 3370
Took 0ms to process request-3129-textDocument/semanticTokens/range on Thread 3369
Took 0ms to process notification-textDocument/didChange on Thread 3366
Took 0ms to process request-3130-textDocument/completion on Thread 3368
Took 0ms to process request-3131-textDocument/inlayHint on Thread 3370
Took 0ms to process request-3132-textDocument/semanticTokens/range on Thread 3369
Took 0ms to process request-3133-textDocument/foldingRange on Thread 3367
Took 0ms to process request-3134-textDocument/codeAction on Thread 3368
Took 0ms to process notification-textDocument/didChange on Thread 3366
Took 1ms to process request-3135-textDocument/completion on Thread 3369
Took 0ms to process request-3136-textDocument/inlayHint on Thread 3367
Took 0ms to process request-3137-textDocument/semanticTokens/range on Thread 3368
Took 0ms to process request-3138-textDocument/foldingRange on Thread 3370
Took 0ms to process notification-textDocument/didChange on Thread 3366
Took 1ms to process request-3139-textDocument/completion on Thread 3367
Took 0ms to process request-3140-textDocument/inlayHint on Thread 3368
Took 0ms to process request-3141-textDocument/semanticTokens/range on Thread 3370
Took 0ms to process request-3142-textDocument/foldingRange on Thread 3369
Took 0ms to process request-3143-textDocument/codeAction on Thread 3367
Took 0ms to process request-3144-textDocument/documentSymbol on Thread 3368
Took 0ms to process request-3145-textDocument/inlayHint on Thread 3370
Took 0ms to process notification-textDocument/didChange on Thread 3366
Took 0ms to process request-3146-textDocument/inlayHint on Thread 3367
Took 0ms to process request-3147-textDocument/semanticTokens/range on Thread 3368
Took 0ms to process request-3148-textDocument/foldingRange on Thread 3370
Took 0ms to process request-3149-textDocument/codeAction on Thread 3369
Took 0ms to process request-3150-textDocument/documentSymbol on Thread 3367
Took 0ms to process request-3151-textDocument/inlayHint on Thread 3368
Took 0ms to process request-3152-textDocument/willSaveWaitUntil on Thread 3370
Took 0ms to process notification-textDocument/didSave on Thread 3366
Took 2ms to process request-3153-textDocument/inlayHint on Thread 3369
Took 0ms to process request-3154-textDocument/semanticTokens/range on Thread 3367
Took 0ms to process request-3155-textDocument/codeAction on Thread 3368
Took 0ms to process notification-textDocument/didChange on Thread 3366
Took 0ms to process request-3156-textDocument/inlayHint on Thread 3369
Took 0ms to process request-3157-textDocument/semanticTokens/range on Thread 3367
Took 0ms to process request-3158-textDocument/foldingRange on Thread 3368
Took 14ms to process request-3159-textDocument/codeAction on Thread 3370
Took 0ms to process request-3160-textDocument/documentSymbol on Thread 3369
Took 0ms to process request-3161-textDocument/inlayHint on Thread 3367
Took 0ms to process request-3162-textDocument/willSaveWaitUntil on Thread 3368
Took 0ms to process notification-textDocument/didSave on Thread 3366
Took 17ms to process request-3163-textDocument/codeAction on Thread 3370
Took 0ms to process notification-textDocument/didChange on Thread 3366
Took 0ms to process request-3164-textDocument/inlayHint on Thread 3367
Took 0ms to process request-3165-textDocument/semanticTokens/range on Thread 3368
Took 0ms to process request-3166-textDocument/foldingRange on Thread 3370
Took 0ms to process request-3167-textDocument/documentSymbol on Thread 3369
Took 0ms to process notification-textDocument/didChange on Thread 3366
Took 0ms to process request-3168-textDocument/inlayHint on Thread 3368
Took 0ms to process request-3169-textDocument/semanticTokens/range on Thread 3370
Took 0ms to process request-3170-textDocument/foldingRange on Thread 3369
Took 0ms to process request-3171-textDocument/documentSymbol on Thread 3367
Took 0ms to process request-3172-textDocument/inlayHint on Thread 3368
Took 0ms to process notification-textDocument/didChange on Thread 3366
Took 1ms to process request-3173-textDocument/completion on Thread 3369
Took 0ms to process request-3174-textDocument/inlayHint on Thread 3367
Took 0ms to process request-3175-textDocument/semanticTokens/range on Thread 3368
Took 0ms to process request-3176-textDocument/foldingRange on Thread 3370
Took 18ms to process request-3177-textDocument/codeAction on Thread 3369
Took 0ms to process notification-textDocument/didChange on Thread 3366
Took 0ms to process request-3178-textDocument/inlayHint on Thread 3368
Took 0ms to process request-3179-textDocument/semanticTokens/range on Thread 3370
Took 0ms to process request-3180-textDocument/foldingRange on Thread 3369
Took 18ms to process request-3181-textDocument/codeAction on Thread 3367
Took 0ms to process request-3182-textDocument/documentSymbol on Thread 3368
Took 0ms to process notification-textDocument/didChange on Thread 3366
Took 0ms to process request-3183-textDocument/inlayHint on Thread 3369
Took 0ms to process request-3184-textDocument/semanticTokens/range on Thread 3367
Took 0ms to process request-3185-textDocument/foldingRange on Thread 3368
Took 0ms to process request-3186-textDocument/codeAction on Thread 3370
Took 0ms to process request-3187-textDocument/documentSymbol on Thread 3369
Took 0ms to process request-3188-textDocument/inlayHint on Thread 3367
Took 0ms to process notification-textDocument/didChange on Thread 3366
Took 0ms to process request-3189-textDocument/inlayHint on Thread 3370
Took 0ms to process request-3190-textDocument/semanticTokens/range on Thread 3369
Took 0ms to process request-3191-textDocument/foldingRange on Thread 3367
Took 0ms to process request-3192-textDocument/documentSymbol on Thread 3368
Took 0ms to process request-3193-textDocument/inlayHint on Thread 3370
Took 0ms to process request-3194-textDocument/willSaveWaitUntil on Thread 3369
Took 0ms to process notification-textDocument/didSave on Thread 3366
Took 0ms to process notification-textDocument/didChange on Thread 3366
Took 0ms to process request-3195-textDocument/inlayHint on Thread 3368
Took 0ms to process request-3196-textDocument/semanticTokens/range on Thread 3370
Took 0ms to process notification-textDocument/didChange on Thread 3366
Took 0ms to process request-3197-textDocument/inlayHint on Thread 3367
Took 0ms to process request-3198-textDocument/semanticTokens/range on Thread 3368
Took 0ms to process request-3199-textDocument/foldingRange on Thread 3370
Took 0ms to process notification-textDocument/didChange on Thread 3366
Took 0ms to process request-3200-textDocument/inlayHint on Thread 3367
Took 0ms to process request-3201-textDocument/semanticTokens/range on Thread 3368
Took 0ms to process request-3202-textDocument/foldingRange on Thread 3370
Took 16ms to process request-3203-textDocument/codeAction on Thread 3369
Took 0ms to process notification-textDocument/didChange on Thread 3366
Took 0ms to process request-3204-textDocument/inlayHint on Thread 3368
Took 0ms to process request-3205-textDocument/semanticTokens/range on Thread 3370
Took 0ms to process request-3206-textDocument/foldingRange on Thread 3369
Took 0ms to process request-3207-textDocument/documentSymbol on Thread 3367
Took 0ms to process notification-textDocument/didChange on Thread 3366
Took 1ms to process request-3208-textDocument/completion on Thread 3370
Took 0ms to process request-3209-textDocument/inlayHint on Thread 3369
Took 0ms to process request-3210-textDocument/semanticTokens/range on Thread 3367
Took 0ms to process notification-textDocument/didChange on Thread 3366
Took 0ms to process request-3211-textDocument/inlayHint on Thread 3370
Took 0ms to process request-3212-textDocument/semanticTokens/range on Thread 3369
Took 0ms to process request-3213-textDocument/foldingRange on Thread 3367
Took 0ms to process request-3214-textDocument/codeAction on Thread 3368
Took 0ms to process request-3215-textDocument/documentSymbol on Thread 3370
Took 0ms to process request-3216-textDocument/inlayHint on Thread 3369
Took 0ms to process request-3217-textDocument/willSaveWaitUntil on Thread 3367
Took 0ms to process notification-textDocument/didSave on Thread 3366
Took 0ms to process request-3218-textDocument/documentHighlight on Thread 3368
Took 0ms to process notification-textDocument/didChange on Thread 3366
Took 0ms to process request-3219-textDocument/inlayHint on Thread 3369
Took 0ms to process request-3220-textDocument/semanticTokens/range on Thread 3367
Took 0ms to process request-3221-textDocument/foldingRange on Thread 3368
Took 17ms to process request-3222-textDocument/codeAction on Thread 3370
Took 0ms to process notification-textDocument/didChange on Thread 3366
Took 0ms to process notification-other on Thread 3367
Took 0ms to process request-3223-textDocument/inlayHint on Thread 3368
Took 0ms to process request-3224-textDocument/semanticTokens/range on Thread 3370
Took 0ms to process request-3225-textDocument/foldingRange on Thread 3367
Took 0ms to process request-3226-textDocument/documentSymbol on Thread 3368
Took 0ms to process request-3227-textDocument/inlayHint on Thread 3369
Took 0ms to process request-3228-textDocument/willSaveWaitUntil on Thread 3370
Took 0ms to process notification-textDocument/didSave on Thread 3366
Took 0ms to process notification-textDocument/didChange on Thread 3366
Took 1ms to process request-3229-textDocument/completion on Thread 3368
Took 0ms to process request-3230-textDocument/inlayHint on Thread 3369
Took 0ms to process request-3231-textDocument/semanticTokens/range on Thread 3370
Took 0ms to process notification-textDocument/didChange on Thread 3366
Took 0ms to process request-3232-textDocument/inlayHint on Thread 3368
Took 0ms to process request-3233-textDocument/semanticTokens/range on Thread 3369
Took 0ms to process notification-textDocument/didChange on Thread 3366
Took 0ms to process request-3234-textDocument/inlayHint on Thread 3367
Took 0ms to process request-3235-textDocument/semanticTokens/range on Thread 3368
Took 0ms to process notification-textDocument/didChange on Thread 3366
Took 0ms to process request-3236-textDocument/inlayHint on Thread 3370
Took 0ms to process request-3237-textDocument/semanticTokens/range on Thread 3367
Took 0ms to process request-3238-textDocument/foldingRange on Thread 3368
Took 0ms to process request-3239-textDocument/documentSymbol on Thread 3369
Took 0ms to process notification-textDocument/didChange on Thread 3366
Took 1ms to process request-3240-textDocument/completion on Thread 3367
Took 0ms to process request-3241-textDocument/inlayHint on Thread 3368
Took 0ms to process request-3242-textDocument/semanticTokens/range on Thread 3369
Took 0ms to process notification-textDocument/didChange on Thread 3366
Took 0ms to process request-3243-textDocument/inlayHint on Thread 3367
Took 0ms to process request-3244-textDocument/semanticTokens/range on Thread 3368
Took 0ms to process notification-textDocument/didChange on Thread 3366
Took 0ms to process request-3245-textDocument/inlayHint on Thread 3370
Took 0ms to process request-3246-textDocument/semanticTokens/range on Thread 3367
Took 0ms to process request-3247-textDocument/foldingRange on Thread 3368
Took 0ms to process request-3248-textDocument/documentSymbol on Thread 3369
Took 0ms to process request-3249-textDocument/inlayHint on Thread 3370
Took 0ms to process request-3250-textDocument/willSaveWaitUntil on Thread 3367
Took 0ms to process notification-textDocument/didSave on Thread 3366
Took 0ms to process notification-textDocument/didChange on Thread 3366
Took 1ms to process request-3251-textDocument/completion on Thread 3369
Took 0ms to process request-3252-textDocument/inlayHint on Thread 3370
Took 0ms to process request-3253-textDocument/semanticTokens/range on Thread 3367
Took 0ms to process notification-textDocument/didChange on Thread 3366
Took 0ms to process request-3254-textDocument/inlayHint on Thread 3369
Took 0ms to process request-3255-textDocument/semanticTokens/range on Thread 3370
Took 0ms to process request-3256-textDocument/foldingRange on Thread 3367
Took 0ms to process request-3257-textDocument/codeAction on Thread 3368
Took 0ms to process request-3258-textDocument/documentSymbol on Thread 3369
Took 0ms to process request-3259-textDocument/inlayHint on Thread 3370
Took 0ms to process request-3260-textDocument/willSaveWaitUntil on Thread 3367
Took 0ms to process notification-textDocument/didSave on Thread 3366
Took 0ms to process notification-textDocument/didChange on Thread 3366
Took 1ms to process request-3261-textDocument/completion on Thread 3369
Took 0ms to process request-3262-textDocument/inlayHint on Thread 3370
Took 0ms to process request-3263-textDocument/semanticTokens/range on Thread 3367
Took 0ms to process request-3264-textDocument/foldingRange on Thread 3368
Took 0ms to process request-3265-textDocument/codeAction on Thread 3369
Took 0ms to process request-3266-textDocument/documentSymbol on Thread 3370
Took 0ms to process notification-textDocument/didChange on Thread 3366
Took 1ms to process request-3267-textDocument/completion on Thread 3368
Took 0ms to process request-3268-textDocument/inlayHint on Thread 3369
Took 0ms to process request-3269-textDocument/semanticTokens/range on Thread 3370
Took 0ms to process request-3270-textDocument/foldingRange on Thread 3367
Took 0ms to process notification-textDocument/didChange on Thread 3366
Took 1ms to process request-3271-textDocument/completion on Thread 3369
Took 0ms to process request-3272-textDocument/inlayHint on Thread 3370
Took 0ms to process request-3273-textDocument/semanticTokens/range on Thread 3367
Took 0ms to process request-3274-textDocument/foldingRange on Thread 3368
Took 0ms to process request-3275-textDocument/codeAction on Thread 3369
Took 0ms to process request-3276-textDocument/documentSymbol on Thread 3370
Took 0ms to process notification-textDocument/didChange on Thread 3366
Took 1ms to process request-3277-textDocument/completion on Thread 3368
Took 0ms to process request-3278-textDocument/inlayHint on Thread 3369
Took 0ms to process request-3279-textDocument/semanticTokens/range on Thread 3370
Took 0ms to process request-3280-textDocument/foldingRange on Thread 3367
Took 0ms to process request-3281-textDocument/codeAction on Thread 3368
Took 0ms to process request-3282-textDocument/documentSymbol on Thread 3369
Took 0ms to process request-3283-textDocument/inlayHint on Thread 3370
Took 0ms to process request-3284-textDocument/willSaveWaitUntil on Thread 3367
Took 0ms to process notification-textDocument/didSave on Thread 3366
Took 0ms to process request-3285-textDocument/documentHighlight on Thread 3368
Took 0ms to process request-3286-textDocument/documentHighlight on Thread 3369
Took 0ms to process notification-textDocument/didChange on Thread 3366
Took 0ms to process request-3287-textDocument/inlayHint on Thread 3367
Took 0ms to process request-3288-textDocument/semanticTokens/range on Thread 3368
Took 0ms to process request-3289-textDocument/signatureHelp on Thread 3369
Took 0ms to process request-3290-textDocument/foldingRange on Thread 3370
Took 0ms to process request-3291-textDocument/codeAction on Thread 3367
Took 0ms to process request-3292-textDocument/documentSymbol on Thread 3368
Took 0ms to process notification-textDocument/didChange on Thread 3366
Took 1ms to process request-3293-textDocument/completion on Thread 3370
Took 0ms to process request-3294-textDocument/inlayHint on Thread 3367
Took 0ms to process request-3295-textDocument/semanticTokens/range on Thread 3368
Took 0ms to process notification-textDocument/didChange on Thread 3366
Took 0ms to process request-3296-textDocument/inlayHint on Thread 3370
Took 0ms to process request-3297-textDocument/semanticTokens/range on Thread 3367
Took 0ms to process request-3298-textDocument/foldingRange on Thread 3368
Took 0ms to process notification-textDocument/didChange on Thread 3366
Took 1ms to process request-3299-textDocument/completion on Thread 3370
Took 0ms to process request-3300-textDocument/inlayHint on Thread 3367
Took 0ms to process request-3301-textDocument/semanticTokens/range on Thread 3368
Took 0ms to process request-3302-textDocument/foldingRange on Thread 3369
Took 0ms to process request-3303-textDocument/codeAction on Thread 3370
Took 0ms to process notification-textDocument/didChange on Thread 3366
Took 1ms to process request-3304-textDocument/completion on Thread 3368
Took 0ms to process request-3305-textDocument/inlayHint on Thread 3369
Took 0ms to process request-3306-textDocument/semanticTokens/range on Thread 3370
Took 0ms to process request-3307-textDocument/foldingRange on Thread 3367
Took 0ms to process request-3308-textDocument/codeAction on Thread 3368
Took 0ms to process request-3309-textDocument/documentSymbol on Thread 3369
Took 0ms to process request-3310-textDocument/inlayHint on Thread 3370
Took 0ms to process notification-textDocument/didChange on Thread 3366
Took 1ms to process request-3311-textDocument/completion on Thread 3368
Took 0ms to process request-3312-textDocument/inlayHint on Thread 3369
Took 0ms to process request-3313-textDocument/semanticTokens/range on Thread 3370
Took 0ms to process request-3314-textDocument/foldingRange on Thread 3367
Took 0ms to process request-3315-textDocument/codeAction on Thread 3368
Took 0ms to process request-3316-textDocument/documentSymbol on Thread 3369
Took 0ms to process request-3317-textDocument/inlayHint on Thread 3370
Took 0ms to process request-3318-textDocument/willSaveWaitUntil on Thread 3367
Took 0ms to process notification-textDocument/didSave on Thread 3366
Took 0ms to process notification-textDocument/didChange on Thread 3366
Took 0ms to process request-3319-textDocument/inlayHint on Thread 3369
Took 0ms to process request-3320-textDocument/semanticTokens/range on Thread 3370
Took 0ms to process notification-textDocument/didChange on Thread 3366
Took 0ms to process request-3321-textDocument/inlayHint on Thread 3368
Took 0ms to process request-3322-textDocument/semanticTokens/range on Thread 3369
Took 0ms to process request-3323-textDocument/foldingRange on Thread 3370
Took 0ms to process request-3324-textDocument/codeAction on Thread 3367
Took 0ms to process request-3325-textDocument/documentSymbol on Thread 3368
Took 0ms to process notification-textDocument/didChange on Thread 3366
Took 0ms to process request-3326-textDocument/inlayHint on Thread 3370
Took 0ms to process request-3327-textDocument/semanticTokens/range on Thread 3367
Took 0ms to process request-3328-textDocument/foldingRange on Thread 3368
Took 0ms to process request-3329-textDocument/codeAction on Thread 3369
Took 0ms to process request-3330-textDocument/documentSymbol on Thread 3370
Took 0ms to process request-3331-textDocument/inlayHint on Thread 3367
Took 0ms to process notification-textDocument/didChange on Thread 3366
Took 0ms to process request-3332-textDocument/inlayHint on Thread 3369
Took 0ms to process request-3333-textDocument/semanticTokens/range on Thread 3370
Took 0ms to process request-3334-textDocument/foldingRange on Thread 3367
Took 0ms to process request-3335-textDocument/codeAction on Thread 3368
Took 0ms to process request-3336-textDocument/documentSymbol on Thread 3369
Took 0ms to process request-3337-textDocument/inlayHint on Thread 3370
Took 0ms to process request-3338-textDocument/willSaveWaitUntil on Thread 3367
Took 0ms to process notification-textDocument/didSave on Thread 3366
Took 0ms to process request-3339-textDocument/codeAction on Thread 3368
Took 0ms to process notification-textDocument/didChange on Thread 3366
Took 0ms to process request-3340-textDocument/inlayHint on Thread 3370
Took 0ms to process request-3341-textDocument/semanticTokens/range on Thread 3367
Took 0ms to process request-3342-textDocument/foldingRange on Thread 3368
Took 0ms to process request-3343-textDocument/documentSymbol on Thread 3369
Took 0ms to process notification-textDocument/didChange on Thread 3366
Took 0ms to process request-3344-textDocument/inlayHint on Thread 3367
Took 0ms to process request-3345-textDocument/semanticTokens/range on Thread 3368
Took 0ms to process request-3346-textDocument/foldingRange on Thread 3369
Took 0ms to process request-3347-textDocument/codeAction on Thread 3370
Took 0ms to process request-3348-textDocument/documentSymbol on Thread 3367
Took 0ms to process request-3349-textDocument/inlayHint on Thread 3368
Took 0ms to process notification-textDocument/didChange on Thread 3366
Took 0ms to process request-3350-textDocument/inlayHint on Thread 3370
Took 0ms to process request-3351-textDocument/semanticTokens/range on Thread 3367
Took 0ms to process request-3352-textDocument/foldingRange on Thread 3368
Took 0ms to process request-3353-textDocument/documentSymbol on Thread 3369
Took 0ms to process request-3354-textDocument/inlayHint on Thread 3370
Took 0ms to process request-3355-textDocument/willSaveWaitUntil on Thread 3367
Took 0ms to process notification-textDocument/didSave on Thread 3366
Took 0ms to process request-3356-textDocument/hover on Thread 3368
Took 0ms to process request-3357-textDocument/documentHighlight on Thread 3369
Took 0ms to process request-3358-textDocument/codeAction on Thread 3370
Took 0ms to process request-3359-textDocument/codeAction on Thread 3367
Took 0ms to process notification-textDocument/didChange on Thread 3366
Took 0ms to process request-3360-textDocument/inlayHint on Thread 3369
Took 0ms to process request-3361-textDocument/semanticTokens/range on Thread 3370
Took 0ms to process notification-textDocument/didChange on Thread 3366
Took 1ms to process request-3362-textDocument/completion on Thread 3368
Took 0ms to process request-3363-textDocument/inlayHint on Thread 3369
Took 0ms to process request-3364-textDocument/semanticTokens/range on Thread 3370
Took 0ms to process request-3365-textDocument/foldingRange on Thread 3367
Took 17ms to process request-3366-textDocument/codeAction on Thread 3368
Took 0ms to process request-3367-textDocument/documentSymbol on Thread 3369
Took 0ms to process notification-textDocument/didChange on Thread 3366
Took 0ms to process request-3368-textDocument/inlayHint on Thread 3367
Took 0ms to process request-3369-textDocument/semanticTokens/range on Thread 3368
Took 0ms to process request-3370-textDocument/foldingRange on Thread 3369
Took 13ms to process request-3371-textDocument/codeAction on Thread 3370
Took 0ms to process request-3372-textDocument/documentSymbol on Thread 3367
Took 0ms to process notification-textDocument/didChange on Thread 3366
Took 0ms to process request-3373-textDocument/inlayHint on Thread 3369
Took 0ms to process request-3374-textDocument/semanticTokens/range on Thread 3370
Took 0ms to process request-3375-textDocument/foldingRange on Thread 3367
Took 0ms to process notification-textDocument/didChange on Thread 3366
Took 0ms to process request-3376-textDocument/inlayHint on Thread 3369
Took 0ms to process request-3377-textDocument/semanticTokens/range on Thread 3370
Took 0ms to process request-3378-textDocument/foldingRange on Thread 3367
Took 16ms to process request-3379-textDocument/codeAction on Thread 3368
Took 0ms to process request-3380-textDocument/documentSymbol on Thread 3369
Took 0ms to process request-3381-textDocument/inlayHint on Thread 3370
Took 0ms to process request-3382-textDocument/willSaveWaitUntil on Thread 3367
Took 0ms to process notification-textDocument/didSave on Thread 3366
Took 17ms to process request-3383-textDocument/codeAction on Thread 3368
Took 0ms to process notification-textDocument/didChange on Thread 3366
Took 0ms to process request-3384-textDocument/inlayHint on Thread 3370
Took 0ms to process request-3385-textDocument/semanticTokens/range on Thread 3367
Took 0ms to process request-3386-textDocument/foldingRange on Thread 3368
Took 0ms to process request-3387-textDocument/documentSymbol on Thread 3369
Took 0ms to process notification-textDocument/didChange on Thread 3366
Took 0ms to process request-3388-textDocument/inlayHint on Thread 3367
Took 0ms to process request-3389-textDocument/semanticTokens/range on Thread 3368
Took 0ms to process request-3390-textDocument/foldingRange on Thread 3369
Took 0ms to process request-3391-textDocument/documentSymbol on Thread 3370
Took 0ms to process request-3392-textDocument/inlayHint on Thread 3367
Took 0ms to process request-3393-textDocument/willSaveWaitUntil on Thread 3368
Took 0ms to process notification-textDocument/didSave on Thread 3366
Took 0ms to process notification-textDocument/didChange on Thread 3366
Took 1ms to process request-3394-textDocument/completion on Thread 3370
Took 0ms to process request-3395-textDocument/inlayHint on Thread 3367
Took 0ms to process request-3396-textDocument/semanticTokens/range on Thread 3368
Took 0ms to process notification-textDocument/didChange on Thread 3366
Took 0ms to process request-3397-textDocument/inlayHint on Thread 3370
Took 0ms to process request-3398-textDocument/semanticTokens/range on Thread 3367
Took 0ms to process request-3399-textDocument/foldingRange on Thread 3368
Took 0ms to process request-3400-textDocument/codeAction on Thread 3369
Took 0ms to process request-3401-textDocument/documentSymbol on Thread 3370
Took 0ms to process request-3402-textDocument/inlayHint on Thread 3367
Took 0ms to process request-3403-textDocument/willSaveWaitUntil on Thread 3368
Took 0ms to process notification-textDocument/didSave on Thread 3366
Took 0ms to process request-3404-textDocument/documentHighlight on Thread 3369
Took 0ms to process request-3405-textDocument/hover on Thread 3370
Took 0ms to process notification-textDocument/didChange on Thread 3366
Took 0ms to process request-3406-textDocument/inlayHint on Thread 3368
Took 0ms to process request-3407-textDocument/semanticTokens/range on Thread 3369
Took 0ms to process request-3408-textDocument/foldingRange on Thread 3370
Took 0ms to process request-3409-textDocument/codeAction on Thread 3367
Took 0ms to process notification-textDocument/didChange on Thread 3366
Took 0ms to process request-3410-textDocument/inlayHint on Thread 3369
Took 0ms to process request-3411-textDocument/semanticTokens/range on Thread 3370
Took 0ms to process request-3412-textDocument/foldingRange on Thread 3367
Took 0ms to process request-3413-textDocument/documentSymbol on Thread 3368
Took 0ms to process notification-textDocument/didChange on Thread 3366
Took 1ms to process request-3414-textDocument/completion on Thread 3370
Took 0ms to process request-3415-textDocument/inlayHint on Thread 3367
Took 0ms to process request-3416-textDocument/semanticTokens/range on Thread 3368
Took 0ms to process notification-textDocument/didChange on Thread 3366
Took 0ms to process request-3417-textDocument/inlayHint on Thread 3370
Took 0ms to process request-3418-textDocument/semanticTokens/range on Thread 3367
Took 0ms to process request-3419-textDocument/foldingRange on Thread 3368
Took 0ms to process request-3420-textDocument/codeAction on Thread 3369
Took 0ms to process notification-textDocument/didChange on Thread 3366
Took 0ms to process request-3421-textDocument/inlayHint on Thread 3367
Took 0ms to process request-3422-textDocument/semanticTokens/range on Thread 3368
Took 0ms to process request-3423-textDocument/foldingRange on Thread 3369
Took 0ms to process request-3424-textDocument/codeAction on Thread 3370
Took 0ms to process request-3425-textDocument/documentSymbol on Thread 3367
Took 0ms to process request-3426-textDocument/inlayHint on Thread 3368
Took 0ms to process notification-textDocument/didChange on Thread 3366
Took 0ms to process request-3427-textDocument/inlayHint on Thread 3370
Took 0ms to process request-3428-textDocument/semanticTokens/range on Thread 3367
Took 0ms to process request-3429-textDocument/foldingRange on Thread 3368
Took 0ms to process request-3430-textDocument/codeAction on Thread 3369
Took 0ms to process request-3431-textDocument/documentSymbol on Thread 3370
Took 0ms to process notification-textDocument/didChange on Thread 3366
Took 0ms to process request-3432-textDocument/inlayHint on Thread 3368
Took 0ms to process request-3433-textDocument/semanticTokens/range on Thread 3369
Took 0ms to process request-3434-textDocument/foldingRange on Thread 3370
Took 0ms to process notification-textDocument/didChange on Thread 3366
Took 1ms to process request-3435-textDocument/completion on Thread 3368
Took 0ms to process request-3436-textDocument/inlayHint on Thread 3369
Took 0ms to process request-3437-textDocument/semanticTokens/range on Thread 3370
Took 0ms to process request-3438-textDocument/foldingRange on Thread 3367
Took 0ms to process notification-textDocument/didChange on Thread 3366
Took 0ms to process request-3439-textDocument/inlayHint on Thread 3369
Took 0ms to process request-3440-textDocument/semanticTokens/range on Thread 3370
Took 0ms to process request-3441-textDocument/foldingRange on Thread 3367
Took 0ms to process request-3442-textDocument/codeAction on Thread 3368
Took 0ms to process request-3443-textDocument/documentSymbol on Thread 3369
Took 0ms to process notification-textDocument/didChange on Thread 3366
Took 0ms to process request-3444-textDocument/inlayHint on Thread 3367
Took 0ms to process request-3445-textDocument/semanticTokens/range on Thread 3368
Took 0ms to process request-3446-textDocument/foldingRange on Thread 3369
Took 0ms to process request-3447-textDocument/codeAction on Thread 3370
Took 0ms to process request-3448-textDocument/documentSymbol on Thread 3367
Took 0ms to process notification-textDocument/didChange on Thread 3366
Took 0ms to process request-3449-textDocument/inlayHint on Thread 3369
Took 0ms to process request-3450-textDocument/semanticTokens/range on Thread 3370
Took 0ms to process request-3451-textDocument/foldingRange on Thread 3367
Took 0ms to process request-3452-textDocument/codeAction on Thread 3368
Took 0ms to process request-3453-textDocument/documentSymbol on Thread 3369
Took 0ms to process notification-textDocument/didChange on Thread 3366
Took 0ms to process request-3454-textDocument/inlayHint on Thread 3367
Took 0ms to process request-3455-textDocument/semanticTokens/range on Thread 3368
Took 0ms to process request-3456-textDocument/foldingRange on Thread 3369
Took 0ms to process notification-textDocument/didChange on Thread 3366
Took 0ms to process request-3457-textDocument/inlayHint on Thread 3367
Took 0ms to process request-3458-textDocument/semanticTokens/range on Thread 3368
Took 0ms to process notification-textDocument/didChange on Thread 3366
Took 0ms to process request-3459-textDocument/inlayHint on Thread 3370
Took 0ms to process request-3460-textDocument/semanticTokens/range on Thread 3367
Took 0ms to process request-3461-textDocument/foldingRange on Thread 3368
Took 0ms to process request-3462-textDocument/codeAction on Thread 3369
Took 0ms to process notification-textDocument/didChange on Thread 3366
Took 0ms to process request-3463-textDocument/inlayHint on Thread 3367
Took 0ms to process request-3464-textDocument/semanticTokens/range on Thread 3368
Took 0ms to process request-3465-textDocument/foldingRange on Thread 3369
Took 0ms to process request-3466-textDocument/documentSymbol on Thread 3370
Took 0ms to process notification-textDocument/didChange on Thread 3366
Took 1ms to process request-3467-textDocument/completion on Thread 3368
Took 0ms to process request-3468-textDocument/inlayHint on Thread 3369
Took 0ms to process request-3469-textDocument/semanticTokens/range on Thread 3370
Took 0ms to process request-3470-textDocument/foldingRange on Thread 3367
Took 0ms to process request-3471-textDocument/codeAction on Thread 3368
Took 0ms to process notification-textDocument/didChange on Thread 3366
Took 0ms to process request-3472-textDocument/inlayHint on Thread 3370
Took 0ms to process request-3473-textDocument/semanticTokens/range on Thread 3367
Took 0ms to process notification-textDocument/didChange on Thread 3366
Took 0ms to process request-3474-textDocument/inlayHint on Thread 3369
Took 0ms to process request-3475-textDocument/semanticTokens/range on Thread 3370
Took 0ms to process request-3476-textDocument/foldingRange on Thread 3367
Took 0ms to process request-3477-textDocument/codeAction on Thread 3368
Took 0ms to process request-3478-textDocument/documentSymbol on Thread 3369
Took 0ms to process notification-textDocument/didChange on Thread 3366
Took 0ms to process request-3479-textDocument/inlayHint on Thread 3367
Took 0ms to process request-3480-textDocument/semanticTokens/range on Thread 3368
Took 0ms to process request-3481-textDocument/foldingRange on Thread 3369
Took 0ms to process request-3482-textDocument/codeAction on Thread 3370
Took 0ms to process request-3483-textDocument/documentSymbol on Thread 3367
Took 0ms to process request-3484-textDocument/inlayHint on Thread 3368
Took 0ms to process request-3485-textDocument/willSaveWaitUntil on Thread 3369
Took 0ms to process notification-textDocument/didSave on Thread 3366
Took 0ms to process notification-textDocument/didChange on Thread 3366
Took 0ms to process request-3486-textDocument/completion on Thread 3367
Took 0ms to process request-3487-textDocument/inlayHint on Thread 3368
Took 0ms to process request-3488-textDocument/semanticTokens/range on Thread 3369
Took 0ms to process request-3489-textDocument/foldingRange on Thread 3370
Took 0ms to process request-3490-textDocument/codeAction on Thread 3367
Took 0ms to process request-3491-textDocument/documentSymbol on Thread 3368
Took 0ms to process notification-textDocument/didChange on Thread 3366
Took 0ms to process request-3492-textDocument/inlayHint on Thread 3370
Took 0ms to process request-3493-textDocument/semanticTokens/range on Thread 3367
Took 0ms to process notification-textDocument/didChange on Thread 3366
Took 0ms to process request-3494-textDocument/inlayHint on Thread 3369
Took 0ms to process request-3495-textDocument/semanticTokens/range on Thread 3370
Took 0ms to process request-3496-textDocument/foldingRange on Thread 3367
Took 0ms to process request-3497-textDocument/codeAction on Thread 3368
Took 0ms to process request-3498-textDocument/documentSymbol on Thread 3369
Took 0ms to process notification-textDocument/didChange on Thread 3366
Took 0ms to process request-3499-textDocument/inlayHint on Thread 3367
Took 0ms to process request-3500-textDocument/semanticTokens/range on Thread 3368
Took 0ms to process request-3501-textDocument/foldingRange on Thread 3369
Took 0ms to process request-3502-textDocument/codeAction on Thread 3370
Took 0ms to process request-3503-textDocument/documentSymbol on Thread 3367
Took 0ms to process notification-textDocument/didChange on Thread 3366
Took 0ms to process request-3504-textDocument/inlayHint on Thread 3369
Took 0ms to process request-3505-textDocument/semanticTokens/range on Thread 3370
Took 0ms to process request-3506-textDocument/foldingRange on Thread 3367
Took 0ms to process request-3507-textDocument/codeAction on Thread 3368
Took 0ms to process request-3508-textDocument/documentSymbol on Thread 3369
Took 0ms to process request-3509-textDocument/inlayHint on Thread 3370
Took 0ms to process request-3510-textDocument/willSaveWaitUntil on Thread 3367
Took 0ms to process notification-textDocument/didSave on Thread 3366
Took 0ms to process notification-textDocument/didChange on Thread 3366
Took 0ms to process request-3511-textDocument/inlayHint on Thread 3369
Took 0ms to process request-3512-textDocument/semanticTokens/range on Thread 3370
Took 0ms to process request-3513-textDocument/foldingRange on Thread 3367
Took 17ms to process request-3514-textDocument/codeAction on Thread 3368
Took 0ms to process request-3515-textDocument/documentSymbol on Thread 3369
Took 0ms to process request-3516-textDocument/inlayHint on Thread 3370
Took 0ms to process request-3517-textDocument/willSaveWaitUntil on Thread 3367
Took 0ms to process notification-textDocument/didSave on Thread 3366
Took 0ms to process request-3518-textDocument/inlayHint on Thread 3368
Took 0ms to process request-3519-textDocument/semanticTokens/range on Thread 3369
Took 19ms to process request-3520-textDocument/codeAction on Thread 3370
Took 0ms to process request-3521-textDocument/documentHighlight on Thread 3367
Took 17ms to process request-3522-textDocument/codeAction on Thread 3368
Took 0ms to process notification-textDocument/didChange on Thread 3366
Took 0ms to process request-3523-textDocument/inlayHint on Thread 3370
Took 0ms to process request-3524-textDocument/semanticTokens/range on Thread 3367
Took 0ms to process notification-textDocument/didChange on Thread 3366
Took 0ms to process request-3525-textDocument/inlayHint on Thread 3369
Took 0ms to process request-3526-textDocument/semanticTokens/range on Thread 3370
Took 0ms to process notification-textDocument/didChange on Thread 3366
Took 0ms to process request-3527-textDocument/inlayHint on Thread 3368
Took 0ms to process request-3528-textDocument/semanticTokens/range on Thread 3369
Took 0ms to process notification-textDocument/didChange on Thread 3366
Took 0ms to process request-3529-textDocument/inlayHint on Thread 3367
Took 0ms to process request-3530-textDocument/semanticTokens/range on Thread 3368
Took 0ms to process notification-textDocument/didChange on Thread 3366
Took 0ms to process request-3531-textDocument/inlayHint on Thread 3370
Took 0ms to process request-3532-textDocument/semanticTokens/range on Thread 3367
Took 0ms to process request-3533-textDocument/foldingRange on Thread 3368
Took 0ms to process notification-textDocument/didChange on Thread 3366
Took 0ms to process request-3534-textDocument/inlayHint on Thread 3370
Took 0ms to process request-3535-textDocument/semanticTokens/range on Thread 3367
Took 0ms to process notification-textDocument/didChange on Thread 3366
Took 0ms to process request-3536-textDocument/inlayHint on Thread 3369
Took 0ms to process request-3537-textDocument/semanticTokens/range on Thread 3370
Took 0ms to process request-3538-textDocument/foldingRange on Thread 3367
Took 18ms to process request-3539-textDocument/codeAction on Thread 3368
Took 0ms to process request-3540-textDocument/documentSymbol on Thread 3369
Took 0ms to process notification-textDocument/didChange on Thread 3366
Took 0ms to process request-3541-textDocument/inlayHint on Thread 3367
Took 0ms to process request-3542-textDocument/semanticTokens/range on Thread 3368
Took 0ms to process request-3543-textDocument/foldingRange on Thread 3369
Took 0ms to process request-3544-textDocument/documentSymbol on Thread 3370
Took 0ms to process notification-textDocument/didChange on Thread 3366
Took 0ms to process request-3545-textDocument/inlayHint on Thread 3368
Took 0ms to process request-3546-textDocument/semanticTokens/range on Thread 3369
Took 0ms to process notification-textDocument/didChange on Thread 3366
Took 0ms to process request-3547-textDocument/inlayHint on Thread 3367
Took 0ms to process request-3548-textDocument/semanticTokens/range on Thread 3368
Took 0ms to process notification-textDocument/didChange on Thread 3366
Took 0ms to process request-3549-textDocument/inlayHint on Thread 3370
Took 0ms to process request-3550-textDocument/semanticTokens/range on Thread 3367
Took 0ms to process request-3551-textDocument/foldingRange on Thread 3368
Took 17ms to process request-3552-textDocument/codeAction on Thread 3369
Took 0ms to process request-3553-textDocument/documentSymbol on Thread 3370
Took 0ms to process request-3554-textDocument/inlayHint on Thread 3367
Took 0ms to process request-3555-textDocument/willSaveWaitUntil on Thread 3368
Took 0ms to process notification-textDocument/didSave on Thread 3366
Took 0ms to process notification-textDocument/didChange on Thread 3366
Took 0ms to process request-3556-textDocument/inlayHint on Thread 3370
Took 0ms to process request-3557-textDocument/semanticTokens/range on Thread 3367
Took 0ms to process notification-textDocument/didChange on Thread 3366
Took 0ms to process request-3558-textDocument/inlayHint on Thread 3369
Took 0ms to process request-3559-textDocument/semanticTokens/range on Thread 3370
Took 0ms to process notification-textDocument/didChange on Thread 3366
Took 0ms to process request-3560-textDocument/inlayHint on Thread 3368
Took 0ms to process request-3561-textDocument/semanticTokens/range on Thread 3369
Took 0ms to process request-3562-textDocument/foldingRange on Thread 3370
Took 17ms to process request-3563-textDocument/codeAction on Thread 3367
Took 0ms to process notification-textDocument/didChange on Thread 3366
Took 0ms to process request-3564-textDocument/inlayHint on Thread 3369
Took 0ms to process request-3565-textDocument/semanticTokens/range on Thread 3370
Took 0ms to process notification-textDocument/didChange on Thread 3366
Took 0ms to process request-3566-textDocument/inlayHint on Thread 3368
Took 0ms to process request-3567-textDocument/semanticTokens/range on Thread 3369
Took 0ms to process request-3568-textDocument/foldingRange on Thread 3370
Took 17ms to process request-3569-textDocument/codeAction on Thread 3367
Took 0ms to process request-3570-textDocument/documentSymbol on Thread 3368
Took 0ms to process notification-textDocument/didChange on Thread 3366
Took 0ms to process request-3571-textDocument/inlayHint on Thread 3370
Took 0ms to process request-3572-textDocument/semanticTokens/range on Thread 3367
Took 0ms to process request-3573-textDocument/foldingRange on Thread 3368
Took 0ms to process notification-textDocument/didChange on Thread 3366
Took 0ms to process request-3574-textDocument/inlayHint on Thread 3370
Took 0ms to process request-3575-textDocument/semanticTokens/range on Thread 3367
Took 0ms to process notification-textDocument/didChange on Thread 3366
Took 0ms to process request-3576-textDocument/inlayHint on Thread 3369
Took 0ms to process request-3577-textDocument/semanticTokens/range on Thread 3370
Took 0ms to process notification-textDocument/didChange on Thread 3366
Took 0ms to process request-3578-textDocument/inlayHint on Thread 3368
Took 0ms to process request-3579-textDocument/semanticTokens/range on Thread 3369
Took 0ms to process request-3580-textDocument/foldingRange on Thread 3370
Took 13ms to process request-3581-textDocument/codeAction on Thread 3367
Took 0ms to process request-3582-textDocument/documentSymbol on Thread 3368
Took 0ms to process notification-textDocument/didChange on Thread 3366
Took 0ms to process request-3583-textDocument/inlayHint on Thread 3370
Took 0ms to process request-3584-textDocument/semanticTokens/range on Thread 3367
Took 0ms to process notification-textDocument/didChange on Thread 3366
Took 0ms to process request-3585-textDocument/inlayHint on Thread 3369
Took 0ms to process request-3586-textDocument/semanticTokens/range on Thread 3370
Took 0ms to process request-3587-textDocument/foldingRange on Thread 3367
Took 17ms to process request-3588-textDocument/codeAction on Thread 3368
Took 0ms to process request-3589-textDocument/documentSymbol on Thread 3369
Took 0ms to process request-3590-textDocument/inlayHint on Thread 3370
Took 0ms to process request-3591-textDocument/willSaveWaitUntil on Thread 3367
Took 0ms to process notification-textDocument/didSave on Thread 3366
Took 0ms to process notification-textDocument/didChange on Thread 3366
Took 0ms to process request-3592-textDocument/inlayHint on Thread 3369
Took 0ms to process request-3593-textDocument/semanticTokens/range on Thread 3370
Took 0ms to process request-3594-textDocument/foldingRange on Thread 3367
Took 17ms to process request-3595-textDocument/codeAction on Thread 3368
Took 0ms to process request-3596-textDocument/documentSymbol on Thread 3369
Took 0ms to process notification-textDocument/didChange on Thread 3366
Took 0ms to process request-3597-textDocument/inlayHint on Thread 3367
Took 0ms to process notification-textDocument/didChange on Thread 3366
Took 0ms to process request-3598-textDocument/inlayHint on Thread 3369
Took 0ms to process notification-textDocument/didChange on Thread 3366
Took 0ms to process request-3599-textDocument/inlayHint on Thread 3367
Took 0ms to process notification-textDocument/didChange on Thread 3366
Took 0ms to process request-3600-textDocument/inlayHint on Thread 3369
Took 0ms to process notification-textDocument/didChange on Thread 3366
Took 0ms to process request-3601-textDocument/inlayHint on Thread 3367
Took 0ms to process notification-textDocument/didChange on Thread 3366
Took 0ms to process request-3602-textDocument/inlayHint on Thread 3369
Took 0ms to process notification-textDocument/didChange on Thread 3366
Took 0ms to process request-3603-textDocument/inlayHint on Thread 3367
Took 0ms to process notification-textDocument/didChange on Thread 3366
Took 0ms to process request-3604-textDocument/inlayHint on Thread 3369
Took 0ms to process notification-textDocument/didChange on Thread 3366
Took 0ms to process request-3605-textDocument/inlayHint on Thread 3367
Took 0ms to process notification-textDocument/didChange on Thread 3366
Took 0ms to process request-3606-textDocument/inlayHint on Thread 3369
Took 0ms to process notification-textDocument/didChange on Thread 3366
Took 0ms to process request-3607-textDocument/inlayHint on Thread 3367
Took 0ms to process notification-textDocument/didChange on Thread 3366
Took 0ms to process request-3608-textDocument/inlayHint on Thread 3369
Took 0ms to process notification-textDocument/didChange on Thread 3366
Took 0ms to process request-3609-textDocument/inlayHint on Thread 3367
Took 0ms to process notification-textDocument/didChange on Thread 3366
Took 0ms to process request-3610-textDocument/inlayHint on Thread 3369
Took 0ms to process notification-textDocument/didChange on Thread 3366
Took 0ms to process request-3611-textDocument/inlayHint on Thread 3367
Took 0ms to process notification-textDocument/didChange on Thread 3366
Took 0ms to process request-3612-textDocument/inlayHint on Thread 3369
Took 0ms to process notification-textDocument/didChange on Thread 3366
Took 0ms to process request-3613-textDocument/inlayHint on Thread 3367
Took 0ms to process request-3614-textDocument/semanticTokens/range on Thread 3368
Took 0ms to process request-3615-textDocument/foldingRange on Thread 3369
Took 0ms to process notification-textDocument/didChange on Thread 3366
Took 0ms to process request-3616-textDocument/inlayHint on Thread 3367
Took 0ms to process request-3617-textDocument/semanticTokens/range on Thread 3368
Took 0ms to process notification-textDocument/didChange on Thread 3366
Took 0ms to process request-3618-textDocument/inlayHint on Thread 3370
Took 0ms to process request-3619-textDocument/semanticTokens/range on Thread 3367
Took 0ms to process request-3620-textDocument/foldingRange on Thread 3368
Took 0ms to process notification-textDocument/didChange on Thread 3366
Took 0ms to process request-3621-textDocument/inlayHint on Thread 3370
Took 0ms to process request-3622-textDocument/semanticTokens/range on Thread 3367
Took 0ms to process request-3623-textDocument/foldingRange on Thread 3368
Took 0ms to process notification-textDocument/didChange on Thread 3366
Took 0ms to process request-3624-textDocument/inlayHint on Thread 3370
Took 0ms to process request-3625-textDocument/semanticTokens/range on Thread 3367
Took 0ms to process request-3626-textDocument/foldingRange on Thread 3368
Took 17ms to process request-3627-textDocument/codeAction on Thread 3369
Took 0ms to process request-3628-textDocument/documentSymbol on Thread 3370
Took 0ms to process request-3629-textDocument/inlayHint on Thread 3367
Took 0ms to process request-3630-textDocument/willSaveWaitUntil on Thread 3368
Took 0ms to process notification-textDocument/didSave on Thread 3366
Took 16ms to process request-3631-textDocument/codeAction on Thread 3369
Took 17ms to process request-3632-textDocument/codeAction on Thread 3370
Took 0ms to process request-3633-textDocument/inlayHint on Thread 3367
Took 0ms to process request-3634-textDocument/semanticTokens/range on Thread 3368
Took 14ms to process request-3635-textDocument/codeAction on Thread 3369
Took 0ms to process notification-textDocument/didChange on Thread 3366
Took 0ms to process request-3636-textDocument/inlayHint on Thread 3367
Took 0ms to process request-3637-textDocument/semanticTokens/range on Thread 3368
Took 0ms to process request-3638-textDocument/foldingRange on Thread 3369
Took 0ms to process request-3639-textDocument/documentSymbol on Thread 3370
Took 0ms to process notification-textDocument/didChange on Thread 3366
Took 0ms to process request-3640-textDocument/completion on Thread 3368
Took 0ms to process request-3641-textDocument/inlayHint on Thread 3369
Took 0ms to process request-3642-textDocument/semanticTokens/range on Thread 3370
Took 0ms to process notification-textDocument/didChange on Thread 3366
Took 0ms to process request-3643-textDocument/completion on Thread 3368
Took 0ms to process request-3644-textDocument/inlayHint on Thread 3369
Took 0ms to process request-3645-textDocument/semanticTokens/range on Thread 3370
Took 0ms to process request-3646-textDocument/foldingRange on Thread 3368
Took 16ms to process request-3647-textDocument/codeAction on Thread 3367
Took 0ms to process request-3648-textDocument/documentSymbol on Thread 3369
Took 0ms to process notification-textDocument/didChange on Thread 3366
Took 0ms to process request-3649-textDocument/inlayHint on Thread 3368
Took 0ms to process request-3650-textDocument/semanticTokens/range on Thread 3367
Took 0ms to process request-3651-textDocument/foldingRange on Thread 3369
Took 0ms to process notification-textDocument/didChange on Thread 3366
Took 0ms to process request-3652-textDocument/inlayHint on Thread 3368
Took 0ms to process notification-textDocument/didChange on Thread 3366
Took 0ms to process request-3653-textDocument/inlayHint on Thread 3369
Took 0ms to process request-3654-textDocument/semanticTokens/range on Thread 3370
Took 0ms to process notification-textDocument/didChange on Thread 3366
Took 0ms to process request-3655-textDocument/inlayHint on Thread 3367
Took 0ms to process request-3656-textDocument/semanticTokens/range on Thread 3369
Took 0ms to process request-3657-textDocument/foldingRange on Thread 3370
Took 0ms to process notification-textDocument/didChange on Thread 3366
Took 0ms to process request-3658-textDocument/inlayHint on Thread 3367
Took 0ms to process request-3659-textDocument/semanticTokens/range on Thread 3369
Took 0ms to process notification-textDocument/didChange on Thread 3366
Took 0ms to process request-3660-textDocument/inlayHint on Thread 3368
Took 0ms to process request-3661-textDocument/semanticTokens/range on Thread 3367
Took 0ms to process request-3662-textDocument/foldingRange on Thread 3369
Took 0ms to process notification-textDocument/didChange on Thread 3366
Took 0ms to process request-3663-textDocument/inlayHint on Thread 3368
Took 0ms to process request-3664-textDocument/semanticTokens/range on Thread 3367
Took 0ms to process notification-textDocument/didChange on Thread 3366
Took 0ms to process request-3665-textDocument/inlayHint on Thread 3370
Took 0ms to process request-3666-textDocument/semanticTokens/range on Thread 3368
Took 0ms to process request-3667-textDocument/foldingRange on Thread 3367
Took 17ms to process request-3668-textDocument/codeAction on Thread 3369
Took 0ms to process notification-textDocument/didChange on Thread 3366
Took 0ms to process request-3669-textDocument/inlayHint on Thread 3368
Took 0ms to process request-3670-textDocument/semanticTokens/range on Thread 3367
Took 0ms to process request-3671-textDocument/foldingRange on Thread 3369
Took 0ms to process notification-textDocument/didChange on Thread 3366
Took 0ms to process request-3672-textDocument/inlayHint on Thread 3368
Took 0ms to process request-3673-textDocument/semanticTokens/range on Thread 3367
Took 0ms to process notification-textDocument/didChange on Thread 3366
Took 0ms to process request-3674-textDocument/inlayHint on Thread 3370
Took 0ms to process notification-textDocument/didChange on Thread 3366
Took 0ms to process request-3675-textDocument/inlayHint on Thread 3367
Took 0ms to process request-3676-textDocument/semanticTokens/range on Thread 3369
Took 0ms to process notification-textDocument/didChange on Thread 3366
Took 0ms to process request-3677-textDocument/inlayHint on Thread 3368
Took 0ms to process request-3678-textDocument/semanticTokens/range on Thread 3367
Took 0ms to process request-3679-textDocument/foldingRange on Thread 3369
Took 0ms to process request-3680-textDocument/documentSymbol on Thread 3370
Took 0ms to process request-3681-textDocument/inlayHint on Thread 3368
Took 0ms to process request-3682-textDocument/willSaveWaitUntil on Thread 3367
Took 0ms to process notification-textDocument/didSave on Thread 3366
Took 0ms to process request-3683-textDocument/documentHighlight on Thread 3369
Took 16ms to process request-3684-textDocument/codeAction on Thread 3370
Took 17ms to process request-3685-textDocument/codeAction on Thread 3368
Took 0ms to process notification-textDocument/didChange on Thread 3366
Took 0ms to process request-3686-textDocument/inlayHint on Thread 3369
Took 0ms to process request-3687-textDocument/semanticTokens/range on Thread 3370
Took 0ms to process notification-textDocument/didChange on Thread 3366
Took 0ms to process request-3688-textDocument/inlayHint on Thread 3367
Took 15ms to process request-3689-textDocument/codeAction on Thread 3369
Took 0ms to process request-3690-textDocument/semanticTokens/range on Thread 3370
Took 0ms to process request-3691-textDocument/foldingRange on Thread 3368
Took 0ms to process request-3692-textDocument/documentSymbol on Thread 3367
Took 0ms to process request-3693-textDocument/inlayHint on Thread 3369
Took 0ms to process request-3694-textDocument/willSaveWaitUntil on Thread 3370
Took 0ms to process notification-textDocument/didSave on Thread 3366
Took 0ms to process notification-textDocument/didChange on Thread 3366
Took 0ms to process request-3695-textDocument/inlayHint on Thread 3367
Took 0ms to process request-3696-textDocument/semanticTokens/range on Thread 3369
Took 0ms to process request-3697-textDocument/foldingRange on Thread 3370
Took 0ms to process request-3698-textDocument/documentSymbol on Thread 3368
Took 0ms to process request-3699-textDocument/inlayHint on Thread 3367
Took 0ms to process request-3700-textDocument/willSaveWaitUntil on Thread 3369
Took 0ms to process notification-textDocument/didSave on Thread 3366
Took 16ms to process request-3701-textDocument/codeAction on Thread 3370
Took 17ms to process request-3702-textDocument/codeAction on Thread 3368
Took 17ms to process request-3703-textDocument/codeAction on Thread 3367
Took 17ms to process request-3704-textDocument/codeAction on Thread 3369
Took 14ms to process request-3705-textDocument/codeAction on Thread 3370
Took 0ms to process request-3706-textDocument/documentHighlight on Thread 3368
Took 17ms to process request-3707-textDocument/codeAction on Thread 3367
Took 0ms to process notification-textDocument/didChange on Thread 3366
Took 0ms to process request-3708-textDocument/inlayHint on Thread 3370
Took 0ms to process request-3709-textDocument/semanticTokens/range on Thread 3368
Took 0ms to process request-3710-textDocument/foldingRange on Thread 3367
Took 15ms to process request-3711-textDocument/codeAction on Thread 3369
Took 0ms to process request-3712-textDocument/documentSymbol on Thread 3370
Took 0ms to process notification-textDocument/didChange on Thread 3366
Took 0ms to process request-3713-textDocument/inlayHint on Thread 3367
Took 0ms to process request-3714-textDocument/semanticTokens/range on Thread 3369
Took 0ms to process request-3715-textDocument/foldingRange on Thread 3370
Took 18ms to process request-3716-textDocument/codeAction on Thread 3368
Took 0ms to process request-3717-textDocument/documentSymbol on Thread 3367
Took 0ms to process request-3718-textDocument/documentHighlight on Thread 3369
Took 0ms to process request-3720-textDocument/inlayHint on Thread 3368
Took 17ms to process request-3719-textDocument/codeAction on Thread 3370
Took 0ms to process request-3721-textDocument/willSaveWaitUntil on Thread 3367
Took 0ms to process notification-textDocument/didSave on Thread 3366
Took 0ms to process request-3722-textDocument/documentHighlight on Thread 3369
Took 17ms to process request-3723-textDocument/codeAction on Thread 3368
Took 0ms to process notification-textDocument/didChange on Thread 3366
Took 0ms to process request-3724-textDocument/inlayHint on Thread 3367
Took 0ms to process request-3725-textDocument/semanticTokens/range on Thread 3369
Took 0ms to process request-3726-textDocument/foldingRange on Thread 3368
Took 0ms to process request-3727-textDocument/documentSymbol on Thread 3370
Took 0ms to process request-3728-textDocument/inlayHint on Thread 3367
Took 0ms to process request-3729-textDocument/willSaveWaitUntil on Thread 3369
Took 0ms to process notification-textDocument/didSave on Thread 3366
Took 0ms to process notification-textDocument/didChange on Thread 3366
Took 0ms to process request-3730-textDocument/inlayHint on Thread 3370
Took 0ms to process notification-textDocument/didChange on Thread 3366
Took 0ms to process request-3731-textDocument/inlayHint on Thread 3369
Took 0ms to process request-3732-textDocument/semanticTokens/range on Thread 3368
Took 0ms to process notification-textDocument/didChange on Thread 3366
Took 0ms to process request-3733-textDocument/inlayHint on Thread 3367
Took 0ms to process request-3734-textDocument/semanticTokens/range on Thread 3369
Took 0ms to process notification-textDocument/didChange on Thread 3366
Took 0ms to process request-3735-textDocument/inlayHint on Thread 3370
Took 0ms to process request-3736-textDocument/semanticTokens/range on Thread 3367
Took 0ms to process request-3737-textDocument/foldingRange on Thread 3369
Took 0ms to process notification-textDocument/didChange on Thread 3366
Took 0ms to process request-3738-textDocument/inlayHint on Thread 3370
Took 0ms to process request-3739-textDocument/semanticTokens/range on Thread 3367
Took 0ms to process notification-textDocument/didChange on Thread 3366
Took 0ms to process request-3740-textDocument/inlayHint on Thread 3368
Took 0ms to process request-3741-textDocument/semanticTokens/range on Thread 3370
Took 0ms to process request-3742-textDocument/foldingRange on Thread 3367
Took 17ms to process request-3743-textDocument/codeAction on Thread 3369
Took 0ms to process request-3744-textDocument/documentSymbol on Thread 3368
Took 0ms to process notification-textDocument/didChange on Thread 3366
Took 0ms to process request-3745-textDocument/inlayHint on Thread 3367
Took 0ms to process request-3746-textDocument/semanticTokens/range on Thread 3369
Took 0ms to process request-3747-textDocument/foldingRange on Thread 3368
Took 0ms to process notification-textDocument/didChange on Thread 3366
Took 0ms to process request-3748-textDocument/inlayHint on Thread 3367
Took 0ms to process request-3749-textDocument/semanticTokens/range on Thread 3369
Took 0ms to process request-3750-textDocument/foldingRange on Thread 3368
Took 18ms to process request-3751-textDocument/codeAction on Thread 3370
Took 0ms to process notification-textDocument/didChange on Thread 3366
Took 0ms to process notification-other on Thread 3369
Took 1ms to process request-3752-textDocument/inlayHint on Thread 3368
Took 1ms to process request-3753-textDocument/semanticTokens/range on Thread 3370
Took 0ms to process request-3754-textDocument/foldingRange on Thread 3369
Took 13ms to process request-3755-textDocument/codeAction on Thread 3367
Took 0ms to process notification-textDocument/didChange on Thread 3366
Took 0ms to process notification-other on Thread 3370
Took 0ms to process request-3756-textDocument/inlayHint on Thread 3369
Took 0ms to process request-3757-textDocument/semanticTokens/range on Thread 3367
Took 0ms to process notification-textDocument/didChange on Thread 3366
Took 0ms to process request-3758-textDocument/inlayHint on Thread 3368
Took 0ms to process request-3759-textDocument/semanticTokens/range on Thread 3369
Took 0ms to process request-3760-textDocument/foldingRange on Thread 3367
Took 17ms to process request-3761-textDocument/codeAction on Thread 3370
Took 0ms to process request-3762-textDocument/documentSymbol on Thread 3368
Took 0ms to process notification-textDocument/didChange on Thread 3366
Took 0ms to process request-3763-textDocument/inlayHint on Thread 3367
Took 0ms to process request-3764-textDocument/semanticTokens/range on Thread 3370
Took 0ms to process request-3765-textDocument/foldingRange on Thread 3368
Took 17ms to process request-3766-textDocument/codeAction on Thread 3369
Took 0ms to process notification-textDocument/didChange on Thread 3366
Took 0ms to process request-3767-textDocument/inlayHint on Thread 3370
Took 0ms to process request-3768-textDocument/semanticTokens/range on Thread 3368
Took 0ms to process notification-textDocument/didChange on Thread 3366
Took 0ms to process request-3769-textDocument/inlayHint on Thread 3367
Took 0ms to process request-3770-textDocument/semanticTokens/range on Thread 3370
Took 0ms to process notification-textDocument/didChange on Thread 3366
Took 0ms to process request-3771-textDocument/inlayHint on Thread 3369
Took 0ms to process notification-textDocument/didChange on Thread 3366
Took 0ms to process request-3772-textDocument/inlayHint on Thread 3370
Took 0ms to process request-3773-textDocument/semanticTokens/range on Thread 3368
Took 0ms to process notification-textDocument/didChange on Thread 3366
Took 0ms to process request-3774-textDocument/inlayHint on Thread 3367
Took 0ms to process notification-textDocument/didChange on Thread 3366
Took 0ms to process request-3775-textDocument/inlayHint on Thread 3368
Took 0ms to process request-3776-textDocument/semanticTokens/range on Thread 3369
Took 0ms to process notification-textDocument/didChange on Thread 3366
Took 0ms to process request-3777-textDocument/inlayHint on Thread 3370
Took 0ms to process request-3778-textDocument/semanticTokens/range on Thread 3368
Took 0ms to process request-3779-textDocument/foldingRange on Thread 3369
Took 17ms to process request-3780-textDocument/codeAction on Thread 3367
Took 0ms to process request-3781-textDocument/documentSymbol on Thread 3370
Took 0ms to process notification-textDocument/didChange on Thread 3366
Took 0ms to process request-3782-textDocument/inlayHint on Thread 3369
Took 0ms to process request-3783-textDocument/semanticTokens/range on Thread 3367
Took 0ms to process notification-textDocument/didChange on Thread 3366
Took 0ms to process request-3784-textDocument/inlayHint on Thread 3368
Took 0ms to process request-3785-textDocument/semanticTokens/range on Thread 3369
Took 0ms to process notification-textDocument/didChange on Thread 3366
Took 0ms to process request-3786-textDocument/inlayHint on Thread 3370
Took 0ms to process request-3787-textDocument/semanticTokens/range on Thread 3368
Took 0ms to process notification-textDocument/didChange on Thread 3366
Took 0ms to process request-3788-textDocument/inlayHint on Thread 3367
Took 0ms to process request-3789-textDocument/semanticTokens/range on Thread 3370
Took 0ms to process request-3790-textDocument/foldingRange on Thread 3368
Took 0ms to process notification-textDocument/didChange on Thread 3366
Took 0ms to process request-3791-textDocument/inlayHint on Thread 3367
Took 0ms to process request-3792-textDocument/semanticTokens/range on Thread 3370
Took 0ms to process request-3793-textDocument/foldingRange on Thread 3368
Took 17ms to process request-3794-textDocument/codeAction on Thread 3369
Took 0ms to process request-3795-textDocument/documentSymbol on Thread 3367
Took 0ms to process notification-textDocument/didChange on Thread 3366
Took 0ms to process request-3796-textDocument/inlayHint on Thread 3368
Took 0ms to process request-3797-textDocument/semanticTokens/range on Thread 3369
Took 0ms to process notification-textDocument/didChange on Thread 3366
Took 0ms to process request-3798-textDocument/inlayHint on Thread 3370
Took 0ms to process request-3799-textDocument/semanticTokens/range on Thread 3368
Took 0ms to process notification-textDocument/didChange on Thread 3366
Took 0ms to process request-3800-textDocument/inlayHint on Thread 3367
Took 0ms to process request-3801-textDocument/semanticTokens/range on Thread 3370
Took 0ms to process request-3802-textDocument/foldingRange on Thread 3368
Took 17ms to process request-3803-textDocument/codeAction on Thread 3369
Took 0ms to process notification-textDocument/didChange on Thread 3366
Took 0ms to process notification-other on Thread 3370
Took 0ms to process request-3804-textDocument/inlayHint on Thread 3368
Took 0ms to process request-3805-textDocument/semanticTokens/range on Thread 3369
Took 0ms to process notification-textDocument/didChange on Thread 3366
Took 0ms to process request-3806-textDocument/inlayHint on Thread 3367
Took 0ms to process request-3807-textDocument/semanticTokens/range on Thread 3368
Took 0ms to process notification-textDocument/didChange on Thread 3366
Took 0ms to process request-3808-textDocument/inlayHint on Thread 3370
Took 0ms to process request-3809-textDocument/semanticTokens/range on Thread 3367
Took 0ms to process notification-textDocument/didChange on Thread 3366
Took 0ms to process request-3810-textDocument/inlayHint on Thread 3369
Took 0ms to process request-3811-textDocument/semanticTokens/range on Thread 3370
Took 0ms to process notification-textDocument/didChange on Thread 3366
Took 0ms to process request-3812-textDocument/inlayHint on Thread 3368
Took 0ms to process request-3813-textDocument/semanticTokens/range on Thread 3369
Took 0ms to process request-3814-textDocument/foldingRange on Thread 3370
Took 0ms to process notification-textDocument/didChange on Thread 3366
Took 0ms to process request-3815-textDocument/inlayHint on Thread 3368
Took 0ms to process request-3816-textDocument/semanticTokens/range on Thread 3369
Took 0ms to process notification-textDocument/didChange on Thread 3366
Took 0ms to process request-3817-textDocument/inlayHint on Thread 3367
Took 0ms to process request-3818-textDocument/semanticTokens/range on Thread 3368
Took 0ms to process notification-textDocument/didChange on Thread 3366
Took 0ms to process request-3819-textDocument/inlayHint on Thread 3370
Took 0ms to process request-3820-textDocument/semanticTokens/range on Thread 3367
Took 0ms to process request-3821-textDocument/foldingRange on Thread 3368
Took 16ms to process request-3822-textDocument/codeAction on Thread 3369
Took 0ms to process request-3823-textDocument/documentSymbol on Thread 3370
Took 0ms to process request-3824-textDocument/inlayHint on Thread 3367
Took 0ms to process request-3825-textDocument/willSaveWaitUntil on Thread 3368
Took 0ms to process notification-textDocument/didSave on Thread 3366
Took 0ms to process notification-textDocument/didChange on Thread 3366
Took 0ms to process request-3826-textDocument/inlayHint on Thread 3370
Took 0ms to process request-3827-textDocument/semanticTokens/range on Thread 3367
Took 0ms to process request-3828-textDocument/foldingRange on Thread 3368
Took 16ms to process request-3829-textDocument/codeAction on Thread 3369
Took 0ms to process request-3830-textDocument/documentSymbol on Thread 3370
Took 0ms to process notification-textDocument/didChange on Thread 3366
Took 0ms to process request-3831-textDocument/inlayHint on Thread 3368
Took 0ms to process request-3832-textDocument/semanticTokens/range on Thread 3369
Took 0ms to process notification-textDocument/didChange on Thread 3366
Took 0ms to process request-3833-textDocument/inlayHint on Thread 3367
Took 0ms to process request-3834-textDocument/semanticTokens/range on Thread 3368
Took 0ms to process request-3835-textDocument/foldingRange on Thread 3369
Took 0ms to process request-3836-textDocument/documentSymbol on Thread 3370
Took 0ms to process notification-textDocument/didChange on Thread 3366
Took 0ms to process request-3837-textDocument/inlayHint on Thread 3368
Took 0ms to process request-3838-textDocument/semanticTokens/range on Thread 3369
Took 0ms to process request-3839-textDocument/foldingRange on Thread 3370
Took 0ms to process notification-textDocument/didChange on Thread 3366
Took 0ms to process request-3840-textDocument/inlayHint on Thread 3368
Took 0ms to process request-3841-textDocument/semanticTokens/range on Thread 3369
Took 0ms to process request-3842-textDocument/foldingRange on Thread 3370
Took 17ms to process request-3843-textDocument/codeAction on Thread 3367
Took 0ms to process request-3844-textDocument/documentSymbol on Thread 3368
Took 0ms to process request-3845-textDocument/inlayHint on Thread 3369
Took 0ms to process notification-textDocument/didChange on Thread 3366
Took 0ms to process request-3846-textDocument/inlayHint on Thread 3367
Took 0ms to process request-3847-textDocument/semanticTokens/range on Thread 3368
Took 0ms to process request-3848-textDocument/foldingRange on Thread 3369
Took 17ms to process request-3849-textDocument/codeAction on Thread 3370
Took 0ms to process request-3850-textDocument/documentSymbol on Thread 3367
Took 0ms to process notification-textDocument/didChange on Thread 3366
Took 0ms to process request-3851-textDocument/inlayHint on Thread 3369
Took 0ms to process request-3852-textDocument/semanticTokens/range on Thread 3370
Took 0ms to process notification-textDocument/didChange on Thread 3366
Took 0ms to process request-3853-textDocument/inlayHint on Thread 3368
Took 0ms to process request-3854-textDocument/semanticTokens/range on Thread 3369
Took 0ms to process notification-textDocument/didChange on Thread 3366
Took 0ms to process request-3855-textDocument/inlayHint on Thread 3367
Took 0ms to process request-3856-textDocument/semanticTokens/range on Thread 3368
Took 0ms to process notification-textDocument/didChange on Thread 3366
Took 0ms to process request-3857-textDocument/inlayHint on Thread 3370
Took 0ms to process request-3858-textDocument/semanticTokens/range on Thread 3367
Took 0ms to process request-3859-textDocument/foldingRange on Thread 3368
Took 0ms to process notification-textDocument/didChange on Thread 3366
Took 0ms to process request-3860-textDocument/inlayHint on Thread 3370
Took 0ms to process request-3861-textDocument/semanticTokens/range on Thread 3367
Took 0ms to process request-3862-textDocument/foldingRange on Thread 3368
Took 0ms to process notification-textDocument/didChange on Thread 3366
Took 0ms to process request-3863-textDocument/inlayHint on Thread 3370
Took 0ms to process request-3864-textDocument/semanticTokens/range on Thread 3367
Took 0ms to process notification-textDocument/didChange on Thread 3366
Took 0ms to process request-3865-textDocument/inlayHint on Thread 3369
Took 0ms to process request-3866-textDocument/semanticTokens/range on Thread 3370
Took 0ms to process request-3867-textDocument/foldingRange on Thread 3367
Took 0ms to process notification-textDocument/didChange on Thread 3366
Took 0ms to process request-3868-textDocument/inlayHint on Thread 3369
Took 0ms to process request-3869-textDocument/semanticTokens/range on Thread 3370
Took 0ms to process notification-textDocument/didChange on Thread 3366
Took 0ms to process request-3870-textDocument/inlayHint on Thread 3368
Took 0ms to process request-3871-textDocument/semanticTokens/range on Thread 3369
Took 0ms to process notification-textDocument/didChange on Thread 3366
Took 0ms to process request-3872-textDocument/inlayHint on Thread 3367
Took 0ms to process request-3873-textDocument/semanticTokens/range on Thread 3368
Took 0ms to process notification-textDocument/didChange on Thread 3366
Took 0ms to process request-3874-textDocument/inlayHint on Thread 3370
Took 0ms to process request-3875-textDocument/semanticTokens/range on Thread 3367
Took 0ms to process request-3876-textDocument/foldingRange on Thread 3368
Took 17ms to process request-3877-textDocument/codeAction on Thread 3369
Took 0ms to process notification-textDocument/didChange on Thread 3366
Took 0ms to process request-3878-textDocument/inlayHint on Thread 3367
Took 0ms to process request-3879-textDocument/semanticTokens/range on Thread 3368
Took 0ms to process notification-textDocument/didChange on Thread 3366
Took 0ms to process request-3880-textDocument/inlayHint on Thread 3370
Took 0ms to process notification-textDocument/didChange on Thread 3366
Took 0ms to process request-3881-textDocument/inlayHint on Thread 3368
Took 0ms to process request-3882-textDocument/semanticTokens/range on Thread 3369
Took 0ms to process notification-textDocument/didChange on Thread 3366
Took 0ms to process request-3883-textDocument/inlayHint on Thread 3367
Took 0ms to process request-3884-textDocument/semanticTokens/range on Thread 3368
Took 0ms to process notification-textDocument/didChange on Thread 3366
Took 0ms to process request-3885-textDocument/inlayHint on Thread 3370
Took 0ms to process request-3886-textDocument/semanticTokens/range on Thread 3367
Took 0ms to process request-3887-textDocument/foldingRange on Thread 3368
Took 16ms to process request-3888-textDocument/codeAction on Thread 3369
Took 0ms to process request-3889-textDocument/documentSymbol on Thread 3370
Took 0ms to process notification-textDocument/didChange on Thread 3366
Took 0ms to process request-3890-textDocument/inlayHint on Thread 3368
Took 0ms to process request-3891-textDocument/semanticTokens/range on Thread 3369
Took 0ms to process request-3892-textDocument/foldingRange on Thread 3370
Took 0ms to process request-3893-textDocument/documentSymbol on Thread 3367
Took 0ms to process request-3894-textDocument/inlayHint on Thread 3368
Took 0ms to process request-3895-textDocument/willSaveWaitUntil on Thread 3369
Took 0ms to process notification-textDocument/didSave on Thread 3366
Took 0ms to process notification-textDocument/didChange on Thread 3366
Took 0ms to process request-3896-textDocument/inlayHint on Thread 3367
Took 0ms to process request-3897-textDocument/semanticTokens/range on Thread 3368
Took 0ms to process notification-textDocument/didChange on Thread 3366
Took 0ms to process request-3898-textDocument/inlayHint on Thread 3370
Took 0ms to process request-3899-textDocument/semanticTokens/range on Thread 3367
Took 0ms to process request-3900-textDocument/foldingRange on Thread 3368
Took 0ms to process notification-textDocument/didChange on Thread 3366
Took 0ms to process request-3901-textDocument/inlayHint on Thread 3370
Took 0ms to process request-3902-textDocument/semanticTokens/range on Thread 3367
Took 0ms to process request-3903-textDocument/foldingRange on Thread 3368
Took 17ms to process request-3904-textDocument/codeAction on Thread 3369
Took 0ms to process notification-textDocument/didChange on Thread 3366
Took 0ms to process request-3905-textDocument/inlayHint on Thread 3367
Took 0ms to process request-3906-textDocument/semanticTokens/range on Thread 3368
Took 0ms to process request-3907-textDocument/foldingRange on Thread 3369
Took 17ms to process request-3908-textDocument/codeAction on Thread 3370
Took 0ms to process request-3909-textDocument/documentSymbol on Thread 3367
Took 0ms to process request-3910-textDocument/inlayHint on Thread 3368
Took 0ms to process notification-textDocument/didChange on Thread 3366
Took 0ms to process request-3911-textDocument/completion on Thread 3370
Took 0ms to process request-3912-textDocument/inlayHint on Thread 3367
Took 0ms to process request-3913-textDocument/semanticTokens/range on Thread 3368
Took 0ms to process request-3914-textDocument/foldingRange on Thread 3370
Took 17ms to process request-3915-textDocument/codeAction on Thread 3369
Took 0ms to process request-3916-textDocument/documentSymbol on Thread 3367
Took 0ms to process notification-textDocument/didChange on Thread 3366
Took 0ms to process request-3917-textDocument/inlayHint on Thread 3370
Took 0ms to process request-3918-textDocument/semanticTokens/range on Thread 3369
Took 0ms to process request-3919-textDocument/foldingRange on Thread 3367
Took 17ms to process request-3920-textDocument/codeAction on Thread 3368
Took 0ms to process notification-textDocument/didChange on Thread 3366
Took 0ms to process request-3921-textDocument/inlayHint on Thread 3369
Took 0ms to process request-3922-textDocument/semanticTokens/range on Thread 3367
Took 0ms to process request-3923-textDocument/foldingRange on Thread 3368
Took 17ms to process request-3924-textDocument/codeAction on Thread 3370
Took 0ms to process request-3925-textDocument/documentSymbol on Thread 3369
Took 0ms to process request-3926-textDocument/inlayHint on Thread 3367
Took 0ms to process request-3927-textDocument/willSaveWaitUntil on Thread 3368
Took 0ms to process notification-textDocument/didChange on Thread 3366
Took 0ms to process request-3928-textDocument/inlayHint on Thread 3369
Took 0ms to process notification-textDocument/didSave on Thread 3366
Took 0ms to process request-3929-textDocument/semanticTokens/range on Thread 3367
Took 0ms to process request-3930-textDocument/foldingRange on Thread 3368
Took 17ms to process request-3931-textDocument/codeAction on Thread 3370
Took 0ms to process request-3932-textDocument/documentSymbol on Thread 3369
Took 0ms to process notification-textDocument/didChange on Thread 3366
Took 0ms to process request-3933-textDocument/inlayHint on Thread 3368
Took 0ms to process request-3934-textDocument/semanticTokens/range on Thread 3370
Took 0ms to process request-3935-textDocument/foldingRange on Thread 3369
Took 14ms to process request-3936-textDocument/codeAction on Thread 3367
Took 0ms to process notification-textDocument/didChange on Thread 3366
Took 0ms to process request-3937-textDocument/inlayHint on Thread 3370
Took 0ms to process request-3938-textDocument/semanticTokens/range on Thread 3369
Took 0ms to process request-3939-textDocument/foldingRange on Thread 3367
Took 18ms to process request-3940-textDocument/codeAction on Thread 3368
Took 0ms to process request-3941-textDocument/documentSymbol on Thread 3370
Took 0ms to process request-3942-textDocument/inlayHint on Thread 3369
Took 0ms to process notification-textDocument/didChange on Thread 3366
Took 0ms to process request-3943-textDocument/completion on Thread 3368
Took 0ms to process request-3944-textDocument/inlayHint on Thread 3370
Took 0ms to process request-3945-textDocument/semanticTokens/range on Thread 3369
Took 0ms to process request-3946-textDocument/foldingRange on Thread 3368
Took 18ms to process request-3947-textDocument/codeAction on Thread 3367
Took 0ms to process request-3948-textDocument/documentSymbol on Thread 3370
Took 0ms to process request-3949-textDocument/inlayHint on Thread 3369
Took 0ms to process request-3950-textDocument/willSaveWaitUntil on Thread 3368
Took 0ms to process notification-textDocument/didSave on Thread 3366
Took 0ms to process notification-textDocument/didChange on Thread 3366
Took 0ms to process request-3951-textDocument/inlayHint on Thread 3370
Took 0ms to process notification-textDocument/didChange on Thread 3366
Took 0ms to process request-3952-textDocument/inlayHint on Thread 3368
Took 0ms to process request-3953-textDocument/semanticTokens/range on Thread 3367
Took 0ms to process request-3954-textDocument/foldingRange on Thread 3370
Took 18ms to process request-3955-textDocument/codeAction on Thread 3369
Took 0ms to process request-3956-textDocument/documentSymbol on Thread 3368
Took 0ms to process notification-textDocument/didChange on Thread 3366
Took 0ms to process request-3957-textDocument/inlayHint on Thread 3370
Took 0ms to process request-3958-textDocument/semanticTokens/range on Thread 3369
Took 0ms to process request-3959-textDocument/foldingRange on Thread 3368
Took 17ms to process request-3960-textDocument/codeAction on Thread 3367
Took 0ms to process notification-textDocument/didChange on Thread 3366
Took 0ms to process request-3961-textDocument/inlayHint on Thread 3369
Took 0ms to process request-3962-textDocument/semanticTokens/range on Thread 3368
Took 0ms to process request-3963-textDocument/foldingRange on Thread 3367
Took 17ms to process request-3964-textDocument/codeAction on Thread 3370
Took 0ms to process notification-textDocument/didChange on Thread 3366
Took 0ms to process request-3965-textDocument/inlayHint on Thread 3368
Took 0ms to process request-3966-textDocument/semanticTokens/range on Thread 3367
Took 0ms to process request-3967-textDocument/foldingRange on Thread 3370
Took 16ms to process request-3968-textDocument/codeAction on Thread 3369
Took 0ms to process notification-textDocument/didChange on Thread 3366
Took 0ms to process request-3969-textDocument/inlayHint on Thread 3367
Took 0ms to process request-3970-textDocument/semanticTokens/range on Thread 3370
Took 0ms to process request-3971-textDocument/foldingRange on Thread 3369
Took 17ms to process request-3972-textDocument/codeAction on Thread 3368
Took 0ms to process request-3973-textDocument/documentSymbol on Thread 3367
Took 0ms to process request-3974-textDocument/inlayHint on Thread 3370
Took 0ms to process request-3975-textDocument/willSaveWaitUntil on Thread 3369
Took 0ms to process notification-textDocument/didSave on Thread 3366
Took 0ms to process request-3976-textDocument/hover on Thread 3368
Took 0ms to process request-3977-textDocument/hover on Thread 3367
Took 0ms to process request-3978-textDocument/hover on Thread 3370
Took 0ms to process request-3979-textDocument/hover on Thread 3369
Took 0ms to process request-3980-textDocument/documentHighlight on Thread 3368
Took 17ms to process request-3981-textDocument/codeAction on Thread 3367
Took 0ms to process notification-textDocument/didChange on Thread 3366
Took 0ms to process request-3982-textDocument/inlayHint on Thread 3369
Took 0ms to process request-3983-textDocument/semanticTokens/range on Thread 3368
Took 0ms to process request-3984-textDocument/foldingRange on Thread 3367
Took 0ms to process notification-textDocument/didChange on Thread 3366
Took 0ms to process request-3985-textDocument/inlayHint on Thread 3369
Took 0ms to process request-3986-textDocument/semanticTokens/range on Thread 3368
Took 0ms to process request-3987-textDocument/foldingRange on Thread 3367
Took 17ms to process request-3988-textDocument/codeAction on Thread 3370
Took 0ms to process request-3989-textDocument/documentSymbol on Thread 3369
Took 0ms to process notification-textDocument/didChange on Thread 3366
Took 0ms to process request-3990-textDocument/inlayHint on Thread 3367
Took 0ms to process request-3991-textDocument/semanticTokens/range on Thread 3370
Took 0ms to process request-3992-textDocument/foldingRange on Thread 3369
Took 17ms to process request-3993-textDocument/codeAction on Thread 3368
Took 0ms to process request-3994-textDocument/documentSymbol on Thread 3367
Took 0ms to process request-3995-textDocument/inlayHint on Thread 3370
Took 0ms to process request-3996-textDocument/willSaveWaitUntil on Thread 3369
Took 0ms to process notification-textDocument/didSave on Thread 3366
Took 0ms to process request-3997-textDocument/hover on Thread 3368
Took 0ms to process notification-textDocument/didChange on Thread 3366
Took 0ms to process request-3998-textDocument/inlayHint on Thread 3370
Took 0ms to process request-3999-textDocument/semanticTokens/range on Thread 3369
Took 0ms to process request-4000-textDocument/foldingRange on Thread 3368
Took 18ms to process request-4001-textDocument/codeAction on Thread 3367
Took 0ms to process request-4002-textDocument/documentSymbol on Thread 3370
Took 0ms to process request-4003-textDocument/inlayHint on Thread 3369
Took 0ms to process request-4004-textDocument/willSaveWaitUntil on Thread 3368
Took 0ms to process notification-textDocument/didSave on Thread 3366
Took 1ms to process request-4005-textDocument/inlayHint on Thread 3367
Took 0ms to process request-4006-textDocument/inlayHint on Thread 3370
Took 0ms to process request-4007-textDocument/inlayHint on Thread 3369
Took 0ms to process request-4008-textDocument/inlayHint on Thread 3368
Took 0ms to process request-4009-textDocument/inlayHint on Thread 3367
Took 0ms to process request-4010-textDocument/inlayHint on Thread 3370
Took 0ms to process request-4011-textDocument/semanticTokens/range on Thread 3369
Took 0ms to process request-4012-textDocument/inlayHint on Thread 3368
Took 0ms to process request-4013-textDocument/semanticTokens/range on Thread 3367
Took 0ms to process request-4014-textDocument/inlayHint on Thread 3370
Took 0ms to process request-4015-textDocument/inlayHint on Thread 3369
Took 0ms to process request-4016-textDocument/inlayHint on Thread 3368
Took 0ms to process request-4017-textDocument/inlayHint on Thread 3367
Took 0ms to process request-4018-textDocument/inlayHint on Thread 3370
Took 0ms to process request-4019-textDocument/inlayHint on Thread 3369
Took 0ms to process request-4020-textDocument/semanticTokens/range on Thread 3368
Took 0ms to process request-4021-textDocument/documentHighlight on Thread 3367
Took 0ms to process request-4022-textDocument/inlayHint on Thread 3370
Took 0ms to process request-4023-textDocument/inlayHint on Thread 3369
Took 0ms to process request-4024-textDocument/semanticTokens/range on Thread 3368
Took 0ms to process request-4025-textDocument/inlayHint on Thread 3367
Took 0ms to process request-4026-textDocument/semanticTokens/range on Thread 3370
Took 0ms to process request-4027-textDocument/inlayHint on Thread 3369
Took 0ms to process request-4028-textDocument/semanticTokens/range on Thread 3368
Took 0ms to process notification-textDocument/didChange on Thread 3366
Took 0ms to process request-4029-textDocument/inlayHint on Thread 3370
Took 0ms to process request-4030-textDocument/semanticTokens/range on Thread 3369
Took 0ms to process request-4031-textDocument/foldingRange on Thread 3368
Took 0ms to process request-4032-textDocument/documentSymbol on Thread 3367
Took 0ms to process request-4033-textDocument/inlayHint on Thread 3370
Took 0ms to process request-4034-textDocument/willSaveWaitUntil on Thread 3369
Took 0ms to process notification-textDocument/didSave on Thread 3366
Took 0ms to process notification-textDocument/didChange on Thread 3366
Took 0ms to process request-4035-textDocument/inlayHint on Thread 3367
Took 0ms to process request-4036-textDocument/semanticTokens/range on Thread 3370
Took 0ms to process request-4037-textDocument/foldingRange on Thread 3369
Took 0ms to process request-4038-textDocument/documentSymbol on Thread 3368
Took 0ms to process notification-textDocument/didChange on Thread 3366
Took 0ms to process request-4039-textDocument/completion on Thread 3370
Took 0ms to process request-4040-textDocument/inlayHint on Thread 3369
Took 0ms to process request-4041-textDocument/semanticTokens/range on Thread 3368
Took 0ms to process notification-textDocument/didChange on Thread 3366
Took 0ms to process request-4042-textDocument/completion on Thread 3370
Took 0ms to process request-4043-textDocument/inlayHint on Thread 3369
Took 0ms to process request-4044-textDocument/semanticTokens/range on Thread 3368
Took 0ms to process request-4045-textDocument/foldingRange on Thread 3370
Took 12ms to process request-4046-textDocument/codeAction on Thread 3367
Took 0ms to process request-4047-textDocument/documentSymbol on Thread 3369
Took 0ms to process notification-textDocument/didChange on Thread 3366
Took 0ms to process request-4048-textDocument/inlayHint on Thread 3370
Took 0ms to process request-4049-textDocument/semanticTokens/range on Thread 3367
Took 0ms to process request-4050-textDocument/foldingRange on Thread 3369
Took 0ms to process request-4051-textDocument/documentSymbol on Thread 3368
Took 0ms to process notification-textDocument/didChange on Thread 3366
Took 0ms to process request-4052-textDocument/inlayHint on Thread 3367
Took 0ms to process request-4053-textDocument/semanticTokens/range on Thread 3369
Took 0ms to process request-4054-textDocument/foldingRange on Thread 3368
Took 17ms to process request-4055-textDocument/codeAction on Thread 3370
Took 0ms to process notification-textDocument/didChange on Thread 3366
Took 0ms to process request-4056-textDocument/inlayHint on Thread 3369
Took 0ms to process request-4057-textDocument/semanticTokens/range on Thread 3368
Took 0ms to process notification-textDocument/didChange on Thread 3366
Took 0ms to process request-4058-textDocument/inlayHint on Thread 3367
Took 0ms to process request-4059-textDocument/semanticTokens/range on Thread 3369
Took 0ms to process request-4060-textDocument/foldingRange on Thread 3368
Took 0ms to process notification-textDocument/didChange on Thread 3366
Took 0ms to process request-4061-textDocument/inlayHint on Thread 3367
Took 0ms to process request-4062-textDocument/semanticTokens/range on Thread 3369
Took 0ms to process notification-textDocument/didChange on Thread 3366
Took 0ms to process request-4063-textDocument/inlayHint on Thread 3370
Took 0ms to process request-4064-textDocument/semanticTokens/range on Thread 3367
Took 0ms to process notification-textDocument/didChange on Thread 3366
Took 0ms to process request-4065-textDocument/inlayHint on Thread 3368
Took 0ms to process request-4066-textDocument/semanticTokens/range on Thread 3370
Took 0ms to process request-4067-textDocument/foldingRange on Thread 3367
Took 0ms to process request-4068-textDocument/documentSymbol on Thread 3369
Took 0ms to process request-4069-textDocument/inlayHint on Thread 3368
Took 0ms to process request-4070-textDocument/willSaveWaitUntil on Thread 3370
Took 0ms to process request-4071-textDocument/documentHighlight on Thread 3367
Took 0ms to process notification-textDocument/didSave on Thread 3366
Took 16ms to process request-4072-textDocument/codeAction on Thread 3369
Took 17ms to process request-4073-textDocument/codeAction on Thread 3368
Took 0ms to process notification-textDocument/didChange on Thread 3366
Took 0ms to process request-4074-textDocument/inlayHint on Thread 3367
Took 0ms to process request-4075-textDocument/semanticTokens/range on Thread 3369
Took 0ms to process request-4076-textDocument/foldingRange on Thread 3368
Took 0ms to process notification-textDocument/didChange on Thread 3366
Took 0ms to process request-4077-textDocument/inlayHint on Thread 3367
Took 0ms to process request-4078-textDocument/semanticTokens/range on Thread 3369
Took 0ms to process request-4079-textDocument/foldingRange on Thread 3368
Took 0ms to process request-4080-textDocument/documentHighlight on Thread 3370
Took 0ms to process request-4081-textDocument/documentSymbol on Thread 3367
Took 13ms to process request-4082-textDocument/codeAction on Thread 3369
Took 0ms to process request-4083-textDocument/inlayHint on Thread 3368
Took 0ms to process request-4084-textDocument/willSaveWaitUntil on Thread 3370
Took 0ms to process notification-textDocument/didSave on Thread 3366
Took 18ms to process request-4085-textDocument/codeAction on Thread 3367
Took 17ms to process request-4086-textDocument/codeAction on Thread 3369
Took 0ms to process notification-textDocument/didChange on Thread 3366
Took 0ms to process request-4087-textDocument/inlayHint on Thread 3370
Took 0ms to process request-4088-textDocument/semanticTokens/range on Thread 3367
Took 0ms to process request-4089-textDocument/foldingRange on Thread 3369
Took 0ms to process notification-textDocument/didChange on Thread 3366
Took 0ms to process request-4090-textDocument/inlayHint on Thread 3370
Took 0ms to process request-4091-textDocument/semanticTokens/range on Thread 3367
Took 0ms to process notification-textDocument/didChange on Thread 3366
Took 0ms to process request-4092-textDocument/inlayHint on Thread 3368
Took 0ms to process notification-textDocument/didChange on Thread 3366
Took 0ms to process request-4093-textDocument/inlayHint on Thread 3367
Took 0ms to process request-4094-textDocument/semanticTokens/range on Thread 3369
Took 0ms to process notification-textDocument/didChange on Thread 3366
Took 0ms to process request-4095-textDocument/inlayHint on Thread 3370
Took 0ms to process request-4096-textDocument/semanticTokens/range on Thread 3367
Took 0ms to process notification-textDocument/didChange on Thread 3366
Took 0ms to process request-4097-textDocument/inlayHint on Thread 3368
Took 0ms to process request-4098-textDocument/semanticTokens/range on Thread 3370
Took 0ms to process notification-textDocument/didChange on Thread 3366
Took 0ms to process request-4099-textDocument/inlayHint on Thread 3369
Took 0ms to process request-4100-textDocument/semanticTokens/range on Thread 3368
Took 0ms to process notification-textDocument/didChange on Thread 3366
Took 0ms to process request-4101-textDocument/inlayHint on Thread 3367
Took 0ms to process notification-textDocument/didChange on Thread 3366
Took 0ms to process request-4102-textDocument/inlayHint on Thread 3368
Took 0ms to process request-4103-textDocument/semanticTokens/range on Thread 3370
Took 0ms to process request-4104-textDocument/foldingRange on Thread 3367
Took 17ms to process request-4105-textDocument/codeAction on Thread 3369
Took 0ms to process request-4106-textDocument/documentSymbol on Thread 3368
Took 0ms to process notification-textDocument/didChange on Thread 3366
Took 0ms to process request-4107-textDocument/inlayHint on Thread 3367
Took 0ms to process request-4108-textDocument/semanticTokens/range on Thread 3369
Took 0ms to process request-4109-textDocument/foldingRange on Thread 3368
Took 0ms to process request-4110-textDocument/documentSymbol on Thread 3370
Took 0ms to process notification-textDocument/didChange on Thread 3366
Took 1ms to process request-4111-textDocument/inlayHint on Thread 3369
Took 0ms to process request-4112-textDocument/semanticTokens/range on Thread 3368
Took 0ms to process request-4113-textDocument/foldingRange on Thread 3370
Took 0ms to process notification-textDocument/didChange on Thread 3366
Took 0ms to process request-4114-textDocument/inlayHint on Thread 3369
Took 0ms to process request-4115-textDocument/semanticTokens/range on Thread 3368
Took 0ms to process request-4116-textDocument/foldingRange on Thread 3370
Took 0ms to process notification-textDocument/didChange on Thread 3366
Took 0ms to process request-4117-textDocument/inlayHint on Thread 3369
Took 0ms to process request-4118-textDocument/semanticTokens/range on Thread 3368
Took 0ms to process notification-textDocument/didChange on Thread 3366
Took 0ms to process request-4119-textDocument/inlayHint on Thread 3367
Took 0ms to process request-4120-textDocument/semanticTokens/range on Thread 3369
Took 0ms to process request-4121-textDocument/foldingRange on Thread 3368
Took 17ms to process request-4122-textDocument/codeAction on Thread 3370
Took 0ms to process request-4123-textDocument/documentSymbol on Thread 3367
Took 0ms to process notification-textDocument/didChange on Thread 3366
Took 0ms to process request-4124-textDocument/inlayHint on Thread 3368
Took 0ms to process request-4125-textDocument/semanticTokens/range on Thread 3370
Took 0ms to process request-4126-textDocument/foldingRange on Thread 3367
Took 0ms to process request-4127-textDocument/documentSymbol on Thread 3369
Took 0ms to process notification-textDocument/didChange on Thread 3366
Took 0ms to process request-4128-textDocument/inlayHint on Thread 3370
Took 0ms to process request-4129-textDocument/semanticTokens/range on Thread 3367
Took 0ms to process notification-textDocument/didChange on Thread 3366
Took 0ms to process request-4130-textDocument/inlayHint on Thread 3368
Took 0ms to process request-4131-textDocument/semanticTokens/range on Thread 3370
Took 0ms to process request-4132-textDocument/foldingRange on Thread 3367
Took 17ms to process request-4133-textDocument/codeAction on Thread 3369
Took 0ms to process notification-textDocument/didChange on Thread 3366
Took 0ms to process request-4134-textDocument/inlayHint on Thread 3370
Took 0ms to process notification-textDocument/didChange on Thread 3366
Took 0ms to process request-4135-textDocument/inlayHint on Thread 3369
Took 0ms to process request-4136-textDocument/semanticTokens/range on Thread 3368
Took 0ms to process request-4137-textDocument/foldingRange on Thread 3370
Took 17ms to process request-4138-textDocument/codeAction on Thread 3367
Took 0ms to process request-4139-textDocument/documentSymbol on Thread 3369
Took 0ms to process request-4140-textDocument/inlayHint on Thread 3368
Took 0ms to process request-4141-textDocument/willSaveWaitUntil on Thread 3370
Took 0ms to process notification-textDocument/didSave on Thread 3366
Took 0ms to process notification-textDocument/didChange on Thread 3366
Took 0ms to process request-4142-textDocument/inlayHint on Thread 3369
Took 0ms to process request-4143-textDocument/semanticTokens/range on Thread 3368
Took 0ms to process request-4144-textDocument/foldingRange on Thread 3370
Took 0ms to process request-4145-textDocument/documentSymbol on Thread 3367
Took 0ms to process request-4146-textDocument/inlayHint on Thread 3369
Took 0ms to process request-4147-textDocument/willSaveWaitUntil on Thread 3368
Took 0ms to process notification-textDocument/didSave on Thread 3366
Took 0ms to process notification-textDocument/didChange on Thread 3366
Took 0ms to process request-4148-textDocument/completion on Thread 3367
Took 0ms to process request-4149-textDocument/inlayHint on Thread 3369
Took 0ms to process request-4150-textDocument/semanticTokens/range on Thread 3368
Took 0ms to process notification-textDocument/didChange on Thread 3366
Took 1ms to process request-4151-textDocument/completion on Thread 3367
Took 0ms to process request-4152-textDocument/inlayHint on Thread 3369
Took 0ms to process request-4153-textDocument/semanticTokens/range on Thread 3368
Took 0ms to process notification-textDocument/didChange on Thread 3366
Took 0ms to process request-4154-textDocument/inlayHint on Thread 3367
Took 0ms to process request-4155-textDocument/semanticTokens/range on Thread 3369
Took 0ms to process request-4156-textDocument/foldingRange on Thread 3368
Took 0ms to process request-4157-textDocument/codeAction on Thread 3370
Took 0ms to process request-4158-textDocument/documentSymbol on Thread 3367
Took 0ms to process notification-textDocument/didChange on Thread 3366
Took 0ms to process request-4159-textDocument/inlayHint on Thread 3368
Took 0ms to process request-4160-textDocument/semanticTokens/range on Thread 3370
Took 0ms to process request-4161-textDocument/foldingRange on Thread 3367
Took 0ms to process request-4162-textDocument/codeAction on Thread 3369
Took 0ms to process notification-textDocument/didChange on Thread 3366
Took 0ms to process request-4163-textDocument/inlayHint on Thread 3370
Took 0ms to process request-4164-textDocument/semanticTokens/range on Thread 3367
Took 0ms to process request-4165-textDocument/foldingRange on Thread 3369
Took 0ms to process request-4166-textDocument/codeAction on Thread 3368
Took 0ms to process request-4167-textDocument/documentSymbol on Thread 3370
Took 0ms to process notification-textDocument/didChange on Thread 3366
Took 0ms to process request-4168-textDocument/inlayHint on Thread 3369
Took 0ms to process request-4169-textDocument/semanticTokens/range on Thread 3368
Took 0ms to process request-4170-textDocument/foldingRange on Thread 3370
Took 0ms to process request-4171-textDocument/documentSymbol on Thread 3367
Took 0ms to process notification-textDocument/didChange on Thread 3366
Took 1ms to process request-4172-textDocument/completion on Thread 3368
Took 0ms to process request-4173-textDocument/inlayHint on Thread 3370
Took 0ms to process request-4174-textDocument/semanticTokens/range on Thread 3367
Took 0ms to process request-4175-textDocument/foldingRange on Thread 3369
Took 0ms to process notification-textDocument/didChange on Thread 3366
Took 0ms to process request-4176-textDocument/inlayHint on Thread 3370
Took 0ms to process request-4177-textDocument/semanticTokens/range on Thread 3367
Took 0ms to process request-4178-textDocument/foldingRange on Thread 3369
Took 0ms to process notification-textDocument/didChange on Thread 3366
Took 1ms to process request-4179-textDocument/completion on Thread 3370
Took 0ms to process request-4180-textDocument/inlayHint on Thread 3367
Took 0ms to process request-4181-textDocument/semanticTokens/range on Thread 3369
Took 0ms to process notification-textDocument/didChange on Thread 3366
Took 1ms to process request-4182-textDocument/completion on Thread 3370
Took 0ms to process request-4183-textDocument/inlayHint on Thread 3367
Took 0ms to process request-4184-textDocument/semanticTokens/range on Thread 3369
Took 0ms to process request-4185-textDocument/foldingRange on Thread 3368
Took 0ms to process request-4186-textDocument/codeAction on Thread 3370
Took 0ms to process request-4187-textDocument/documentSymbol on Thread 3367
Took 0ms to process notification-textDocument/didChange on Thread 3366
Took 1ms to process request-4188-textDocument/completion on Thread 3368
Took 0ms to process request-4189-textDocument/inlayHint on Thread 3370
Took 0ms to process notification-textDocument/didChange on Thread 3366
Took 1ms to process request-4190-textDocument/completion on Thread 3369
Took 0ms to process request-4191-textDocument/inlayHint on Thread 3368
Took 0ms to process request-4192-textDocument/semanticTokens/range on Thread 3370
Took 0ms to process request-4193-textDocument/foldingRange on Thread 3367
Took 0ms to process request-4194-textDocument/codeAction on Thread 3369
Took 0ms to process request-4195-textDocument/documentSymbol on Thread 3368
Took 0ms to process request-4196-textDocument/inlayHint on Thread 3370
Took 0ms to process request-4197-textDocument/willSaveWaitUntil on Thread 3367
Took 0ms to process notification-textDocument/didSave on Thread 3366
Took 0ms to process request-4198-textDocument/documentHighlight on Thread 3369
Took 0ms to process notification-textDocument/didChange on Thread 3366
Took 0ms to process request-4199-textDocument/inlayHint on Thread 3370
Took 0ms to process request-4200-textDocument/semanticTokens/range on Thread 3367
Took 0ms to process notification-textDocument/didChange on Thread 3366
Took 0ms to process request-4201-textDocument/inlayHint on Thread 3368
Took 0ms to process request-4202-textDocument/semanticTokens/range on Thread 3370
Took 0ms to process notification-textDocument/didChange on Thread 3366
Took 0ms to process request-4203-textDocument/inlayHint on Thread 3369
Took 0ms to process request-4204-textDocument/semanticTokens/range on Thread 3368
Took 0ms to process request-4205-textDocument/foldingRange on Thread 3370
Took 0ms to process request-4206-textDocument/documentSymbol on Thread 3367
Took 0ms to process notification-textDocument/didChange on Thread 3366
Took 1ms to process request-4207-textDocument/completion on Thread 3368
Took 0ms to process request-4208-textDocument/inlayHint on Thread 3370
Took 0ms to process request-4209-textDocument/semanticTokens/range on Thread 3367
Took 0ms to process notification-textDocument/didChange on Thread 3366
Took 0ms to process request-4210-textDocument/inlayHint on Thread 3368
Took 0ms to process request-4211-textDocument/semanticTokens/range on Thread 3370
Took 0ms to process notification-textDocument/didChange on Thread 3366
Took 1ms to process request-4212-textDocument/inlayHint on Thread 3369
Took 0ms to process request-4213-textDocument/semanticTokens/range on Thread 3368
Took 0ms to process request-4214-textDocument/foldingRange on Thread 3370
Took 0ms to process notification-textDocument/didChange on Thread 3366
Took 0ms to process request-4215-textDocument/inlayHint on Thread 3369
Took 0ms to process request-4216-textDocument/semanticTokens/range on Thread 3368
Took 0ms to process request-4217-textDocument/foldingRange on Thread 3370
Took 0ms to process request-4218-textDocument/codeAction on Thread 3367
Took 0ms to process request-4219-textDocument/documentSymbol on Thread 3369
Took 0ms to process request-4220-textDocument/inlayHint on Thread 3368
Took 0ms to process request-4221-textDocument/willSaveWaitUntil on Thread 3370
Took 0ms to process notification-textDocument/didChange on Thread 3366
Took 0ms to process notification-textDocument/didSave on Thread 3366
Took 0ms to process request-4222-textDocument/inlayHint on Thread 3369
Took 0ms to process request-4223-textDocument/semanticTokens/range on Thread 3368
Took 0ms to process notification-textDocument/didChange on Thread 3366
Took 0ms to process request-4224-textDocument/inlayHint on Thread 3367
Took 0ms to process request-4225-textDocument/semanticTokens/range on Thread 3369
Took 0ms to process request-4226-textDocument/foldingRange on Thread 3368
Took 0ms to process request-4227-textDocument/codeAction on Thread 3370
Took 0ms to process request-4228-textDocument/documentSymbol on Thread 3367
Took 0ms to process notification-textDocument/didChange on Thread 3366
Took 0ms to process request-4229-textDocument/inlayHint on Thread 3368
Took 0ms to process request-4230-textDocument/semanticTokens/range on Thread 3370
Took 0ms to process request-4231-textDocument/foldingRange on Thread 3367
Took 0ms to process request-4232-textDocument/documentSymbol on Thread 3369
Took 0ms to process request-4233-textDocument/inlayHint on Thread 3368
Took 0ms to process request-4234-textDocument/willSaveWaitUntil on Thread 3370
Took 0ms to process notification-textDocument/didSave on Thread 3366
Took 0ms to process request-4235-textDocument/inlayHint on Thread 3367
Took 0ms to process request-4236-textDocument/semanticTokens/range on Thread 3369
Took 0ms to process request-4237-textDocument/codeAction on Thread 3368
Took 0ms to process notification-textDocument/didChange on Thread 3366
Took 0ms to process request-4238-textDocument/inlayHint on Thread 3367
Took 0ms to process request-4239-textDocument/semanticTokens/range on Thread 3369
Took 0ms to process request-4240-textDocument/foldingRange on Thread 3368
Took 13ms to process request-4241-textDocument/codeAction on Thread 3370
Took 0ms to process request-4242-textDocument/documentSymbol on Thread 3367
Took 0ms to process request-4243-textDocument/inlayHint on Thread 3369
Took 17ms to process request-4244-textDocument/codeAction on Thread 3368
Took 0ms to process request-4245-textDocument/willSaveWaitUntil on Thread 3370
Took 0ms to process notification-textDocument/didSave on Thread 3366
Took 17ms to process request-4246-textDocument/codeAction on Thread 3367
Took 0ms to process notification-textDocument/didChange on Thread 3366
Took 0ms to process request-4247-textDocument/inlayHint on Thread 3368
Took 0ms to process request-4248-textDocument/semanticTokens/range on Thread 3370
Took 0ms to process request-4249-textDocument/foldingRange on Thread 3367
Took 0ms to process request-4250-textDocument/documentSymbol on Thread 3369
Took 0ms to process notification-textDocument/didChange on Thread 3366
Took 0ms to process request-4251-textDocument/inlayHint on Thread 3370
Took 0ms to process request-4252-textDocument/semanticTokens/range on Thread 3367
Took 0ms to process request-4253-textDocument/foldingRange on Thread 3369
Took 0ms to process request-4254-textDocument/documentSymbol on Thread 3368
Took 0ms to process request-4255-textDocument/inlayHint on Thread 3370
Took 0ms to process request-4256-textDocument/willSaveWaitUntil on Thread 3367
Took 0ms to process notification-textDocument/didSave on Thread 3366
Took 0ms to process notification-textDocument/didChange on Thread 3366
Took 2ms to process request-4257-textDocument/completion on Thread 3368
Took 0ms to process request-4258-textDocument/inlayHint on Thread 3370
Took 0ms to process request-4259-textDocument/semanticTokens/range on Thread 3367
Took 0ms to process request-4260-textDocument/foldingRange on Thread 3369
Took 16ms to process request-4261-textDocument/codeAction on Thread 3368
Took 0ms to process notification-textDocument/didChange on Thread 3366
Took 0ms to process request-4262-textDocument/inlayHint on Thread 3367
Took 0ms to process request-4263-textDocument/semanticTokens/range on Thread 3369
Took 0ms to process request-4264-textDocument/foldingRange on Thread 3368
Took 17ms to process request-4265-textDocument/codeAction on Thread 3370
Took 0ms to process request-4266-textDocument/documentSymbol on Thread 3367
Took 0ms to process notification-textDocument/didChange on Thread 3366
Took 0ms to process request-4267-textDocument/inlayHint on Thread 3368
Took 0ms to process request-4268-textDocument/semanticTokens/range on Thread 3370
Took 0ms to process request-4269-textDocument/foldingRange on Thread 3367
Took 0ms to process notification-textDocument/didChange on Thread 3366
Took 1ms to process request-4270-textDocument/completion on Thread 3368
Took 0ms to process request-4271-textDocument/inlayHint on Thread 3370
Took 0ms to process request-4272-textDocument/semanticTokens/range on Thread 3367
Took 0ms to process request-4273-textDocument/foldingRange on Thread 3369
Took 18ms to process request-4274-textDocument/codeAction on Thread 3368
Took 0ms to process notification-textDocument/didChange on Thread 3366
Took 0ms to process notification-other on Thread 3367
Took 1ms to process request-4275-textDocument/completion on Thread 3369
Took 0ms to process request-4276-textDocument/inlayHint on Thread 3368
Took 0ms to process request-4277-textDocument/semanticTokens/range on Thread 3367
Took 0ms to process request-4278-textDocument/foldingRange on Thread 3370
Took 17ms to process request-4279-textDocument/codeAction on Thread 3369
Took 0ms to process notification-textDocument/didChange on Thread 3366
Took 1ms to process request-4280-textDocument/completion on Thread 3367
Took 0ms to process request-4281-textDocument/inlayHint on Thread 3370
Took 0ms to process request-4282-textDocument/semanticTokens/range on Thread 3369
Took 0ms to process notification-textDocument/didChange on Thread 3366
Took 1ms to process request-4283-textDocument/completion on Thread 3367
Took 0ms to process request-4284-textDocument/inlayHint on Thread 3370
Took 0ms to process request-4285-textDocument/semanticTokens/range on Thread 3369
Took 0ms to process request-4286-textDocument/foldingRange on Thread 3368
Took 17ms to process request-4287-textDocument/codeAction on Thread 3367
Took 0ms to process request-4288-textDocument/documentSymbol on Thread 3370
Took 0ms to process request-4289-textDocument/inlayHint on Thread 3369
Took 0ms to process notification-textDocument/didChange on Thread 3366
Took 1ms to process request-4290-textDocument/completion on Thread 3367
Took 0ms to process request-4291-textDocument/inlayHint on Thread 3370
Took 0ms to process request-4292-textDocument/semanticTokens/range on Thread 3369
Took 0ms to process request-4293-textDocument/foldingRange on Thread 3368
Took 0ms to process request-4294-textDocument/codeAction on Thread 3367
Took 0ms to process request-4295-textDocument/documentSymbol on Thread 3370
Took 0ms to process request-4296-textDocument/inlayHint on Thread 3369
Took 0ms to process notification-textDocument/didChange on Thread 3366
Took 0ms to process request-4297-textDocument/inlayHint on Thread 3367
Took 0ms to process request-4298-textDocument/semanticTokens/range on Thread 3370
Took 0ms to process request-4299-textDocument/foldingRange on Thread 3369
Took 0ms to process request-4300-textDocument/documentSymbol on Thread 3368
Took 0ms to process request-4301-textDocument/inlayHint on Thread 3367
Took 0ms to process request-4302-textDocument/willSaveWaitUntil on Thread 3370
Took 0ms to process notification-textDocument/didSave on Thread 3366
Took 0ms to process notification-textDocument/didChange on Thread 3366
Took 0ms to process request-4303-textDocument/inlayHint on Thread 3368
Took 0ms to process request-4304-textDocument/semanticTokens/range on Thread 3367
Took 0ms to process request-4305-textDocument/foldingRange on Thread 3370
Took 14ms to process request-4306-textDocument/codeAction on Thread 3369
Took 0ms to process request-4307-textDocument/documentSymbol on Thread 3368
Took 0ms to process notification-textDocument/didChange on Thread 3366
Took 0ms to process request-4308-textDocument/inlayHint on Thread 3370
Took 0ms to process request-4309-textDocument/semanticTokens/range on Thread 3369
Took 0ms to process notification-textDocument/didChange on Thread 3366
Took 0ms to process request-4310-textDocument/completion on Thread 3367
Took 0ms to process request-4311-textDocument/inlayHint on Thread 3370
Took 0ms to process request-4312-textDocument/semanticTokens/range on Thread 3369
Took 0ms to process request-4313-textDocument/foldingRange on Thread 3368
Took 13ms to process request-4314-textDocument/codeAction on Thread 3367
Took 0ms to process request-4315-textDocument/documentSymbol on Thread 3370
Took 0ms to process request-4316-textDocument/inlayHint on Thread 3369
Took 0ms to process request-4317-textDocument/willSaveWaitUntil on Thread 3368
Took 0ms to process notification-textDocument/didSave on Thread 3366
Took 0ms to process notification-textDocument/didChange on Thread 3366
Took 0ms to process request-4318-textDocument/inlayHint on Thread 3370
Took 0ms to process request-4319-textDocument/semanticTokens/range on Thread 3369
Took 0ms to process request-4320-textDocument/foldingRange on Thread 3368
Took 17ms to process request-4321-textDocument/codeAction on Thread 3367
Took 0ms to process notification-textDocument/didChange on Thread 3366
Took 0ms to process request-4322-textDocument/inlayHint on Thread 3369
Took 0ms to process request-4323-textDocument/semanticTokens/range on Thread 3368
Took 0ms to process request-4324-textDocument/foldingRange on Thread 3367
Took 17ms to process request-4325-textDocument/codeAction on Thread 3370
Took 0ms to process request-4326-textDocument/documentSymbol on Thread 3369
Took 0ms to process request-4327-textDocument/inlayHint on Thread 3368
Took 0ms to process notification-textDocument/didChange on Thread 3366
Took 1ms to process request-4328-textDocument/completion on Thread 3370
Took 0ms to process request-4329-textDocument/inlayHint on Thread 3369
Took 0ms to process request-4330-textDocument/semanticTokens/range on Thread 3368
Took 0ms to process request-4331-textDocument/foldingRange on Thread 3367
Took 16ms to process request-4332-textDocument/codeAction on Thread 3370
Took 0ms to process request-4333-textDocument/documentSymbol on Thread 3369
Took 0ms to process request-4334-textDocument/inlayHint on Thread 3368
Took 0ms to process request-4335-textDocument/willSaveWaitUntil on Thread 3367
Took 0ms to process notification-textDocument/didSave on Thread 3366
Took 0ms to process notification-textDocument/didChange on Thread 3366
Took 0ms to process request-4336-textDocument/inlayHint on Thread 3369
Took 0ms to process request-4337-textDocument/semanticTokens/range on Thread 3368
Took 0ms to process request-4338-textDocument/foldingRange on Thread 3367
Took 17ms to process request-4339-textDocument/codeAction on Thread 3370
Took 0ms to process request-4340-textDocument/documentSymbol on Thread 3369
Took 0ms to process notification-textDocument/didChange on Thread 3366
Took 0ms to process request-4341-textDocument/inlayHint on Thread 3367
Took 0ms to process request-4342-textDocument/semanticTokens/range on Thread 3370
Took 0ms to process request-4343-textDocument/foldingRange on Thread 3369
Took 0ms to process request-4344-textDocument/documentSymbol on Thread 3368
Took 0ms to process request-4345-textDocument/inlayHint on Thread 3367
Took 0ms to process request-4346-textDocument/willSaveWaitUntil on Thread 3370
Took 0ms to process notification-textDocument/didSave on Thread 3366
Took 0ms to process notification-textDocument/didChange on Thread 3366
Took 2ms to process request-4347-textDocument/completion on Thread 3368
Took 0ms to process request-4348-textDocument/inlayHint on Thread 3367
Took 0ms to process request-4349-textDocument/semanticTokens/range on Thread 3370
Took 0ms to process request-4350-textDocument/foldingRange on Thread 3369
Took 12ms to process request-4351-textDocument/codeAction on Thread 3368
Took 0ms to process request-4352-textDocument/documentSymbol on Thread 3367
Took 0ms to process notification-textDocument/didChange on Thread 3366
Took 0ms to process request-4353-textDocument/inlayHint on Thread 3369
Took 0ms to process request-4354-textDocument/semanticTokens/range on Thread 3368
Took 0ms to process notification-textDocument/didChange on Thread 3366
Took 0ms to process request-4355-textDocument/inlayHint on Thread 3370
Took 0ms to process request-4356-textDocument/semanticTokens/range on Thread 3369
Took 0ms to process notification-textDocument/didChange on Thread 3366
Took 0ms to process request-4357-textDocument/inlayHint on Thread 3367
Took 0ms to process request-4358-textDocument/semanticTokens/range on Thread 3370
Took 0ms to process notification-textDocument/didChange on Thread 3366
Took 0ms to process request-4359-textDocument/inlayHint on Thread 3368
Took 0ms to process request-4360-textDocument/semanticTokens/range on Thread 3367
Took 0ms to process request-4361-textDocument/foldingRange on Thread 3370
Took 0ms to process request-4362-textDocument/codeAction on Thread 3369
Took 0ms to process request-4363-textDocument/documentSymbol on Thread 3368
Took 0ms to process request-4364-textDocument/inlayHint on Thread 3367
Took 0ms to process notification-textDocument/didChange on Thread 3366
Took 1ms to process request-4365-textDocument/completion on Thread 3369
Took 0ms to process request-4366-textDocument/inlayHint on Thread 3368
Took 0ms to process request-4367-textDocument/semanticTokens/range on Thread 3367
Took 0ms to process request-4368-textDocument/foldingRange on Thread 3370
Took 0ms to process request-4369-textDocument/codeAction on Thread 3369
Took 0ms to process request-4370-textDocument/documentSymbol on Thread 3368
Took 0ms to process request-4371-textDocument/inlayHint on Thread 3367
Took 0ms to process notification-textDocument/didChange on Thread 3366
Took 0ms to process request-4372-textDocument/inlayHint on Thread 3369
Took 0ms to process request-4373-textDocument/semanticTokens/range on Thread 3368
Took 0ms to process request-4374-textDocument/foldingRange on Thread 3367
Took 0ms to process request-4375-textDocument/documentSymbol on Thread 3370
Took 0ms to process request-4376-textDocument/inlayHint on Thread 3369
Took 0ms to process request-4377-textDocument/willSaveWaitUntil on Thread 3368
Took 0ms to process notification-textDocument/didSave on Thread 3366
Took 0ms to process notification-textDocument/didChange on Thread 3366
Took 0ms to process request-4378-textDocument/inlayHint on Thread 3370
Took 0ms to process request-4379-textDocument/semanticTokens/range on Thread 3369
Took 0ms to process request-4380-textDocument/foldingRange on Thread 3368
Took 0ms to process request-4381-textDocument/codeAction on Thread 3367
Took 0ms to process request-4382-textDocument/documentSymbol on Thread 3370
Took 0ms to process request-4383-textDocument/inlayHint on Thread 3369
Took 0ms to process request-4384-textDocument/codeAction on Thread 3368
Took 0ms to process request-4385-textDocument/willSaveWaitUntil on Thread 3367
Took 0ms to process notification-textDocument/didSave on Thread 3366
Took 0ms to process notification-textDocument/didChange on Thread 3366
Took 1ms to process request-4386-textDocument/completion on Thread 3369
Took 0ms to process request-4387-textDocument/inlayHint on Thread 3368
Took 0ms to process request-4388-textDocument/semanticTokens/range on Thread 3367
Took 0ms to process notification-textDocument/didChange on Thread 3366
Took 0ms to process request-4389-textDocument/inlayHint on Thread 3369
Took 0ms to process request-4390-textDocument/semanticTokens/range on Thread 3368
Took 0ms to process request-4391-textDocument/foldingRange on Thread 3367
Took 0ms to process notification-textDocument/didChange on Thread 3366
Took 0ms to process request-4392-textDocument/inlayHint on Thread 3369
Took 0ms to process request-4393-textDocument/semanticTokens/range on Thread 3368
Took 0ms to process notification-textDocument/didChange on Thread 3366
Took 0ms to process request-4394-textDocument/inlayHint on Thread 3370
Took 0ms to process request-4395-textDocument/semanticTokens/range on Thread 3369
Took 0ms to process request-4396-textDocument/foldingRange on Thread 3368
Took 0ms to process request-4397-textDocument/codeAction on Thread 3367
Took 0ms to process request-4398-textDocument/documentSymbol on Thread 3370
Took 0ms to process request-4399-textDocument/inlayHint on Thread 3369
Took 0ms to process notification-textDocument/didChange on Thread 3366
Took 0ms to process request-4400-textDocument/inlayHint on Thread 3367
Took 0ms to process request-4401-textDocument/semanticTokens/range on Thread 3370
Took 0ms to process request-4402-textDocument/foldingRange on Thread 3369
Took 0ms to process request-4403-textDocument/codeAction on Thread 3368
Took 0ms to process request-4404-textDocument/documentSymbol on Thread 3367
Took 0ms to process notification-textDocument/didChange on Thread 3366
Took 0ms to process request-4405-textDocument/inlayHint on Thread 3369
Took 0ms to process request-4406-textDocument/semanticTokens/range on Thread 3368
Took 0ms to process request-4407-textDocument/foldingRange on Thread 3367
Took 0ms to process notification-textDocument/didChange on Thread 3366
Took 1ms to process request-4408-textDocument/completion on Thread 3369
Took 0ms to process request-4409-textDocument/inlayHint on Thread 3368
Took 0ms to process request-4410-textDocument/semanticTokens/range on Thread 3367
Took 0ms to process request-4411-textDocument/foldingRange on Thread 3370
Took 0ms to process request-4412-textDocument/codeAction on Thread 3369
Took 0ms to process notification-textDocument/didChange on Thread 3366
Took 0ms to process request-4413-textDocument/inlayHint on Thread 3367
Took 0ms to process request-4414-textDocument/semanticTokens/range on Thread 3370
Took 0ms to process request-4415-textDocument/foldingRange on Thread 3369
Took 0ms to process request-4416-textDocument/codeAction on Thread 3368
Took 0ms to process request-4417-textDocument/documentSymbol on Thread 3367
Took 0ms to process notification-textDocument/didChange on Thread 3366
Took 0ms to process request-4418-textDocument/inlayHint on Thread 3369
Took 0ms to process request-4419-textDocument/semanticTokens/range on Thread 3368
Took 0ms to process request-4420-textDocument/foldingRange on Thread 3367
Took 0ms to process notification-textDocument/didChange on Thread 3366
Took 1ms to process request-4421-textDocument/completion on Thread 3369
Took 0ms to process request-4422-textDocument/inlayHint on Thread 3368
Took 0ms to process request-4423-textDocument/semanticTokens/range on Thread 3367
Took 0ms to process notification-textDocument/didChange on Thread 3366
Took 1ms to process request-4424-textDocument/completion on Thread 3369
Took 0ms to process request-4425-textDocument/inlayHint on Thread 3368
Took 0ms to process request-4426-textDocument/semanticTokens/range on Thread 3367
Took 0ms to process request-4427-textDocument/foldingRange on Thread 3370
Took 0ms to process request-4428-textDocument/codeAction on Thread 3369
Took 0ms to process request-4429-textDocument/documentSymbol on Thread 3368
Took 0ms to process notification-textDocument/didChange on Thread 3366
Took 0ms to process request-4430-textDocument/inlayHint on Thread 3370
Took 0ms to process request-4431-textDocument/semanticTokens/range on Thread 3369
Took 0ms to process request-4432-textDocument/foldingRange on Thread 3368
Took 0ms to process request-4433-textDocument/documentSymbol on Thread 3367
Took 0ms to process request-4434-textDocument/inlayHint on Thread 3370
Took 0ms to process request-4435-textDocument/willSaveWaitUntil on Thread 3369
Took 0ms to process notification-textDocument/didSave on Thread 3366
Took 0ms to process notification-textDocument/didChange on Thread 3366
Took 0ms to process request-4436-textDocument/inlayHint on Thread 3367
Took 0ms to process request-4437-textDocument/semanticTokens/range on Thread 3370
Took 0ms to process request-4438-textDocument/foldingRange on Thread 3369
Took 0ms to process notification-textDocument/didChange on Thread 3366
Took 0ms to process request-4439-textDocument/inlayHint on Thread 3367
Took 0ms to process request-4440-textDocument/semanticTokens/range on Thread 3370
Took 0ms to process notification-textDocument/didChange on Thread 3366
Took 0ms to process request-4441-textDocument/inlayHint on Thread 3368
Took 0ms to process request-4442-textDocument/semanticTokens/range on Thread 3367
Took 0ms to process notification-textDocument/didChange on Thread 3366
Took 0ms to process request-4443-textDocument/inlayHint on Thread 3369
Took 0ms to process request-4444-textDocument/semanticTokens/range on Thread 3368
Took 0ms to process request-4445-textDocument/foldingRange on Thread 3367
Took 0ms to process request-4446-textDocument/codeAction on Thread 3370
Took 0ms to process request-4447-textDocument/documentSymbol on Thread 3369
Took 0ms to process request-4448-textDocument/inlayHint on Thread 3368
Took 0ms to process request-4449-textDocument/willSaveWaitUntil on Thread 3367
Took 0ms to process notification-textDocument/didSave on Thread 3366
Took 0ms to process request-4450-textDocument/documentHighlight on Thread 3370
Took 0ms to process request-4451-textDocument/codeAction on Thread 3369
Took 0ms to process request-4452-textDocument/codeAction on Thread 3368
Took 0ms to process request-4453-textDocument/documentHighlight on Thread 3367
Took 0ms to process request-4454-textDocument/codeAction on Thread 3370
Took 0ms to process notification-textDocument/didChange on Thread 3366
Took 0ms to process request-4455-textDocument/inlayHint on Thread 3368
Took 0ms to process request-4456-textDocument/semanticTokens/range on Thread 3367
Took 0ms to process request-4457-textDocument/foldingRange on Thread 3370
Took 0ms to process request-4458-textDocument/codeAction on Thread 3369
Took 0ms to process request-4459-textDocument/documentSymbol on Thread 3368
Took 0ms to process request-4460-textDocument/inlayHint on Thread 3367
Took 0ms to process request-4461-textDocument/willSaveWaitUntil on Thread 3370
Took 0ms to process notification-textDocument/didSave on Thread 3366
Took 0ms to process notification-textDocument/didChange on Thread 3366
Took 0ms to process request-4462-textDocument/inlayHint on Thread 3368
Took 0ms to process request-4463-textDocument/semanticTokens/range on Thread 3367
Took 0ms to process request-4464-textDocument/foldingRange on Thread 3370
Took 0ms to process request-4465-textDocument/codeAction on Thread 3369
Took 0ms to process request-4466-textDocument/documentSymbol on Thread 3368
Took 0ms to process request-4467-textDocument/inlayHint on Thread 3367
Took 0ms to process request-4468-textDocument/willSaveWaitUntil on Thread 3370
Took 0ms to process notification-textDocument/didSave on Thread 3366
Took 0ms to process request-4469-textDocument/hover on Thread 3369
Took 0ms to process request-4470-textDocument/documentHighlight on Thread 3368
Took 0ms to process request-4471-textDocument/hover on Thread 3367
Took 0ms to process request-4472-textDocument/hover on Thread 3370
Took 0ms to process request-4473-textDocument/codeAction on Thread 3369
Took 0ms to process request-4474-textDocument/hover on Thread 3368
Took 0ms to process request-4475-textDocument/documentHighlight on Thread 3367
Took 0ms to process request-4476-textDocument/hover on Thread 3370
Took 0ms to process request-4477-textDocument/hover on Thread 3369
Took 0ms to process request-4478-textDocument/codeAction on Thread 3368
Took 0ms to process notification-textDocument/didChange on Thread 3366
Took 0ms to process request-4479-textDocument/inlayHint on Thread 3370
Took 0ms to process request-4480-textDocument/semanticTokens/range on Thread 3369
Took 0ms to process request-4481-textDocument/foldingRange on Thread 3368
Took 0ms to process notification-textDocument/didChange on Thread 3366
Took 1ms to process request-4482-textDocument/completion on Thread 3370
Took 0ms to process request-4483-textDocument/inlayHint on Thread 3369
Took 0ms to process request-4484-textDocument/semanticTokens/range on Thread 3368
Took 0ms to process notification-textDocument/didChange on Thread 3366
Took 1ms to process request-4485-textDocument/completion on Thread 3370
Took 0ms to process request-4486-textDocument/inlayHint on Thread 3369
Took 0ms to process request-4487-textDocument/semanticTokens/range on Thread 3368
Took 0ms to process request-4488-textDocument/foldingRange on Thread 3367
Took 0ms to process request-4489-textDocument/codeAction on Thread 3370
Took 0ms to process request-4490-textDocument/documentSymbol on Thread 3369
Took 0ms to process notification-textDocument/didChange on Thread 3366
Took 0ms to process request-4491-textDocument/inlayHint on Thread 3367
Took 0ms to process request-4492-textDocument/semanticTokens/range on Thread 3370
Took 0ms to process request-4493-textDocument/foldingRange on Thread 3369
Took 0ms to process notification-textDocument/didChange on Thread 3366
Took 0ms to process request-4494-textDocument/inlayHint on Thread 3367
Took 0ms to process request-4495-textDocument/semanticTokens/range on Thread 3370
Took 0ms to process request-4496-textDocument/foldingRange on Thread 3369
Took 0ms to process request-4497-textDocument/codeAction on Thread 3368
Took 0ms to process notification-textDocument/didChange on Thread 3366
Took 0ms to process request-4498-textDocument/inlayHint on Thread 3370
Took 0ms to process request-4499-textDocument/semanticTokens/range on Thread 3369
Took 0ms to process request-4500-textDocument/foldingRange on Thread 3368
Took 0ms to process notification-textDocument/didChange on Thread 3366
Took 0ms to process request-4501-textDocument/inlayHint on Thread 3370
Took 0ms to process request-4502-textDocument/semanticTokens/range on Thread 3369
Took 0ms to process notification-textDocument/didChange on Thread 3366
Took 0ms to process request-4503-textDocument/inlayHint on Thread 3367
Took 0ms to process request-4504-textDocument/semanticTokens/range on Thread 3370
Took 0ms to process notification-textDocument/didChange on Thread 3366
Took 0ms to process request-4505-textDocument/inlayHint on Thread 3368
Took 0ms to process request-4506-textDocument/semanticTokens/range on Thread 3367
Took 0ms to process request-4507-textDocument/foldingRange on Thread 3370
Took 0ms to process request-4508-textDocument/documentSymbol on Thread 3369
Took 0ms to process notification-textDocument/didChange on Thread 3366
Took 0ms to process request-4509-textDocument/inlayHint on Thread 3367
Took 0ms to process request-4510-textDocument/semanticTokens/range on Thread 3370
Took 0ms to process request-4511-textDocument/foldingRange on Thread 3369
Took 0ms to process request-4512-textDocument/codeAction on Thread 3368
Took 0ms to process notification-textDocument/didChange on Thread 3366
Took 0ms to process request-4513-textDocument/inlayHint on Thread 3370
Took 0ms to process request-4514-textDocument/semanticTokens/range on Thread 3369
Took 0ms to process request-4515-textDocument/foldingRange on Thread 3368
Took 0ms to process request-4516-textDocument/codeAction on Thread 3367
Took 0ms to process request-4517-textDocument/documentSymbol on Thread 3370
Took 0ms to process notification-textDocument/didChange on Thread 3366
Took 0ms to process request-4518-textDocument/inlayHint on Thread 3368
Took 0ms to process request-4519-textDocument/semanticTokens/range on Thread 3367
Took 0ms to process request-4520-textDocument/foldingRange on Thread 3370
Took 0ms to process request-4521-textDocument/codeAction on Thread 3369
Took 0ms to process notification-textDocument/didChange on Thread 3366
Took 0ms to process request-4522-textDocument/inlayHint on Thread 3367
Took 0ms to process request-4523-textDocument/semanticTokens/range on Thread 3370
Took 0ms to process notification-textDocument/didChange on Thread 3366
Took 0ms to process request-4524-textDocument/inlayHint on Thread 3368
Took 0ms to process request-4525-textDocument/semanticTokens/range on Thread 3367
Took 0ms to process request-4526-textDocument/foldingRange on Thread 3370
Took 0ms to process notification-textDocument/didChange on Thread 3366
Took 0ms to process request-4527-textDocument/inlayHint on Thread 3368
Took 0ms to process notification-textDocument/didChange on Thread 3366
Took 0ms to process request-4528-textDocument/inlayHint on Thread 3370
Took 0ms to process request-4529-textDocument/semanticTokens/range on Thread 3369
Took 0ms to process request-4530-textDocument/foldingRange on Thread 3368
Took 0ms to process request-4531-textDocument/codeAction on Thread 3367
Took 0ms to process request-4532-textDocument/documentSymbol on Thread 3370
Took 0ms to process notification-textDocument/didChange on Thread 3366
Took 0ms to process request-4533-textDocument/inlayHint on Thread 3368
Took 0ms to process request-4534-textDocument/semanticTokens/range on Thread 3367
Took 0ms to process request-4535-textDocument/foldingRange on Thread 3370
Took 0ms to process notification-textDocument/didChange on Thread 3366
Took 0ms to process request-4536-textDocument/inlayHint on Thread 3368
Took 0ms to process request-4537-textDocument/semanticTokens/range on Thread 3367
Took 0ms to process notification-textDocument/didChange on Thread 3366
Took 0ms to process request-4538-textDocument/inlayHint on Thread 3369
Took 0ms to process request-4539-textDocument/semanticTokens/range on Thread 3368
Took 0ms to process notification-textDocument/didChange on Thread 3366
Took 0ms to process request-4540-textDocument/inlayHint on Thread 3370
Took 0ms to process request-4541-textDocument/semanticTokens/range on Thread 3369
Took 0ms to process request-4542-textDocument/foldingRange on Thread 3368
Took 0ms to process notification-textDocument/didChange on Thread 3366
Took 0ms to process request-4543-textDocument/inlayHint on Thread 3370
Took 0ms to process request-4544-textDocument/semanticTokens/range on Thread 3369
Took 0ms to process notification-textDocument/didChange on Thread 3366
Took 0ms to process request-4545-textDocument/inlayHint on Thread 3367
Took 0ms to process request-4546-textDocument/semanticTokens/range on Thread 3370
Took 0ms to process request-4547-textDocument/foldingRange on Thread 3369
Took 0ms to process request-4548-textDocument/codeAction on Thread 3368
Took 0ms to process request-4549-textDocument/documentSymbol on Thread 3367
Took 0ms to process request-4550-textDocument/documentHighlight on Thread 3370
Took 0ms to process request-4551-textDocument/inlayHint on Thread 3369
Took 0ms to process request-4552-textDocument/codeAction on Thread 3368
Took 0ms to process request-4553-textDocument/willSaveWaitUntil on Thread 3367
Took 0ms to process notification-textDocument/didSave on Thread 3366
Took 0ms to process notification-textDocument/didChange on Thread 3366
Took 0ms to process request-4554-textDocument/inlayHint on Thread 3369
Took 0ms to process request-4555-textDocument/semanticTokens/range on Thread 3368
Took 0ms to process request-4556-textDocument/foldingRange on Thread 3367
Took 0ms to process notification-textDocument/didChange on Thread 3366
Took 0ms to process request-4557-textDocument/inlayHint on Thread 3369
Took 0ms to process request-4558-textDocument/semanticTokens/range on Thread 3368
Took 0ms to process request-4559-textDocument/foldingRange on Thread 3367
Took 0ms to process notification-textDocument/didChange on Thread 3366
Took 0ms to process request-4560-textDocument/inlayHint on Thread 3369
Took 0ms to process request-4561-textDocument/semanticTokens/range on Thread 3368
Took 0ms to process request-4562-textDocument/foldingRange on Thread 3367
Took 0ms to process request-4563-textDocument/codeAction on Thread 3370
Took 0ms to process notification-textDocument/didChange on Thread 3366
Took 0ms to process request-4564-textDocument/inlayHint on Thread 3368
Took 0ms to process request-4565-textDocument/semanticTokens/range on Thread 3367
Took 0ms to process notification-textDocument/didChange on Thread 3366
Took 0ms to process request-4566-textDocument/inlayHint on Thread 3369
Took 0ms to process request-4567-textDocument/semanticTokens/range on Thread 3368
Took 0ms to process notification-textDocument/didChange on Thread 3366
Took 0ms to process request-4568-textDocument/inlayHint on Thread 3370
Took 0ms to process request-4569-textDocument/semanticTokens/range on Thread 3369
Took 0ms to process notification-textDocument/didChange on Thread 3366
Took 0ms to process request-4570-textDocument/inlayHint on Thread 3367
Took 0ms to process request-4571-textDocument/semanticTokens/range on Thread 3370
Took 0ms to process notification-textDocument/didChange on Thread 3366
Took 0ms to process request-4572-textDocument/inlayHint on Thread 3368
Took 0ms to process request-4573-textDocument/semanticTokens/range on Thread 3367
Took 0ms to process request-4574-textDocument/foldingRange on Thread 3370
Took 0ms to process request-4575-textDocument/codeAction on Thread 3369
Took 0ms to process request-4576-textDocument/documentSymbol on Thread 3368
Took 0ms to process notification-textDocument/didChange on Thread 3366
Took 0ms to process request-4577-textDocument/inlayHint on Thread 3370
Took 0ms to process request-4578-textDocument/semanticTokens/range on Thread 3369
Took 0ms to process notification-textDocument/didChange on Thread 3366
Took 0ms to process request-4579-textDocument/inlayHint on Thread 3367
Took 0ms to process request-4580-textDocument/semanticTokens/range on Thread 3370
Took 0ms to process request-4581-textDocument/foldingRange on Thread 3369
Took 0ms to process request-4582-textDocument/codeAction on Thread 3368
Took 0ms to process request-4583-textDocument/documentSymbol on Thread 3367
Took 0ms to process request-4584-textDocument/inlayHint on Thread 3370
Took 0ms to process request-4585-textDocument/willSaveWaitUntil on Thread 3369
Took 0ms to process notification-textDocument/didSave on Thread 3366
Took 0ms to process notification-textDocument/didChange on Thread 3366
Took 1ms to process request-4586-textDocument/inlayHint on Thread 3367
Took 0ms to process request-4587-textDocument/semanticTokens/range on Thread 3370
Took 0ms to process notification-textDocument/didChange on Thread 3366
Took 0ms to process request-4588-textDocument/inlayHint on Thread 3368
Took 0ms to process request-4589-textDocument/semanticTokens/range on Thread 3367
Took 0ms to process notification-textDocument/didChange on Thread 3366
Took 0ms to process request-4590-textDocument/inlayHint on Thread 3369
Took 0ms to process request-4591-textDocument/semanticTokens/range on Thread 3368
Took 0ms to process request-4592-textDocument/foldingRange on Thread 3367
Took 0ms to process notification-textDocument/didChange on Thread 3366
Took 0ms to process request-4593-textDocument/inlayHint on Thread 3369
Took 0ms to process request-4594-textDocument/semanticTokens/range on Thread 3368
Took 0ms to process notification-textDocument/didChange on Thread 3366
Took 0ms to process request-4595-textDocument/inlayHint on Thread 3370
Took 0ms to process request-4596-textDocument/semanticTokens/range on Thread 3369
Took 0ms to process request-4597-textDocument/foldingRange on Thread 3368
Took 0ms to process request-4598-textDocument/codeAction on Thread 3367
Took 0ms to process request-4599-textDocument/documentSymbol on Thread 3370
Took 0ms to process request-4600-textDocument/inlayHint on Thread 3369
Took 0ms to process request-4601-textDocument/willSaveWaitUntil on Thread 3368
Took 0ms to process notification-textDocument/didSave on Thread 3366
Took 0ms to process request-4602-textDocument/hover on Thread 3367
Took 0ms to process request-4603-textDocument/hover on Thread 3370
Took 0ms to process request-4604-textDocument/hover on Thread 3369
Took 0ms to process request-4605-textDocument/documentHighlight on Thread 3368
Took 0ms to process request-4606-textDocument/codeAction on Thread 3367
Took 0ms to process request-4607-textDocument/hover on Thread 3370
Took 0ms to process request-4608-textDocument/hover on Thread 3369
Took 0ms to process request-4609-textDocument/hover on Thread 3368
Took 0ms to process request-4610-textDocument/documentHighlight on Thread 3367
Took 0ms to process request-4611-textDocument/codeAction on Thread 3370
Took 0ms to process request-4612-textDocument/hover on Thread 3369
Took 0ms to process request-4613-textDocument/hover on Thread 3368
Took 0ms to process request-4614-textDocument/hover on Thread 3367
Took 0ms to process request-4615-textDocument/hover on Thread 3370
Took 0ms to process request-4616-textDocument/documentHighlight on Thread 3369
Took 0ms to process request-4617-textDocument/codeAction on Thread 3368
Took 0ms to process request-4618-textDocument/hover on Thread 3367
Took 0ms to process notification-textDocument/didChange on Thread 3366
Took 0ms to process request-4619-textDocument/inlayHint on Thread 3369
Took 0ms to process request-4620-textDocument/semanticTokens/range on Thread 3368
Took 0ms to process request-4621-textDocument/foldingRange on Thread 3367
Took 0ms to process request-4622-textDocument/codeAction on Thread 3370
Took 0ms to process request-4623-textDocument/documentSymbol on Thread 3369
Took 0ms to process notification-textDocument/didChange on Thread 3366
Took 0ms to process request-4624-textDocument/inlayHint on Thread 3367
Took 0ms to process request-4625-textDocument/semanticTokens/range on Thread 3370
Took 0ms to process request-4626-textDocument/foldingRange on Thread 3369
Took 0ms to process request-4627-textDocument/codeAction on Thread 3368
Took 0ms to process request-4628-textDocument/documentSymbol on Thread 3367
Took 0ms to process request-4629-textDocument/documentHighlight on Thread 3370
Took 0ms to process request-4630-textDocument/inlayHint on Thread 3369
Took 0ms to process request-4631-textDocument/codeAction on Thread 3368
Took 0ms to process request-4632-textDocument/willSaveWaitUntil on Thread 3367
Took 0ms to process notification-textDocument/didSave on Thread 3366
Took 0ms to process request-4633-textDocument/codeAction on Thread 3370
Took 0ms to process request-4634-textDocument/documentHighlight on Thread 3369
Took 0ms to process request-4635-textDocument/codeAction on Thread 3368
Took 0ms to process request-4636-textDocument/codeAction on Thread 3367
Took 0ms to process request-4637-textDocument/codeAction on Thread 3370
Took 0ms to process notification-textDocument/didChange on Thread 3366
Took 0ms to process request-4638-textDocument/inlayHint on Thread 3368
Took 0ms to process request-4639-textDocument/semanticTokens/range on Thread 3367
Took 0ms to process notification-textDocument/didChange on Thread 3366
Took 0ms to process request-4640-textDocument/inlayHint on Thread 3369
Took 0ms to process notification-textDocument/didChange on Thread 3366
Took 0ms to process request-4641-textDocument/inlayHint on Thread 3367
Took 0ms to process request-4642-textDocument/semanticTokens/range on Thread 3370
Took 0ms to process request-4643-textDocument/foldingRange on Thread 3369
Took 0ms to process notification-textDocument/didChange on Thread 3366
Took 0ms to process request-4644-textDocument/inlayHint on Thread 3367
Took 0ms to process request-4645-textDocument/semanticTokens/range on Thread 3370
Took 0ms to process notification-textDocument/didChange on Thread 3366
Took 0ms to process request-4646-textDocument/inlayHint on Thread 3368
Took 0ms to process request-4647-textDocument/semanticTokens/range on Thread 3367
Took 0ms to process request-4648-textDocument/foldingRange on Thread 3370
Took 0ms to process request-4649-textDocument/codeAction on Thread 3369
Took 0ms to process request-4650-textDocument/documentSymbol on Thread 3368
Took 0ms to process notification-textDocument/didChange on Thread 3366
Took 0ms to process request-4651-textDocument/inlayHint on Thread 3370
Took 0ms to process request-4652-textDocument/semanticTokens/range on Thread 3369
Took 0ms to process request-4653-textDocument/foldingRange on Thread 3368
Took 0ms to process request-4654-textDocument/codeAction on Thread 3367
Took 0ms to process request-4655-textDocument/documentSymbol on Thread 3370
Took 0ms to process notification-textDocument/didChange on Thread 3366
Took 0ms to process request-4656-textDocument/inlayHint on Thread 3368
Took 0ms to process request-4657-textDocument/semanticTokens/range on Thread 3367
Took 0ms to process request-4658-textDocument/foldingRange on Thread 3370
Took 0ms to process request-4659-textDocument/codeAction on Thread 3369
Took 0ms to process request-4660-textDocument/documentSymbol on Thread 3368
Took 0ms to process notification-textDocument/didChange on Thread 3366
Took 1ms to process request-4661-textDocument/completion on Thread 3370
Took 0ms to process request-4662-textDocument/inlayHint on Thread 3369
Took 0ms to process request-4663-textDocument/semanticTokens/range on Thread 3368
Took 0ms to process request-4664-textDocument/foldingRange on Thread 3367
Took 0ms to process request-4665-textDocument/codeAction on Thread 3370
Took 0ms to process request-4666-textDocument/documentSymbol on Thread 3369
Took 0ms to process request-4667-textDocument/documentHighlight on Thread 3368
Took 0ms to process request-4668-textDocument/inlayHint on Thread 3367
Took 0ms to process request-4669-textDocument/codeAction on Thread 3370
Took 0ms to process request-4670-textDocument/willSaveWaitUntil on Thread 3369
Took 0ms to process notification-textDocument/didSave on Thread 3366
Took 0ms to process request-4671-textDocument/codeAction on Thread 3368
Took 0ms to process request-4672-textDocument/documentHighlight on Thread 3367
Took 0ms to process request-4673-textDocument/codeAction on Thread 3370
Took 0ms to process request-4674-textDocument/codeAction on Thread 3369
Took 0ms to process request-4675-textDocument/documentHighlight on Thread 3368
Took 0ms to process request-4676-textDocument/codeAction on Thread 3367
Took 0ms to process request-4677-textDocument/codeAction on Thread 3370
Took 0ms to process request-4678-textDocument/documentHighlight on Thread 3369
Took 0ms to process request-4679-textDocument/codeAction on Thread 3368
Took 0ms to process request-4680-textDocument/hover on Thread 3367
Took 0ms to process request-4681-textDocument/inlayHint on Thread 3370
Took 0ms to process request-4682-textDocument/semanticTokens/range on Thread 3369
Took 0ms to process request-4683-textDocument/inlayHint on Thread 3368
Took 0ms to process request-4684-textDocument/inlayHint on Thread 3367
Took 0ms to process request-4685-textDocument/inlayHint on Thread 3370
Took 0ms to process request-4686-textDocument/semanticTokens/range on Thread 3369
Took 0ms to process request-4687-textDocument/inlayHint on Thread 3368
Took 0ms to process request-4688-textDocument/inlayHint on Thread 3367
Took 0ms to process request-4689-textDocument/semanticTokens/range on Thread 3370
Took 0ms to process request-4690-textDocument/documentHighlight on Thread 3369
Took 0ms to process request-4691-textDocument/inlayHint on Thread 3368
Took 0ms to process request-4692-textDocument/inlayHint on Thread 3367
Took 0ms to process request-4693-textDocument/inlayHint on Thread 3370
Took 0ms to process request-4694-textDocument/inlayHint on Thread 3369
Took 0ms to process request-4695-textDocument/inlayHint on Thread 3368
Took 0ms to process request-4696-textDocument/inlayHint on Thread 3367
Took 0ms to process request-4697-textDocument/semanticTokens/range on Thread 3370
Took 0ms to process request-4698-textDocument/hover on Thread 3369
Took 0ms to process request-4699-textDocument/codeAction on Thread 3368
Took 0ms to process notification-textDocument/didChange on Thread 3366
Took 1ms to process request-4700-textDocument/completion on Thread 3370
Took 0ms to process request-4701-textDocument/inlayHint on Thread 3369
Took 0ms to process request-4702-textDocument/semanticTokens/range on Thread 3368
Took 0ms to process notification-textDocument/didChange on Thread 3366
Took 0ms to process request-4703-textDocument/inlayHint on Thread 3370
Took 0ms to process request-4704-textDocument/semanticTokens/range on Thread 3369
Took 0ms to process notification-textDocument/didChange on Thread 3366
Took 0ms to process request-4705-textDocument/inlayHint on Thread 3367
Took 0ms to process notification-textDocument/didChange on Thread 3366
Took 0ms to process request-4706-textDocument/inlayHint on Thread 3369
Took 0ms to process request-4707-textDocument/semanticTokens/range on Thread 3368
Took 0ms to process request-4708-textDocument/foldingRange on Thread 3367
Took 0ms to process request-4709-textDocument/codeAction on Thread 3370
Took 0ms to process notification-textDocument/didChange on Thread 3366
Took 0ms to process request-4710-textDocument/inlayHint on Thread 3368
Took 0ms to process request-4711-textDocument/semanticTokens/range on Thread 3367
Took 0ms to process request-4712-textDocument/foldingRange on Thread 3370
Took 0ms to process request-4713-textDocument/codeAction on Thread 3369
Took 0ms to process notification-textDocument/didChange on Thread 3366
Took 0ms to process request-4714-textDocument/inlayHint on Thread 3367
Took 0ms to process request-4715-textDocument/semanticTokens/range on Thread 3370
Took 0ms to process request-4716-textDocument/foldingRange on Thread 3369
Took 0ms to process request-4717-textDocument/codeAction on Thread 3368
Took 0ms to process request-4718-textDocument/documentSymbol on Thread 3367
Took 0ms to process request-4719-textDocument/inlayHint on Thread 3370
Took 0ms to process request-4720-textDocument/willSaveWaitUntil on Thread 3369
Took 0ms to process notification-textDocument/didSave on Thread 3366
Took 0ms to process request-4721-textDocument/hover on Thread 3368
Took 0ms to process request-4722-textDocument/documentHighlight on Thread 3367
Took 0ms to process request-4723-textDocument/codeAction on Thread 3370
Took 0ms to process request-4724-textDocument/hover on Thread 3369
Took 0ms to process request-4725-textDocument/hover on Thread 3368
Took 0ms to process request-4726-textDocument/hover on Thread 3367
Took 0ms to process request-4727-textDocument/hover on Thread 3370
Took 0ms to process request-4728-textDocument/codeAction on Thread 3369
Took 0ms to process request-4729-textDocument/documentHighlight on Thread 3368
Took 0ms to process request-4730-textDocument/codeAction on Thread 3367
Took 0ms to process notification-textDocument/didChange on Thread 3366
Took 0ms to process request-4731-textDocument/inlayHint on Thread 3369
Took 0ms to process request-4732-textDocument/semanticTokens/range on Thread 3368
Took 0ms to process request-4733-textDocument/foldingRange on Thread 3367
Took 0ms to process request-4734-textDocument/codeAction on Thread 3370
Took 0ms to process request-4735-textDocument/documentSymbol on Thread 3369
Took 0ms to process request-4736-textDocument/inlayHint on Thread 3368
Took 0ms to process request-4737-textDocument/willSaveWaitUntil on Thread 3367
Took 0ms to process notification-textDocument/didSave on Thread 3366
Took 0ms to process request-4738-textDocument/hover on Thread 3370
Took 0ms to process request-4739-textDocument/codeAction on Thread 3369
Took 0ms to process request-4740-textDocument/inlayHint on Thread 3368
Took 1ms to process request-4741-textDocument/documentHighlight on Thread 3367
Took 0ms to process request-4742-textDocument/semanticTokens/range on Thread 3370
Took 0ms to process request-4743-textDocument/codeAction on Thread 3369
Took 0ms to process request-4744-textDocument/hover on Thread 3368
Took 0ms to process request-4745-textDocument/documentHighlight on Thread 3367
Took 0ms to process request-4746-textDocument/codeAction on Thread 3370
Took 0ms to process request-4747-textDocument/hover on Thread 3369
Took 0ms to process request-4748-textDocument/codeAction on Thread 3368
Took 0ms to process request-4749-textDocument/hover on Thread 3367
Took 0ms to process request-4750-textDocument/hover on Thread 3370
Took 0ms to process request-4751-textDocument/codeAction on Thread 3369
Took 0ms to process request-4752-textDocument/inlayHint on Thread 3368
Took 0ms to process request-4753-textDocument/semanticTokens/range on Thread 3367
Took 0ms to process request-4754-textDocument/hover on Thread 3370
Took 0ms to process request-4755-textDocument/hover on Thread 3369
Took 0ms to process request-4756-textDocument/hover on Thread 3368
Took 0ms to process request-4757-textDocument/codeAction on Thread 3367
Took 0ms to process request-4758-textDocument/codeAction on Thread 3370
Took 0ms to process request-4759-textDocument/codeAction on Thread 3369
Took 0ms to process request-4760-textDocument/codeAction on Thread 3368
Took 0ms to process request-4761-textDocument/hover on Thread 3367
Took 0ms to process request-4762-textDocument/hover on Thread 3370
Took 0ms to process request-4763-textDocument/codeAction on Thread 3369
Took 0ms to process request-4764-textDocument/codeAction on Thread 3368
Took 0ms to process request-4765-textDocument/codeAction on Thread 3367
Took 0ms to process request-4766-textDocument/definition on Thread 3370
Took 0ms to process request-4767-textDocument/hover on Thread 3369
Took 0ms to process request-4768-textDocument/hover on Thread 3368
Took 0ms to process request-4769-textDocument/hover on Thread 3367
Took 0ms to process request-4770-textDocument/hover on Thread 3370
Took 0ms to process request-4771-textDocument/codeAction on Thread 3369
Took 0ms to process request-4772-textDocument/inlayHint on Thread 3368
Took 0ms to process request-4773-textDocument/documentHighlight on Thread 3367
Took 0ms to process request-4774-textDocument/semanticTokens/range on Thread 3370
Took 0ms to process request-4775-textDocument/codeAction on Thread 3369
Took 0ms to process request-4776-textDocument/hover on Thread 3368
Took 0ms to process request-4777-textDocument/documentHighlight on Thread 3367
Took 0ms to process notification-textDocument/didChange on Thread 3366
Took 0ms to process request-4778-textDocument/inlayHint on Thread 3369
Took 0ms to process request-4779-textDocument/semanticTokens/range on Thread 3368
Took 0ms to process request-4780-textDocument/foldingRange on Thread 3367
Took 0ms to process request-4781-textDocument/codeAction on Thread 3370
Took 0ms to process request-4782-textDocument/documentSymbol on Thread 3369
Took 0ms to process notification-textDocument/didChange on Thread 3366
Took 0ms to process request-4783-textDocument/inlayHint on Thread 3367
Took 0ms to process request-4784-textDocument/semanticTokens/range on Thread 3370
Took 0ms to process request-4785-textDocument/foldingRange on Thread 3369
Took 0ms to process request-4786-textDocument/codeAction on Thread 3368
Took 0ms to process request-4787-textDocument/documentSymbol on Thread 3367
Took 0ms to process request-4788-textDocument/inlayHint on Thread 3370
Took 0ms to process request-4789-textDocument/willSaveWaitUntil on Thread 3369
Took 0ms to process notification-textDocument/didSave on Thread 3366
Took 0ms to process request-4790-textDocument/inlayHint on Thread 3368
Took 0ms to process request-4791-textDocument/documentHighlight on Thread 3367
Took 0ms to process request-4792-textDocument/semanticTokens/range on Thread 3370
Took 0ms to process request-4793-textDocument/hover on Thread 3369
Took 0ms to process request-4794-textDocument/codeAction on Thread 3368
Took 0ms to process request-4795-textDocument/hover on Thread 3367
Took 0ms to process request-4796-textDocument/hover on Thread 3370
Took 0ms to process request-4797-textDocument/documentHighlight on Thread 3369
Took 0ms to process request-4798-textDocument/codeAction on Thread 3368
Took 0ms to process request-4799-textDocument/hover on Thread 3367
Took 0ms to process request-4800-textDocument/codeAction on Thread 3370
Took 0ms to process request-4801-textDocument/hover on Thread 3369
Took 0ms to process request-4802-textDocument/hover on Thread 3368
Took 0ms to process request-4803-textDocument/hover on Thread 3367
Took 0ms to process request-4804-textDocument/documentHighlight on Thread 3370
Took 0ms to process request-4805-textDocument/codeAction on Thread 3369
Took 0ms to process request-4806-textDocument/codeAction on Thread 3368
Took 0ms to process notification-textDocument/didChange on Thread 3366
Took 0ms to process request-4807-textDocument/inlayHint on Thread 3370
Took 0ms to process request-4808-textDocument/semanticTokens/range on Thread 3369
Took 0ms to process request-4809-textDocument/foldingRange on Thread 3368
Took 0ms to process request-4810-textDocument/codeAction on Thread 3367
Took 0ms to process request-4811-textDocument/documentSymbol on Thread 3370
Took 0ms to process notification-textDocument/didChange on Thread 3366
Took 0ms to process request-4812-textDocument/inlayHint on Thread 3368
Took 0ms to process request-4813-textDocument/semanticTokens/range on Thread 3367
Took 0ms to process request-4814-textDocument/foldingRange on Thread 3370
Took 0ms to process request-4815-textDocument/codeAction on Thread 3369
Took 0ms to process request-4816-textDocument/documentSymbol on Thread 3368
Took 0ms to process notification-textDocument/didChange on Thread 3366
Took 0ms to process request-4817-textDocument/inlayHint on Thread 3370
Took 0ms to process request-4818-textDocument/semanticTokens/range on Thread 3369
Took 0ms to process request-4819-textDocument/foldingRange on Thread 3368
Took 14ms to process request-4820-textDocument/codeAction on Thread 3367
Took 0ms to process request-4821-textDocument/documentSymbol on Thread 3370
Took 0ms to process notification-textDocument/didChange on Thread 3366
Took 0ms to process request-4822-textDocument/inlayHint on Thread 3368
Took 0ms to process request-4823-textDocument/semanticTokens/range on Thread 3367
Took 0ms to process request-4824-textDocument/foldingRange on Thread 3370
Took 0ms to process request-4825-textDocument/codeAction on Thread 3369
Took 0ms to process request-4826-textDocument/documentSymbol on Thread 3368
Took 0ms to process request-4827-textDocument/documentHighlight on Thread 3367
Took 0ms to process request-4828-textDocument/codeAction on Thread 3370
Took 0ms to process request-4829-textDocument/inlayHint on Thread 3369
Took 0ms to process request-4830-textDocument/willSaveWaitUntil on Thread 3368
Took 0ms to process notification-textDocument/didSave on Thread 3366
Took 0ms to process request-4831-textDocument/codeAction on Thread 3367
Took 0ms to process notification-textDocument/didChange on Thread 3366
Took 0ms to process request-4832-textDocument/inlayHint on Thread 3369
Took 0ms to process request-4833-textDocument/semanticTokens/range on Thread 3368
Took 0ms to process request-4834-textDocument/foldingRange on Thread 3367
Took 0ms to process request-4835-textDocument/codeAction on Thread 3370
Took 0ms to process request-4836-textDocument/documentSymbol on Thread 3369
Took 0ms to process notification-textDocument/didChange on Thread 3366
Took 1ms to process request-4837-textDocument/completion on Thread 3367
Took 0ms to process request-4838-textDocument/inlayHint on Thread 3370
Took 0ms to process request-4839-textDocument/semanticTokens/range on Thread 3369
Took 0ms to process request-4840-textDocument/foldingRange on Thread 3367
Took 13ms to process request-4841-textDocument/codeAction on Thread 3368
Took 0ms to process request-4842-textDocument/documentSymbol on Thread 3370
Took 0ms to process request-4843-textDocument/documentHighlight on Thread 3369
Took 0ms to process request-4844-textDocument/inlayHint on Thread 3367
Took 17ms to process request-4845-textDocument/codeAction on Thread 3368
Took 0ms to process request-4846-textDocument/willSaveWaitUntil on Thread 3370
Took 0ms to process notification-textDocument/didSave on Thread 3366
Took 0ms to process request-4847-textDocument/documentHighlight on Thread 3369
Took 18ms to process request-4848-textDocument/codeAction on Thread 3367
Took 17ms to process request-4849-textDocument/codeAction on Thread 3368
Took 17ms to process request-4850-textDocument/codeAction on Thread 3370
Took 0ms to process request-4851-textDocument/hover on Thread 3369
Took 0ms to process request-4852-textDocument/hover on Thread 3367
Took 18ms to process request-4853-textDocument/codeAction on Thread 3368
Took 0ms to process request-4854-textDocument/hover on Thread 3370
Took 17ms to process request-4855-textDocument/codeAction on Thread 3369
Took 0ms to process request-4856-textDocument/hover on Thread 3367
Took 0ms to process request-4857-textDocument/hover on Thread 3368
Took 17ms to process request-4858-textDocument/codeAction on Thread 3370
Took 0ms to process request-4859-textDocument/hover on Thread 3369
Took 0ms to process request-4860-textDocument/hover on Thread 3367
Took 0ms to process request-4861-textDocument/hover on Thread 3368
Took 17ms to process request-4862-textDocument/codeAction on Thread 3370
Took 0ms to process request-4863-textDocument/hover on Thread 3369
Took 18ms to process request-4864-textDocument/codeAction on Thread 3367
Took 0ms to process request-4865-textDocument/hover on Thread 3368
Took 0ms to process request-4866-textDocument/hover on Thread 3370
Took 0ms to process request-4867-textDocument/hover on Thread 3369
Took 0ms to process request-4868-textDocument/hover on Thread 3367
Took 0ms to process request-4869-textDocument/hover on Thread 3368
Took 17ms to process request-4870-textDocument/codeAction on Thread 3370
Took 16ms to process request-4871-textDocument/codeAction on Thread 3369
Took 15ms to process request-4872-textDocument/codeAction on Thread 3367
Took 13ms to process request-4873-textDocument/codeAction on Thread 3368
Took 0ms to process notification-textDocument/didChange on Thread 3366
Took 0ms to process request-4874-textDocument/inlayHint on Thread 3369
Took 0ms to process request-4875-textDocument/semanticTokens/range on Thread 3367
Took 0ms to process request-4876-textDocument/foldingRange on Thread 3368
Took 0ms to process request-4877-textDocument/documentSymbol on Thread 3370
Took 0ms to process request-4878-textDocument/inlayHint on Thread 3369
Took 0ms to process request-4879-textDocument/willSaveWaitUntil on Thread 3367
Took 0ms to process notification-textDocument/didSave on Thread 3366
Took 0ms to process request-4880-textDocument/inlayHint on Thread 3368
Took 0ms to process request-4881-textDocument/inlayHint on Thread 3370
Took 0ms to process request-4882-textDocument/semanticTokens/range on Thread 3369
Took 0ms to process request-4883-textDocument/inlayHint on Thread 3367
Took 0ms to process request-4884-textDocument/semanticTokens/range on Thread 3368
Took 0ms to process request-4885-textDocument/inlayHint on Thread 3370
Took 0ms to process request-4886-textDocument/semanticTokens/range on Thread 3369
Took 0ms to process request-4887-textDocument/inlayHint on Thread 3367
Took 0ms to process request-4888-textDocument/inlayHint on Thread 3368
Took 0ms to process request-4889-textDocument/inlayHint on Thread 3370
Took 0ms to process request-4890-textDocument/semanticTokens/range on Thread 3369
Took 0ms to process request-4891-textDocument/inlayHint on Thread 3367
Took 0ms to process request-4892-textDocument/inlayHint on Thread 3368
Took 0ms to process request-4893-textDocument/inlayHint on Thread 3370
Took 0ms to process request-4894-textDocument/inlayHint on Thread 3369
Took 0ms to process request-4895-textDocument/inlayHint on Thread 3367
Took 0ms to process request-4896-textDocument/inlayHint on Thread 3368
Took 0ms to process request-4897-textDocument/inlayHint on Thread 3370
Took 0ms to process request-4898-textDocument/inlayHint on Thread 3369
Took 0ms to process request-4899-textDocument/inlayHint on Thread 3367
Took 1ms to process request-4900-textDocument/inlayHint on Thread 3368
Took 0ms to process request-4901-textDocument/inlayHint on Thread 3370
Took 0ms to process request-4902-textDocument/inlayHint on Thread 3369
Took 0ms to process request-4903-textDocument/inlayHint on Thread 3367
Took 0ms to process request-4904-textDocument/inlayHint on Thread 3368
Took 0ms to process request-4905-textDocument/inlayHint on Thread 3370
Took 0ms to process request-4906-textDocument/inlayHint on Thread 3369
Took 0ms to process request-4907-textDocument/inlayHint on Thread 3367
Took 0ms to process request-4908-textDocument/inlayHint on Thread 3368
Took 0ms to process request-4909-textDocument/inlayHint on Thread 3370
Took 0ms to process request-4910-textDocument/inlayHint on Thread 3369
Took 0ms to process request-4911-textDocument/inlayHint on Thread 3367
Took 0ms to process request-4912-textDocument/semanticTokens/range on Thread 3368
Took 0ms to process request-4913-textDocument/inlayHint on Thread 3370
Took 0ms to process request-4914-textDocument/semanticTokens/range on Thread 3369
Took 0ms to process request-4915-textDocument/inlayHint on Thread 3367
Took 0ms to process request-4916-textDocument/inlayHint on Thread 3368
Took 0ms to process request-4917-textDocument/inlayHint on Thread 3370
Took 0ms to process request-4918-textDocument/inlayHint on Thread 3369
Took 0ms to process request-4919-textDocument/inlayHint on Thread 3367
Took 0ms to process request-4920-textDocument/inlayHint on Thread 3368
Took 0ms to process request-4921-textDocument/inlayHint on Thread 3370
Took 0ms to process request-4922-textDocument/semanticTokens/range on Thread 3369
Took 0ms to process request-4923-textDocument/inlayHint on Thread 3367
Took 0ms to process request-4924-textDocument/inlayHint on Thread 3368
Took 0ms to process request-4925-textDocument/semanticTokens/range on Thread 3370
Took 0ms to process request-4926-textDocument/inlayHint on Thread 3369
Took 0ms to process request-4927-textDocument/semanticTokens/range on Thread 3367
Took 0ms to process request-4928-textDocument/inlayHint on Thread 3368
Took 0ms to process request-4929-textDocument/semanticTokens/range on Thread 3370
Took 0ms to process request-4930-textDocument/inlayHint on Thread 3369
Took 0ms to process request-4931-textDocument/inlayHint on Thread 3367
Took 0ms to process request-4932-textDocument/inlayHint on Thread 3368
Took 0ms to process request-4933-textDocument/semanticTokens/range on Thread 3370
Took 0ms to process request-4934-textDocument/inlayHint on Thread 3369
Took 0ms to process request-4935-textDocument/semanticTokens/range on Thread 3367
Took 0ms to process request-4936-textDocument/inlayHint on Thread 3368
Took 0ms to process request-4937-textDocument/inlayHint on Thread 3370
Took 0ms to process request-4938-textDocument/inlayHint on Thread 3369
Took 0ms to process request-4939-textDocument/inlayHint on Thread 3367
Took 0ms to process request-4940-textDocument/semanticTokens/range on Thread 3368
Took 0ms to process request-4941-textDocument/inlayHint on Thread 3370
Took 0ms to process request-4942-textDocument/inlayHint on Thread 3369
Took 0ms to process request-4943-textDocument/semanticTokens/range on Thread 3367
Took 0ms to process request-4944-textDocument/inlayHint on Thread 3368
Took 0ms to process request-4945-textDocument/inlayHint on Thread 3370
Took 0ms to process request-4946-textDocument/inlayHint on Thread 3369
Took 0ms to process request-4947-textDocument/inlayHint on Thread 3367
Took 0ms to process request-4948-textDocument/inlayHint on Thread 3368
Took 0ms to process request-4949-textDocument/semanticTokens/range on Thread 3370
Took 0ms to process request-4950-textDocument/inlayHint on Thread 3369
Took 0ms to process request-4951-textDocument/inlayHint on Thread 3367
Took 0ms to process request-4952-textDocument/semanticTokens/range on Thread 3368
Took 0ms to process request-4953-textDocument/inlayHint on Thread 3370
Took 0ms to process request-4954-textDocument/semanticTokens/range on Thread 3369
Took 0ms to process request-4955-textDocument/inlayHint on Thread 3367
Took 0ms to process request-4956-textDocument/semanticTokens/range on Thread 3368
Took 0ms to process request-4957-textDocument/inlayHint on Thread 3370
Took 0ms to process request-4958-textDocument/inlayHint on Thread 3369
Took 0ms to process request-4959-textDocument/inlayHint on Thread 3367
Took 0ms to process request-4960-textDocument/inlayHint on Thread 3368
Took 0ms to process request-4961-textDocument/inlayHint on Thread 3370
Took 0ms to process request-4962-textDocument/inlayHint on Thread 3369
Took 0ms to process request-4963-textDocument/inlayHint on Thread 3367
Took 0ms to process request-4964-textDocument/inlayHint on Thread 3368
Took 0ms to process request-4965-textDocument/inlayHint on Thread 3370
Took 0ms to process request-4966-textDocument/inlayHint on Thread 3369
Took 0ms to process request-4967-textDocument/inlayHint on Thread 3367
Took 0ms to process request-4968-textDocument/inlayHint on Thread 3368
Took 0ms to process request-4969-textDocument/inlayHint on Thread 3370
Took 0ms to process request-4970-textDocument/inlayHint on Thread 3369
Took 0ms to process request-4971-textDocument/semanticTokens/range on Thread 3367
Took 0ms to process request-4972-textDocument/inlayHint on Thread 3368
Took 0ms to process request-4973-textDocument/inlayHint on Thread 3370
Took 0ms to process request-4974-textDocument/semanticTokens/range on Thread 3369
Took 0ms to process request-4975-textDocument/hover on Thread 3367
Took 0ms to process request-4976-textDocument/hover on Thread 3368
Took 0ms to process request-4977-textDocument/documentHighlight on Thread 3370
Took 17ms to process request-4978-textDocument/codeAction on Thread 3369
Took 0ms to process notification-textDocument/didChange on Thread 3366
Took 0ms to process request-4979-textDocument/inlayHint on Thread 3368
Took 0ms to process request-4980-textDocument/semanticTokens/range on Thread 3370
Took 0ms to process request-4981-textDocument/foldingRange on Thread 3369
Took 18ms to process request-4982-textDocument/codeAction on Thread 3367
Took 0ms to process request-4983-textDocument/documentSymbol on Thread 3368
Took 0ms to process request-4984-textDocument/inlayHint on Thread 3370
Took 0ms to process request-4985-textDocument/willSaveWaitUntil on Thread 3369
Took 0ms to process notification-textDocument/didSave on Thread 3366
Took 17ms to process request-4986-textDocument/codeAction on Thread 3367
Took 0ms to process notification-textDocument/didChange on Thread 3366
Took 0ms to process request-4987-textDocument/inlayHint on Thread 3370
Took 0ms to process request-4988-textDocument/semanticTokens/range on Thread 3369
Took 0ms to process request-4989-textDocument/foldingRange on Thread 3367
Took 0ms to process request-4990-textDocument/documentSymbol on Thread 3368
Took 0ms to process notification-textDocument/didChange on Thread 3366
Took 0ms to process request-4991-textDocument/inlayHint on Thread 3369
Took 0ms to process request-4992-textDocument/semanticTokens/range on Thread 3367
Took 0ms to process request-4993-textDocument/foldingRange on Thread 3368
Took 0ms to process request-4994-textDocument/documentSymbol on Thread 3370
Took 0ms to process notification-textDocument/didChange on Thread 3366
Took 0ms to process request-4995-textDocument/inlayHint on Thread 3367
Took 0ms to process request-4996-textDocument/semanticTokens/range on Thread 3368
Took 0ms to process request-4997-textDocument/foldingRange on Thread 3370
Took 17ms to process request-4998-textDocument/codeAction on Thread 3369
Took 0ms to process request-4999-textDocument/documentSymbol on Thread 3367
Took 0ms to process request-5000-textDocument/inlayHint on Thread 3368
Took 0ms to process request-5001-textDocument/willSaveWaitUntil on Thread 3370
Took 0ms to process notification-textDocument/didSave on Thread 3366
Took 0ms to process request-5002-textDocument/hover on Thread 3369
Took 0ms to process request-5003-textDocument/hover on Thread 3367
Took 0ms to process request-5004-textDocument/documentHighlight on Thread 3368
Took 19ms to process request-5005-textDocument/codeAction on Thread 3370
Took 0ms to process notification-textDocument/didChange on Thread 3366
Took 0ms to process request-5006-textDocument/inlayHint on Thread 3367
Took 0ms to process request-5007-textDocument/semanticTokens/range on Thread 3368
Took 0ms to process request-5008-textDocument/foldingRange on Thread 3370
Took 17ms to process request-5009-textDocument/codeAction on Thread 3369
Took 0ms to process request-5010-textDocument/documentSymbol on Thread 3367
Took 0ms to process notification-textDocument/didChange on Thread 3366
Took 0ms to process request-5011-textDocument/inlayHint on Thread 3370
Took 0ms to process request-5012-textDocument/semanticTokens/range on Thread 3369
Took 0ms to process request-5013-textDocument/foldingRange on Thread 3367
Took 17ms to process request-5014-textDocument/codeAction on Thread 3368
Took 0ms to process request-5015-textDocument/documentSymbol on Thread 3370
Took 0ms to process request-5016-textDocument/inlayHint on Thread 3369
Took 0ms to process request-5017-textDocument/willSaveWaitUntil on Thread 3367
Took 0ms to process notification-textDocument/didSave on Thread 3366
Took 0ms to process request-5018-textDocument/hover on Thread 3368
Took 0ms to process request-5019-textDocument/documentHighlight on Thread 3370
Took 13ms to process request-5020-textDocument/codeAction on Thread 3369
Took 0ms to process notification-textDocument/didChange on Thread 3366
Took 1ms to process request-5021-textDocument/completion on Thread 3368
Took 0ms to process request-5022-textDocument/inlayHint on Thread 3370
Took 0ms to process request-5023-textDocument/semanticTokens/range on Thread 3369
Took 0ms to process request-5024-textDocument/foldingRange on Thread 3367
Took 17ms to process request-5025-textDocument/codeAction on Thread 3368
Took 0ms to process notification-textDocument/didChange on Thread 3366
Took 1ms to process request-5026-textDocument/completion on Thread 3369
Took 0ms to process request-5027-textDocument/inlayHint on Thread 3367
Took 0ms to process request-5028-textDocument/semanticTokens/range on Thread 3368
Took 0ms to process request-5029-textDocument/foldingRange on Thread 3370
Took 18ms to process request-5030-textDocument/codeAction on Thread 3369
Took 0ms to process notification-textDocument/didChange on Thread 3366
Took 2ms to process request-5031-textDocument/completion on Thread 3368
Took 0ms to process request-5032-textDocument/inlayHint on Thread 3370
Took 0ms to process request-5033-textDocument/semanticTokens/range on Thread 3369
Took 0ms to process request-5034-textDocument/foldingRange on Thread 3367
Took 18ms to process request-5035-textDocument/codeAction on Thread 3368
Took 0ms to process request-5036-textDocument/documentSymbol on Thread 3370
Took 0ms to process request-5037-textDocument/inlayHint on Thread 3369
Took 0ms to process request-5038-textDocument/willSaveWaitUntil on Thread 3367
Took 0ms to process notification-textDocument/didSave on Thread 3366
Took 0ms to process request-5039-textDocument/hover on Thread 3368
Took 0ms to process request-5040-textDocument/documentHighlight on Thread 3370
Took 17ms to process request-5041-textDocument/codeAction on Thread 3369
Took 0ms to process notification-textDocument/didChange on Thread 3366
Took 1ms to process request-5042-textDocument/completion on Thread 3368
Took 0ms to process request-5043-textDocument/inlayHint on Thread 3370
Took 0ms to process request-5044-textDocument/semanticTokens/range on Thread 3369
Took 0ms to process notification-textDocument/didChange on Thread 3366
Took 0ms to process request-5045-textDocument/inlayHint on Thread 3368
Took 0ms to process request-5046-textDocument/semanticTokens/range on Thread 3370
Took 0ms to process notification-textDocument/didChange on Thread 3366
Took 0ms to process request-5047-textDocument/inlayHint on Thread 3367
Took 0ms to process request-5048-textDocument/semanticTokens/range on Thread 3368
Took 0ms to process request-5049-textDocument/foldingRange on Thread 3370
Took 17ms to process request-5050-textDocument/codeAction on Thread 3369
Took 0ms to process request-5051-textDocument/documentSymbol on Thread 3367
Took 0ms to process request-5052-textDocument/inlayHint on Thread 3368
Took 0ms to process request-5053-textDocument/willSaveWaitUntil on Thread 3370
Took 0ms to process notification-textDocument/didSave on Thread 3366
Took 15ms to process request-5054-textDocument/codeAction on Thread 3369
Took 0ms to process request-5055-textDocument/documentHighlight on Thread 3367
Took 15ms to process request-5056-textDocument/codeAction on Thread 3368
Took 16ms to process request-5057-textDocument/codeAction on Thread 3370
Took 17ms to process request-5058-textDocument/codeAction on Thread 3369
Took 0ms to process request-5059-textDocument/inlayHint on Thread 3367
Took 0ms to process request-5060-textDocument/inlayHint on Thread 3368
Took 0ms to process request-5061-textDocument/inlayHint on Thread 3370
Took 0ms to process request-5062-textDocument/inlayHint on Thread 3369
Took 0ms to process request-5063-textDocument/inlayHint on Thread 3367
Took 0ms to process request-5064-textDocument/inlayHint on Thread 3368
Took 0ms to process request-5065-textDocument/semanticTokens/range on Thread 3370
Took 0ms to process request-5066-textDocument/hover on Thread 3369
Took 0ms to process notification-textDocument/didChange on Thread 3366
Took 0ms to process request-5067-textDocument/inlayHint on Thread 3368
Took 0ms to process request-5068-textDocument/semanticTokens/range on Thread 3370
Took 0ms to process request-5069-textDocument/foldingRange on Thread 3369
Took 0ms to process request-5070-textDocument/documentSymbol on Thread 3367
Took 0ms to process request-5071-textDocument/inlayHint on Thread 3368
Took 0ms to process notification-textDocument/didChange on Thread 3366
Took 0ms to process request-5072-textDocument/completion on Thread 3369
Took 0ms to process request-5073-textDocument/inlayHint on Thread 3367
Took 0ms to process request-5074-textDocument/semanticTokens/range on Thread 3368
Took 0ms to process notification-textDocument/didChange on Thread 3366
Took 0ms to process request-5075-textDocument/completion on Thread 3369
Took 0ms to process request-5076-textDocument/inlayHint on Thread 3367
Took 2ms to process request-5077-textDocument/semanticTokens/range on Thread 3368
Took 0ms to process request-5078-textDocument/foldingRange on Thread 3369
Took 0ms to process request-5080-textDocument/documentSymbol on Thread 3367
Took 12ms to process request-5079-textDocument/codeAction on Thread 3370
Took 0ms to process notification-textDocument/didChange on Thread 3366
Took 0ms to process request-5081-textDocument/inlayHint on Thread 3369
Took 0ms to process request-5082-textDocument/semanticTokens/range on Thread 3367
Took 0ms to process request-5083-textDocument/foldingRange on Thread 3370
Took 0ms to process request-5084-textDocument/documentSymbol on Thread 3368
Took 0ms to process notification-textDocument/didChange on Thread 3366
Took 0ms to process request-5085-textDocument/inlayHint on Thread 3367
Took 0ms to process request-5086-textDocument/semanticTokens/range on Thread 3370
Took 0ms to process request-5087-textDocument/foldingRange on Thread 3368
Took 17ms to process request-5088-textDocument/codeAction on Thread 3369
Took 0ms to process request-5089-textDocument/documentSymbol on Thread 3367
Took 0ms to process notification-textDocument/didChange on Thread 3366
Took 0ms to process request-5090-textDocument/inlayHint on Thread 3368
Took 0ms to process request-5091-textDocument/semanticTokens/range on Thread 3369
Took 0ms to process notification-textDocument/didChange on Thread 3366
Took 0ms to process request-5092-textDocument/inlayHint on Thread 3370
Took 0ms to process request-5093-textDocument/semanticTokens/range on Thread 3368
Took 0ms to process notification-textDocument/didChange on Thread 3366
Took 0ms to process request-5094-textDocument/inlayHint on Thread 3367
Took 0ms to process request-5095-textDocument/semanticTokens/range on Thread 3370
Took 0ms to process request-5096-textDocument/foldingRange on Thread 3368
Took 0ms to process notification-textDocument/didChange on Thread 3366
Took 0ms to process request-5097-textDocument/inlayHint on Thread 3367
Took 0ms to process request-5098-textDocument/semanticTokens/range on Thread 3370
Took 0ms to process notification-textDocument/didChange on Thread 3366
Took 0ms to process request-5099-textDocument/inlayHint on Thread 3369
Took 0ms to process request-5100-textDocument/semanticTokens/range on Thread 3367
Took 0ms to process notification-textDocument/didChange on Thread 3366
Took 0ms to process request-5101-textDocument/inlayHint on Thread 3368
Took 0ms to process notification-textDocument/didChange on Thread 3366
Took 0ms to process request-5102-textDocument/inlayHint on Thread 3367
Took 0ms to process request-5103-textDocument/semanticTokens/range on Thread 3370
Took 0ms to process request-5104-textDocument/foldingRange on Thread 3368
Took 18ms to process request-5105-textDocument/codeAction on Thread 3369
Took 0ms to process request-5106-textDocument/documentSymbol on Thread 3367
Took 0ms to process notification-textDocument/didChange on Thread 3366
Took 0ms to process request-5107-textDocument/inlayHint on Thread 3368
Took 0ms to process request-5108-textDocument/semanticTokens/range on Thread 3369
Took 0ms to process request-5109-textDocument/foldingRange on Thread 3367
Took 0ms to process notification-textDocument/didChange on Thread 3366
Took 0ms to process request-5110-textDocument/inlayHint on Thread 3368
Took 0ms to process request-5111-textDocument/semanticTokens/range on Thread 3369
Took 0ms to process notification-textDocument/didChange on Thread 3366
Took 0ms to process request-5112-textDocument/inlayHint on Thread 3370
Took 0ms to process request-5113-textDocument/semanticTokens/range on Thread 3368
Took 0ms to process notification-textDocument/didChange on Thread 3366
Took 0ms to process request-5114-textDocument/inlayHint on Thread 3367
Took 0ms to process request-5115-textDocument/semanticTokens/range on Thread 3370
Took 0ms to process notification-textDocument/didChange on Thread 3366
Took 0ms to process request-5116-textDocument/inlayHint on Thread 3369
Took 0ms to process notification-textDocument/didChange on Thread 3366
Took 0ms to process request-5117-textDocument/inlayHint on Thread 3370
Took 0ms to process request-5118-textDocument/semanticTokens/range on Thread 3368
Took 0ms to process request-5119-textDocument/foldingRange on Thread 3369
Took 0ms to process notification-textDocument/didChange on Thread 3366
Took 0ms to process request-5120-textDocument/inlayHint on Thread 3370
Took 0ms to process request-5121-textDocument/semanticTokens/range on Thread 3368
Took 0ms to process request-5122-textDocument/foldingRange on Thread 3369
Took 17ms to process request-5123-textDocument/codeAction on Thread 3367
Took 0ms to process request-5124-textDocument/documentSymbol on Thread 3370
Took 0ms to process notification-textDocument/didChange on Thread 3366
Took 0ms to process request-5125-textDocument/inlayHint on Thread 3369
Took 0ms to process request-5126-textDocument/semanticTokens/range on Thread 3367
Took 0ms to process request-5127-textDocument/foldingRange on Thread 3370
Took 0ms to process notification-textDocument/didChange on Thread 3366
Took 0ms to process request-5128-textDocument/inlayHint on Thread 3369
Took 0ms to process request-5129-textDocument/semanticTokens/range on Thread 3367
Took 0ms to process request-5130-textDocument/foldingRange on Thread 3370
Took 0ms to process notification-textDocument/didChange on Thread 3366
Took 0ms to process request-5131-textDocument/inlayHint on Thread 3369
Took 0ms to process request-5132-textDocument/semanticTokens/range on Thread 3367
Took 0ms to process notification-textDocument/didChange on Thread 3366
Took 0ms to process request-5133-textDocument/inlayHint on Thread 3368
Took 0ms to process request-5134-textDocument/semanticTokens/range on Thread 3369
Took 0ms to process notification-textDocument/didChange on Thread 3366
Took 0ms to process request-5135-textDocument/inlayHint on Thread 3370
Took 0ms to process request-5136-textDocument/semanticTokens/range on Thread 3368
Took 0ms to process request-5137-textDocument/foldingRange on Thread 3369
Took 18ms to process request-5138-textDocument/codeAction on Thread 3367
Took 0ms to process notification-textDocument/didChange on Thread 3366
Took 0ms to process request-5139-textDocument/inlayHint on Thread 3368
Took 0ms to process request-5140-textDocument/semanticTokens/range on Thread 3369
Took 0ms to process request-5141-textDocument/foldingRange on Thread 3367
Took 17ms to process request-5142-textDocument/codeAction on Thread 3370
Took 0ms to process request-5143-textDocument/documentSymbol on Thread 3368
Took 0ms to process notification-textDocument/didChange on Thread 3366
Took 0ms to process request-5144-textDocument/inlayHint on Thread 3367
Took 0ms to process request-5145-textDocument/semanticTokens/range on Thread 3370
Took 0ms to process request-5146-textDocument/foldingRange on Thread 3368
Took 0ms to process request-5147-textDocument/documentSymbol on Thread 3369
Took 0ms to process notification-textDocument/didChange on Thread 3366
Took 0ms to process request-5148-textDocument/inlayHint on Thread 3370
Took 0ms to process request-5149-textDocument/semanticTokens/range on Thread 3368
Took 0ms to process notification-textDocument/didChange on Thread 3366
Took 0ms to process request-5150-textDocument/inlayHint on Thread 3367
Took 0ms to process request-5151-textDocument/semanticTokens/range on Thread 3370
Took 0ms to process request-5152-textDocument/foldingRange on Thread 3368
Took 15ms to process request-5153-textDocument/codeAction on Thread 3369
Took 0ms to process notification-textDocument/didChange on Thread 3366
Took 0ms to process request-5154-textDocument/inlayHint on Thread 3370
Took 0ms to process request-5155-textDocument/semanticTokens/range on Thread 3368
Took 0ms to process request-5156-textDocument/foldingRange on Thread 3369
Took 16ms to process request-5157-textDocument/codeAction on Thread 3367
Took 0ms to process notification-textDocument/didChange on Thread 3366
Took 0ms to process request-5158-textDocument/inlayHint on Thread 3368
Took 0ms to process request-5159-textDocument/semanticTokens/range on Thread 3369
Took 0ms to process request-5160-textDocument/foldingRange on Thread 3367
Took 17ms to process request-5161-textDocument/codeAction on Thread 3370
Took 0ms to process request-5162-textDocument/documentSymbol on Thread 3368
Took 0ms to process request-5163-textDocument/inlayHint on Thread 3369
Took 0ms to process request-5164-textDocument/willSaveWaitUntil on Thread 3367
Took 0ms to process notification-textDocument/didSave on Thread 3366
Took 0ms to process notification-textDocument/didChange on Thread 3366
Took 0ms to process request-5165-textDocument/inlayHint on Thread 3368
Took 0ms to process request-5166-textDocument/semanticTokens/range on Thread 3369
Took 0ms to process request-5167-textDocument/foldingRange on Thread 3367
Took 0ms to process notification-textDocument/didChange on Thread 3366
Took 0ms to process request-5168-textDocument/inlayHint on Thread 3368
Took 0ms to process request-5169-textDocument/semanticTokens/range on Thread 3369
Took 0ms to process notification-textDocument/didChange on Thread 3366
Took 0ms to process request-5170-textDocument/inlayHint on Thread 3370
Took 0ms to process request-5171-textDocument/semanticTokens/range on Thread 3368
Took 0ms to process notification-textDocument/didChange on Thread 3366
Took 0ms to process request-5172-textDocument/inlayHint on Thread 3367
Took 0ms to process request-5173-textDocument/semanticTokens/range on Thread 3370
Took 0ms to process request-5174-textDocument/foldingRange on Thread 3368
Took 18ms to process request-5175-textDocument/codeAction on Thread 3369
Took 0ms to process notification-textDocument/didChange on Thread 3366
Took 0ms to process notification-other on Thread 3370
Took 0ms to process request-5176-textDocument/inlayHint on Thread 3368
Took 0ms to process request-5177-textDocument/semanticTokens/range on Thread 3369
Took 0ms to process request-5178-textDocument/foldingRange on Thread 3370
Took 16ms to process request-5179-textDocument/codeAction on Thread 3367
Took 0ms to process notification-textDocument/didChange on Thread 3366
Took 0ms to process notification-other on Thread 3369
Took 0ms to process request-5180-textDocument/inlayHint on Thread 3370
Took 0ms to process request-5181-textDocument/semanticTokens/range on Thread 3367
Took 0ms to process request-5182-textDocument/foldingRange on Thread 3369
Took 0ms to process notification-textDocument/didChange on Thread 3366
Took 0ms to process request-5183-textDocument/inlayHint on Thread 3370
Took 0ms to process notification-textDocument/didChange on Thread 3366
Took 0ms to process request-5184-textDocument/inlayHint on Thread 3369
Took 0ms to process request-5185-textDocument/semanticTokens/range on Thread 3368
Took 0ms to process notification-textDocument/didChange on Thread 3366
Took 0ms to process request-5186-textDocument/inlayHint on Thread 3367
Took 0ms to process request-5187-textDocument/semanticTokens/range on Thread 3369
Took 0ms to process notification-textDocument/didChange on Thread 3366
Took 0ms to process request-5188-textDocument/inlayHint on Thread 3370
Took 0ms to process request-5189-textDocument/semanticTokens/range on Thread 3367
Took 0ms to process request-5190-textDocument/foldingRange on Thread 3369
Took 0ms to process notification-textDocument/didChange on Thread 3366
Took 0ms to process request-5191-textDocument/inlayHint on Thread 3370
Took 0ms to process request-5192-textDocument/semanticTokens/range on Thread 3367
Took 0ms to process request-5193-textDocument/foldingRange on Thread 3369
Took 17ms to process request-5194-textDocument/codeAction on Thread 3368
Took 0ms to process request-5195-textDocument/documentSymbol on Thread 3370
Took 0ms to process notification-textDocument/didChange on Thread 3366
Took 0ms to process request-5196-textDocument/inlayHint on Thread 3369
Took 0ms to process request-5197-textDocument/semanticTokens/range on Thread 3368
Took 0ms to process request-5198-textDocument/foldingRange on Thread 3370
Took 0ms to process request-5199-textDocument/documentSymbol on Thread 3367
Took 0ms to process notification-textDocument/didChange on Thread 3366
Took 0ms to process request-5200-textDocument/inlayHint on Thread 3368
Took 0ms to process request-5201-textDocument/semanticTokens/range on Thread 3370
Took 0ms to process notification-textDocument/didChange on Thread 3366
Took 0ms to process request-5202-textDocument/inlayHint on Thread 3369
Took 0ms to process request-5203-textDocument/semanticTokens/range on Thread 3368
Took 0ms to process request-5204-textDocument/foldingRange on Thread 3370
Took 17ms to process request-5205-textDocument/codeAction on Thread 3367
Took 0ms to process notification-textDocument/didChange on Thread 3366
Took 0ms to process request-5206-textDocument/inlayHint on Thread 3368
Took 0ms to process notification-textDocument/didChange on Thread 3366
Took 0ms to process request-5207-textDocument/inlayHint on Thread 3367
Took 0ms to process request-5208-textDocument/semanticTokens/range on Thread 3369
Took 0ms to process request-5209-textDocument/foldingRange on Thread 3368
Took 0ms to process notification-textDocument/didChange on Thread 3366
Took 0ms to process request-5210-textDocument/inlayHint on Thread 3367
Took 0ms to process request-5211-textDocument/semanticTokens/range on Thread 3369
Took 0ms to process notification-textDocument/didChange on Thread 3366
Took 0ms to process request-5212-textDocument/inlayHint on Thread 3370
Took 0ms to process request-5213-textDocument/semanticTokens/range on Thread 3367
Took 0ms to process notification-textDocument/didChange on Thread 3366
Took 0ms to process request-5214-textDocument/inlayHint on Thread 3368
Took 0ms to process request-5215-textDocument/semanticTokens/range on Thread 3370
Took 0ms to process request-5216-textDocument/foldingRange on Thread 3367
Took 16ms to process request-5217-textDocument/codeAction on Thread 3369
Took 0ms to process request-5218-textDocument/documentSymbol on Thread 3368
Took 0ms to process notification-textDocument/didChange on Thread 3366
Took 0ms to process request-5219-textDocument/inlayHint on Thread 3367
Took 0ms to process request-5220-textDocument/semanticTokens/range on Thread 3369
Took 0ms to process request-5221-textDocument/foldingRange on Thread 3368
Took 0ms to process request-5222-textDocument/documentSymbol on Thread 3370
Took 0ms to process request-5223-textDocument/inlayHint on Thread 3367
Took 0ms to process request-5224-textDocument/willSaveWaitUntil on Thread 3369
Took 0ms to process notification-textDocument/didSave on Thread 3366
Took 0ms to process notification-textDocument/didChange on Thread 3366
Took 0ms to process request-5225-textDocument/inlayHint on Thread 3370
Took 0ms to process request-5226-textDocument/semanticTokens/range on Thread 3367
Took 0ms to process request-5227-textDocument/foldingRange on Thread 3369
Took 0ms to process notification-textDocument/didChange on Thread 3366
Took 0ms to process request-5228-textDocument/inlayHint on Thread 3370
Took 0ms to process request-5229-textDocument/semanticTokens/range on Thread 3367
Took 0ms to process request-5230-textDocument/foldingRange on Thread 3369
Took 0ms to process notification-textDocument/didChange on Thread 3366
Took 0ms to process request-5231-textDocument/inlayHint on Thread 3370
Took 0ms to process request-5232-textDocument/semanticTokens/range on Thread 3367
Took 0ms to process request-5233-textDocument/foldingRange on Thread 3369
Took 17ms to process request-5234-textDocument/codeAction on Thread 3368
Took 0ms to process request-5235-textDocument/documentSymbol on Thread 3370
Took 0ms to process request-5236-textDocument/inlayHint on Thread 3367
Took 0ms to process notification-textDocument/didChange on Thread 3366
Took 0ms to process request-5237-textDocument/inlayHint on Thread 3368
Took 0ms to process request-5238-textDocument/semanticTokens/range on Thread 3370
Took 0ms to process notification-textDocument/didChange on Thread 3366
Took 0ms to process request-5239-textDocument/inlayHint on Thread 3369
Took 0ms to process request-5240-textDocument/semanticTokens/range on Thread 3368
Took 0ms to process request-5241-textDocument/foldingRange on Thread 3370
Took 17ms to process request-5242-textDocument/codeAction on Thread 3367
Took 0ms to process request-5243-textDocument/documentSymbol on Thread 3369
Took 0ms to process request-5244-textDocument/inlayHint on Thread 3368
Took 0ms to process request-5245-textDocument/willSaveWaitUntil on Thread 3370
Took 0ms to process notification-textDocument/didSave on Thread 3366
Took 0ms to process request-5246-textDocument/hover on Thread 3367
Took 0ms to process request-5247-textDocument/inlayHint on Thread 3369
Took 0ms to process request-5248-textDocument/inlayHint on Thread 3368
Took 0ms to process request-5249-textDocument/inlayHint on Thread 3370
Took 0ms to process request-5250-textDocument/inlayHint on Thread 3367
Took 0ms to process request-5251-textDocument/inlayHint on Thread 3369
Took 0ms to process request-5252-textDocument/semanticTokens/range on Thread 3368
Took 0ms to process request-5253-textDocument/inlayHint on Thread 3370
Took 0ms to process request-5254-textDocument/inlayHint on Thread 3367
Took 0ms to process request-5255-textDocument/inlayHint on Thread 3369
Took 0ms to process request-5256-textDocument/inlayHint on Thread 3368
Took 0ms to process request-5257-textDocument/inlayHint on Thread 3370
Took 0ms to process request-5258-textDocument/semanticTokens/range on Thread 3367
Took 0ms to process request-5259-textDocument/inlayHint on Thread 3369
Took 0ms to process request-5260-textDocument/semanticTokens/range on Thread 3368
Took 0ms to process notification-textDocument/didChange on Thread 3366
Took 0ms to process request-5261-textDocument/inlayHint on Thread 3367
Took 0ms to process request-5262-textDocument/semanticTokens/range on Thread 3369
Took 0ms to process request-5263-textDocument/foldingRange on Thread 3368
Took 0ms to process request-5264-textDocument/documentSymbol on Thread 3370
Took 0ms to process notification-textDocument/didChange on Thread 3366
Took 0ms to process request-5265-textDocument/inlayHint on Thread 3369
Took 0ms to process request-5266-textDocument/semanticTokens/range on Thread 3368
Took 0ms to process request-5267-textDocument/foldingRange on Thread 3370
Took 0ms to process request-5268-textDocument/documentSymbol on Thread 3367
Took 0ms to process request-5269-textDocument/inlayHint on Thread 3369
Took 0ms to process request-5270-textDocument/willSaveWaitUntil on Thread 3368
Took 0ms to process notification-textDocument/didSave on Thread 3366
Took 0ms to process notification-textDocument/didChange on Thread 3366
Took 0ms to process request-5271-textDocument/completion on Thread 3367
Took 0ms to process request-5272-textDocument/inlayHint on Thread 3369
Took 0ms to process request-5273-textDocument/semanticTokens/range on Thread 3368
Took 0ms to process notification-textDocument/didChange on Thread 3366
Took 0ms to process request-5274-textDocument/inlayHint on Thread 3367
Took 0ms to process request-5275-textDocument/semanticTokens/range on Thread 3369
Took 0ms to process notification-textDocument/didChange on Thread 3366
Took 0ms to process request-5276-textDocument/inlayHint on Thread 3370
Took 0ms to process request-5277-textDocument/semanticTokens/range on Thread 3367
Took 0ms to process request-5278-textDocument/foldingRange on Thread 3369
Took 0ms to process request-5279-textDocument/documentSymbol on Thread 3368
Took 0ms to process request-5280-textDocument/inlayHint on Thread 3370
Took 0ms to process notification-textDocument/didChange on Thread 3366
Took 1ms to process request-5281-textDocument/completion on Thread 3369
Took 0ms to process request-5282-textDocument/inlayHint on Thread 3368
Took 0ms to process request-5283-textDocument/semanticTokens/range on Thread 3370
Took 0ms to process notification-textDocument/didChange on Thread 3366
Took 0ms to process request-5284-textDocument/inlayHint on Thread 3369
Took 0ms to process request-5285-textDocument/semanticTokens/range on Thread 3368
Took 0ms to process notification-textDocument/didChange on Thread 3366
Took 0ms to process request-5286-textDocument/inlayHint on Thread 3367
Took 0ms to process request-5287-textDocument/semanticTokens/range on Thread 3369
Took 0ms to process request-5288-textDocument/foldingRange on Thread 3368
Took 0ms to process notification-textDocument/didChange on Thread 3366
Took 0ms to process request-5289-textDocument/inlayHint on Thread 3367
Took 0ms to process request-5290-textDocument/semanticTokens/range on Thread 3369
Took 0ms to process request-5291-textDocument/foldingRange on Thread 3368
Took 0ms to process request-5292-textDocument/codeAction on Thread 3370
Took 0ms to process request-5293-textDocument/documentSymbol on Thread 3367
Took 0ms to process request-5294-textDocument/inlayHint on Thread 3369
Took 0ms to process notification-textDocument/didChange on Thread 3366
Took 0ms to process request-5295-textDocument/inlayHint on Thread 3370
Took 0ms to process request-5296-textDocument/semanticTokens/range on Thread 3367
Took 0ms to process notification-textDocument/didChange on Thread 3366
Took 1ms to process request-5297-textDocument/completion on Thread 3368
Took 0ms to process request-5298-textDocument/inlayHint on Thread 3370
Took 0ms to process request-5299-textDocument/semanticTokens/range on Thread 3367
Took 0ms to process notification-textDocument/didChange on Thread 3366
Took 1ms to process request-5300-textDocument/completion on Thread 3368
Took 0ms to process request-5301-textDocument/inlayHint on Thread 3370
Took 0ms to process request-5302-textDocument/semanticTokens/range on Thread 3367
Took 0ms to process notification-textDocument/didChange on Thread 3366
Took 1ms to process request-5303-textDocument/completion on Thread 3368
Took 0ms to process request-5304-textDocument/inlayHint on Thread 3370
Took 0ms to process request-5305-textDocument/semanticTokens/range on Thread 3367
Took 0ms to process request-5306-textDocument/foldingRange on Thread 3369
Took 0ms to process request-5307-textDocument/codeAction on Thread 3368
Took 0ms to process request-5308-textDocument/documentSymbol on Thread 3370
Took 0ms to process request-5309-textDocument/inlayHint on Thread 3367
Took 0ms to process request-5310-textDocument/willSaveWaitUntil on Thread 3369
Took 0ms to process notification-textDocument/didSave on Thread 3366
Took 0ms to process notification-textDocument/didChange on Thread 3366
Took 1ms to process request-5311-textDocument/completion on Thread 3370
Took 0ms to process request-5312-textDocument/inlayHint on Thread 3367
Took 0ms to process request-5313-textDocument/semanticTokens/range on Thread 3369
Took 0ms to process request-5314-textDocument/foldingRange on Thread 3368
Took 0ms to process request-5315-textDocument/codeAction on Thread 3370
Took 0ms to process request-5316-textDocument/documentSymbol on Thread 3367
Took 0ms to process notification-textDocument/didChange on Thread 3366
Took 1ms to process request-5317-textDocument/completion on Thread 3368
Took 0ms to process request-5318-textDocument/inlayHint on Thread 3370
Took 0ms to process request-5319-textDocument/semanticTokens/range on Thread 3367
Took 0ms to process request-5320-textDocument/foldingRange on Thread 3369
Took 0ms to process notification-textDocument/didChange on Thread 3366
Took 1ms to process request-5321-textDocument/completion on Thread 3370
Took 0ms to process request-5322-textDocument/inlayHint on Thread 3367
Took 0ms to process request-5323-textDocument/semanticTokens/range on Thread 3369
Took 0ms to process request-5324-textDocument/foldingRange on Thread 3368
Took 0ms to process request-5325-textDocument/codeAction on Thread 3370
Took 0ms to process notification-textDocument/didChange on Thread 3366
Took 1ms to process request-5326-textDocument/completion on Thread 3369
Took 0ms to process request-5327-textDocument/inlayHint on Thread 3368
Took 0ms to process request-5328-textDocument/semanticTokens/range on Thread 3370
Took 0ms to process request-5329-textDocument/foldingRange on Thread 3367
Took 0ms to process request-5330-textDocument/codeAction on Thread 3369
Took 0ms to process notification-textDocument/didChange on Thread 3366
Took 1ms to process request-5331-textDocument/completion on Thread 3370
Took 0ms to process request-5332-textDocument/inlayHint on Thread 3367
Took 0ms to process request-5333-textDocument/semanticTokens/range on Thread 3369
Took 0ms to process request-5334-textDocument/foldingRange on Thread 3368
Took 0ms to process request-5335-textDocument/codeAction on Thread 3370
Took 0ms to process request-5336-textDocument/documentSymbol on Thread 3367
Took 0ms to process request-5337-textDocument/inlayHint on Thread 3369
Took 0ms to process request-5338-textDocument/willSaveWaitUntil on Thread 3368
Took 0ms to process notification-textDocument/didSave on Thread 3366
Took 0ms to process notification-textDocument/didChange on Thread 3366
Took 0ms to process request-5339-textDocument/inlayHint on Thread 3367
Took 0ms to process request-5340-textDocument/semanticTokens/range on Thread 3369
Took 0ms to process request-5341-textDocument/signatureHelp on Thread 3368
Took 0ms to process request-5342-textDocument/foldingRange on Thread 3370
Took 0ms to process request-5343-textDocument/codeAction on Thread 3367
Took 0ms to process request-5344-textDocument/documentSymbol on Thread 3369
Took 0ms to process request-5345-textDocument/inlayHint on Thread 3368
Took 0ms to process request-5346-textDocument/willSaveWaitUntil on Thread 3370
Took 0ms to process notification-textDocument/didSave on Thread 3366
Took 0ms to process request-5347-textDocument/codeAction on Thread 3367
Took 0ms to process notification-textDocument/didChange on Thread 3366
Took 0ms to process request-5348-textDocument/inlayHint on Thread 3368
Took 0ms to process request-5349-textDocument/semanticTokens/range on Thread 3370
Took 0ms to process request-5350-textDocument/foldingRange on Thread 3367
Took 0ms to process request-5351-textDocument/documentSymbol on Thread 3369
Took 0ms to process notification-textDocument/didChange on Thread 3366
Took 1ms to process request-5352-textDocument/completion on Thread 3370
Took 0ms to process request-5353-textDocument/inlayHint on Thread 3367
Took 0ms to process request-5354-textDocument/semanticTokens/range on Thread 3369
Took 0ms to process request-5355-textDocument/foldingRange on Thread 3368
Took 0ms to process request-5356-textDocument/codeAction on Thread 3370
Took 0ms to process notification-textDocument/didChange on Thread 3366
Took 0ms to process request-5357-textDocument/inlayHint on Thread 3369
Took 0ms to process request-5358-textDocument/semanticTokens/range on Thread 3368
Took 0ms to process notification-textDocument/didChange on Thread 3366
Took 0ms to process request-5359-textDocument/inlayHint on Thread 3367
Took 0ms to process request-5360-textDocument/semanticTokens/range on Thread 3369
Took 0ms to process notification-textDocument/didChange on Thread 3366
Took 0ms to process request-5361-textDocument/inlayHint on Thread 3370
Took 0ms to process request-5362-textDocument/semanticTokens/range on Thread 3367
Took 0ms to process request-5363-textDocument/foldingRange on Thread 3369
Took 0ms to process request-5364-textDocument/codeAction on Thread 3368
Took 0ms to process request-5365-textDocument/documentSymbol on Thread 3370
Took 0ms to process notification-textDocument/didChange on Thread 3366
Took 0ms to process request-5366-textDocument/inlayHint on Thread 3369
Took 0ms to process request-5367-textDocument/semanticTokens/range on Thread 3368
Took 0ms to process request-5368-textDocument/foldingRange on Thread 3370
Took 0ms to process notification-textDocument/didChange on Thread 3366
Took 0ms to process request-5369-textDocument/inlayHint on Thread 3369
Took 0ms to process request-5370-textDocument/semanticTokens/range on Thread 3368
Took 0ms to process request-5371-textDocument/foldingRange on Thread 3370
Took 17ms to process request-5372-textDocument/codeAction on Thread 3367
Took 0ms to process request-5373-textDocument/documentSymbol on Thread 3369
Took 0ms to process request-5374-textDocument/inlayHint on Thread 3368
Took 17ms to process request-5375-textDocument/codeAction on Thread 3370
Took 0ms to process request-5376-textDocument/willSaveWaitUntil on Thread 3367
Took 0ms to process notification-textDocument/didSave on Thread 3366
Took 0ms to process request-5377-textDocument/documentHighlight on Thread 3369
Took 18ms to process request-5378-textDocument/codeAction on Thread 3368
Took 17ms to process request-5379-textDocument/codeAction on Thread 3370
Took 13ms to process request-5380-textDocument/codeAction on Thread 3367
Took 17ms to process request-5381-textDocument/codeAction on Thread 3369
Took 17ms to process request-5382-textDocument/codeAction on Thread 3368
Took 0ms to process notification-textDocument/didChange on Thread 3366
Took 0ms to process request-5383-textDocument/inlayHint on Thread 3367
Took 0ms to process request-5384-textDocument/semanticTokens/range on Thread 3369
Took 0ms to process request-5385-textDocument/foldingRange on Thread 3368
Took 0ms to process request-5386-textDocument/documentSymbol on Thread 3370
Took 0ms to process request-5387-textDocument/inlayHint on Thread 3367
Took 0ms to process request-5388-textDocument/willSaveWaitUntil on Thread 3369
Took 0ms to process notification-textDocument/didSave on Thread 3366
Took 0ms to process request-5389-textDocument/hover on Thread 3368
Took 0ms to process request-5390-textDocument/inlayHint on Thread 3370
Took 0ms to process request-5391-textDocument/inlayHint on Thread 3367
Took 0ms to process request-5392-textDocument/semanticTokens/range on Thread 3369
Took 0ms to process request-5393-textDocument/inlayHint on Thread 3368
Took 0ms to process request-5394-textDocument/semanticTokens/range on Thread 3370
Took 0ms to process request-5395-textDocument/inlayHint on Thread 3367
Took 0ms to process request-5396-textDocument/inlayHint on Thread 3369
Took 0ms to process request-5397-textDocument/inlayHint on Thread 3368
Took 0ms to process request-5398-textDocument/semanticTokens/range on Thread 3370
Took 0ms to process request-5399-textDocument/inlayHint on Thread 3367
Took 0ms to process request-5400-textDocument/inlayHint on Thread 3369
Took 0ms to process request-5401-textDocument/inlayHint on Thread 3368
Took 0ms to process request-5402-textDocument/inlayHint on Thread 3370
Took 0ms to process request-5403-textDocument/semanticTokens/range on Thread 3367
Took 0ms to process request-5404-textDocument/inlayHint on Thread 3369
Took 0ms to process request-5405-textDocument/semanticTokens/range on Thread 3368
Took 0ms to process request-5406-textDocument/inlayHint on Thread 3370
Took 0ms to process request-5407-textDocument/inlayHint on Thread 3367
Took 0ms to process request-5408-textDocument/semanticTokens/range on Thread 3369
Took 0ms to process request-5409-textDocument/inlayHint on Thread 3368
Took 0ms to process request-5410-textDocument/inlayHint on Thread 3370
Took 0ms to process request-5411-textDocument/inlayHint on Thread 3367
Took 0ms to process request-5412-textDocument/inlayHint on Thread 3369
Took 0ms to process request-5413-textDocument/inlayHint on Thread 3368
Took 0ms to process request-5414-textDocument/semanticTokens/range on Thread 3370
Took 0ms to process request-5415-textDocument/inlayHint on Thread 3367
Took 0ms to process request-5416-textDocument/semanticTokens/range on Thread 3369
Took 0ms to process request-5417-textDocument/inlayHint on Thread 3368
Took 0ms to process request-5418-textDocument/inlayHint on Thread 3370
Took 0ms to process request-5419-textDocument/inlayHint on Thread 3367
Took 0ms to process request-5420-textDocument/semanticTokens/range on Thread 3369
Took 0ms to process request-5421-textDocument/inlayHint on Thread 3368
Took 0ms to process request-5422-textDocument/inlayHint on Thread 3370
Took 0ms to process request-5423-textDocument/semanticTokens/range on Thread 3367
Took 0ms to process request-5424-textDocument/inlayHint on Thread 3369
Took 0ms to process request-5425-textDocument/semanticTokens/range on Thread 3368
Took 0ms to process request-5426-textDocument/inlayHint on Thread 3370
Took 0ms to process request-5427-textDocument/inlayHint on Thread 3367
Took 0ms to process request-5428-textDocument/inlayHint on Thread 3369
Took 0ms to process request-5429-textDocument/inlayHint on Thread 3368
Took 0ms to process request-5430-textDocument/inlayHint on Thread 3370
Took 0ms to process request-5431-textDocument/inlayHint on Thread 3367
Took 0ms to process request-5432-textDocument/semanticTokens/range on Thread 3369
Took 0ms to process request-5433-textDocument/inlayHint on Thread 3368
Took 0ms to process request-5434-textDocument/semanticTokens/range on Thread 3370
Took 0ms to process request-5435-textDocument/inlayHint on Thread 3367
Took 0ms to process request-5436-textDocument/inlayHint on Thread 3369
Took 0ms to process request-5437-textDocument/semanticTokens/range on Thread 3368
Took 0ms to process request-5438-textDocument/inlayHint on Thread 3370
Took 0ms to process request-5439-textDocument/inlayHint on Thread 3367
Took 0ms to process request-5440-textDocument/inlayHint on Thread 3369
Took 0ms to process request-5441-textDocument/inlayHint on Thread 3368
Took 0ms to process request-5442-textDocument/inlayHint on Thread 3370
Took 0ms to process request-5443-textDocument/semanticTokens/range on Thread 3367
Took 0ms to process request-5444-textDocument/inlayHint on Thread 3369
Took 0ms to process request-5445-textDocument/semanticTokens/range on Thread 3368
Took 0ms to process request-5446-textDocument/inlayHint on Thread 3370
Took 0ms to process request-5447-textDocument/semanticTokens/range on Thread 3367
Took 0ms to process request-5448-textDocument/inlayHint on Thread 3369
Took 0ms to process request-5449-textDocument/inlayHint on Thread 3368
Took 0ms to process request-5450-textDocument/inlayHint on Thread 3370
Took 0ms to process request-5451-textDocument/inlayHint on Thread 3367
Took 0ms to process request-5452-textDocument/inlayHint on Thread 3369
Took 0ms to process request-5453-textDocument/semanticTokens/range on Thread 3368
Took 0ms to process request-5454-textDocument/inlayHint on Thread 3370
Took 0ms to process request-5455-textDocument/semanticTokens/range on Thread 3367
Took 0ms to process request-5456-textDocument/inlayHint on Thread 3369
Took 0ms to process request-5457-textDocument/inlayHint on Thread 3368
Took 0ms to process request-5458-textDocument/semanticTokens/range on Thread 3370
Took 0ms to process request-5459-textDocument/inlayHint on Thread 3367
Took 0ms to process request-5460-textDocument/inlayHint on Thread 3369
Took 0ms to process request-5461-textDocument/inlayHint on Thread 3368
Took 0ms to process request-5462-textDocument/inlayHint on Thread 3370
Took 0ms to process request-5463-textDocument/inlayHint on Thread 3367
Took 0ms to process request-5464-textDocument/inlayHint on Thread 3369
Took 0ms to process request-5465-textDocument/semanticTokens/range on Thread 3368
Took 0ms to process notification-textDocument/didChange on Thread 3366
Took 1ms to process request-5466-textDocument/completion on Thread 3367
Took 0ms to process request-5467-textDocument/inlayHint on Thread 3369
Took 0ms to process request-5468-textDocument/semanticTokens/range on Thread 3368
Took 0ms to process request-5469-textDocument/foldingRange on Thread 3370
Took 0ms to process request-5470-textDocument/codeAction on Thread 3367
Took 0ms to process notification-textDocument/didChange on Thread 3366
Took 0ms to process request-5471-textDocument/inlayHint on Thread 3368
Took 0ms to process request-5472-textDocument/semanticTokens/range on Thread 3370
Took 0ms to process request-5473-textDocument/foldingRange on Thread 3367
Took 0ms to process request-5474-textDocument/codeAction on Thread 3369
Took 0ms to process request-5475-textDocument/documentSymbol on Thread 3368
Took 0ms to process request-5476-textDocument/inlayHint on Thread 3370
Took 0ms to process request-5477-textDocument/willSaveWaitUntil on Thread 3367
Took 0ms to process notification-textDocument/didSave on Thread 3366
Took 0ms to process notification-textDocument/didChange on Thread 3366
Took 0ms to process request-5478-textDocument/inlayHint on Thread 3368
Took 0ms to process request-5479-textDocument/semanticTokens/range on Thread 3370
Took 0ms to process request-5480-textDocument/foldingRange on Thread 3367
Took 0ms to process request-5481-textDocument/codeAction on Thread 3369
Took 0ms to process request-5482-textDocument/documentSymbol on Thread 3368
Took 0ms to process notification-textDocument/didChange on Thread 3366
Took 0ms to process request-5483-textDocument/inlayHint on Thread 3367
Took 0ms to process request-5484-textDocument/semanticTokens/range on Thread 3369
Took 0ms to process request-5485-textDocument/foldingRange on Thread 3368
Took 0ms to process request-5486-textDocument/documentSymbol on Thread 3370
Took 0ms to process request-5487-textDocument/inlayHint on Thread 3367
Took 0ms to process request-5488-textDocument/willSaveWaitUntil on Thread 3369
Took 0ms to process notification-textDocument/didSave on Thread 3366
Took 0ms to process notification-textDocument/didChange on Thread 3366
Took 1ms to process request-5489-textDocument/completion on Thread 3370
Took 0ms to process request-5490-textDocument/inlayHint on Thread 3367
Took 0ms to process notification-textDocument/didChange on Thread 3366
Took 0ms to process request-5491-textDocument/inlayHint on Thread 3368
Took 0ms to process request-5492-textDocument/semanticTokens/range on Thread 3370
Took 0ms to process request-5493-textDocument/foldingRange on Thread 3367
Took 0ms to process request-5494-textDocument/codeAction on Thread 3369
Took 0ms to process request-5495-textDocument/documentSymbol on Thread 3368
Took 0ms to process request-5496-textDocument/inlayHint on Thread 3370
Took 0ms to process request-5497-textDocument/willSaveWaitUntil on Thread 3367
Took 0ms to process notification-textDocument/didSave on Thread 3366
Took 0ms to process notification-textDocument/didChange on Thread 3366
Took 0ms to process request-5498-textDocument/inlayHint on Thread 3368
Took 0ms to process request-5499-textDocument/semanticTokens/range on Thread 3370
Took 0ms to process request-5500-textDocument/foldingRange on Thread 3367
Took 17ms to process request-5501-textDocument/codeAction on Thread 3369
Took 0ms to process request-5502-textDocument/documentSymbol on Thread 3368
Took 0ms to process request-5503-textDocument/inlayHint on Thread 3370
Took 0ms to process request-5504-textDocument/willSaveWaitUntil on Thread 3367
Took 0ms to process notification-textDocument/didSave on Thread 3366
Took 0ms to process notification-textDocument/didChange on Thread 3366
Took 0ms to process request-5505-textDocument/inlayHint on Thread 3368
Took 0ms to process request-5506-textDocument/semanticTokens/range on Thread 3370
Took 0ms to process request-5507-textDocument/foldingRange on Thread 3367
Took 17ms to process request-5508-textDocument/codeAction on Thread 3369
Took 0ms to process request-5509-textDocument/documentSymbol on Thread 3368
Took 0ms to process notification-textDocument/didChange on Thread 3366
Took 0ms to process request-5510-textDocument/inlayHint on Thread 3367
Took 0ms to process request-5511-textDocument/semanticTokens/range on Thread 3369
Took 0ms to process notification-textDocument/didChange on Thread 3366
Took 0ms to process request-5512-textDocument/inlayHint on Thread 3370
Took 0ms to process request-5513-textDocument/semanticTokens/range on Thread 3367
Took 0ms to process notification-textDocument/didChange on Thread 3366
Took 0ms to process request-5514-textDocument/inlayHint on Thread 3368
Took 0ms to process request-5515-textDocument/semanticTokens/range on Thread 3370
Took 0ms to process notification-textDocument/didChange on Thread 3366
Took 0ms to process request-5516-textDocument/inlayHint on Thread 3369
Took 0ms to process notification-textDocument/didChange on Thread 3366
Took 0ms to process request-5517-textDocument/inlayHint on Thread 3370
Took 0ms to process request-5518-textDocument/semanticTokens/range on Thread 3367
Took 0ms to process notification-textDocument/didChange on Thread 3366
Took 0ms to process request-5519-textDocument/inlayHint on Thread 3368
Took 0ms to process notification-textDocument/didChange on Thread 3366
Took 0ms to process request-5520-textDocument/inlayHint on Thread 3367
Took 0ms to process request-5521-textDocument/semanticTokens/range on Thread 3369
Took 0ms to process request-5522-textDocument/foldingRange on Thread 3368
Took 17ms to process request-5523-textDocument/codeAction on Thread 3370
Took 0ms to process request-5524-textDocument/documentSymbol on Thread 3367
Took 0ms to process request-5525-textDocument/inlayHint on Thread 3369
Took 0ms to process request-5526-textDocument/willSaveWaitUntil on Thread 3368
Took 0ms to process notification-textDocument/didSave on Thread 3366
Took 0ms to process notification-textDocument/didChange on Thread 3366
Took 0ms to process request-5527-textDocument/inlayHint on Thread 3367
Took 0ms to process request-5528-textDocument/semanticTokens/range on Thread 3369
Took 0ms to process request-5529-textDocument/foldingRange on Thread 3368
Took 17ms to process request-5530-textDocument/codeAction on Thread 3370
Took 0ms to process request-5531-textDocument/documentSymbol on Thread 3367
Took 0ms to process notification-textDocument/didChange on Thread 3366
Took 0ms to process request-5532-textDocument/inlayHint on Thread 3368
Took 0ms to process request-5533-textDocument/semanticTokens/range on Thread 3370
Took 0ms to process request-5534-textDocument/foldingRange on Thread 3367
Took 17ms to process request-5535-textDocument/codeAction on Thread 3369
Took 0ms to process notification-textDocument/didChange on Thread 3366
Took 0ms to process request-5536-textDocument/inlayHint on Thread 3370
Took 0ms to process request-5537-textDocument/semanticTokens/range on Thread 3367
Took 0ms to process notification-textDocument/didChange on Thread 3366
Took 0ms to process request-5538-textDocument/inlayHint on Thread 3368
Took 0ms to process request-5539-textDocument/semanticTokens/range on Thread 3370
Took 0ms to process request-5540-textDocument/foldingRange on Thread 3367
Took 18ms to process request-5541-textDocument/codeAction on Thread 3369
Took 0ms to process notification-textDocument/didChange on Thread 3366
Took 0ms to process notification-other on Thread 3368
Took 0ms to process request-5542-textDocument/inlayHint on Thread 3367
Took 0ms to process notification-textDocument/didChange on Thread 3366
Took 0ms to process request-5543-textDocument/inlayHint on Thread 3368
Took 0ms to process request-5544-textDocument/semanticTokens/range on Thread 3370
Took 0ms to process request-5545-textDocument/foldingRange on Thread 3367
Took 17ms to process request-5546-textDocument/codeAction on Thread 3369
Took 0ms to process request-5547-textDocument/documentSymbol on Thread 3368
Took 0ms to process request-5548-textDocument/inlayHint on Thread 3370
Took 0ms to process request-5549-textDocument/documentHighlight on Thread 3367
Took 0ms to process request-5550-textDocument/willSaveWaitUntil on Thread 3369
Took 0ms to process notification-textDocument/didSave on Thread 3366
Took 17ms to process request-5551-textDocument/codeAction on Thread 3368
Took 0ms to process notification-textDocument/didChange on Thread 3366
Took 0ms to process request-5552-textDocument/inlayHint on Thread 3367
Took 0ms to process request-5553-textDocument/semanticTokens/range on Thread 3369
Took 0ms to process request-5554-textDocument/foldingRange on Thread 3368
Took 0ms to process notification-textDocument/didChange on Thread 3366
Took 0ms to process request-5555-textDocument/inlayHint on Thread 3367
Took 0ms to process request-5556-textDocument/semanticTokens/range on Thread 3369
Took 0ms to process request-5557-textDocument/foldingRange on Thread 3368
Took 17ms to process request-5558-textDocument/codeAction on Thread 3370
Took 0ms to process request-5559-textDocument/documentSymbol on Thread 3367
Took 0ms to process request-5560-textDocument/documentHighlight on Thread 3369
Took 17ms to process request-5561-textDocument/codeAction on Thread 3368
Took 0ms to process request-5562-textDocument/inlayHint on Thread 3370
Took 0ms to process request-5563-textDocument/willSaveWaitUntil on Thread 3367
Took 0ms to process notification-textDocument/didSave on Thread 3366
Took 17ms to process request-5564-textDocument/codeAction on Thread 3369
Took 0ms to process notification-textDocument/didChange on Thread 3366
Took 0ms to process request-5565-textDocument/inlayHint on Thread 3370
Took 0ms to process request-5566-textDocument/semanticTokens/range on Thread 3367
Took 0ms to process notification-textDocument/didChange on Thread 3366
Took 0ms to process request-5567-textDocument/inlayHint on Thread 3368
Took 0ms to process request-5568-textDocument/semanticTokens/range on Thread 3370
Took 0ms to process request-5569-textDocument/foldingRange on Thread 3367
Took 17ms to process request-5570-textDocument/codeAction on Thread 3369
Took 0ms to process request-5571-textDocument/documentSymbol on Thread 3368
Took 0ms to process request-5572-textDocument/inlayHint on Thread 3370
Took 0ms to process request-5573-textDocument/willSaveWaitUntil on Thread 3367
Took 0ms to process notification-textDocument/didSave on Thread 3366
Took 17ms to process request-5574-textDocument/codeAction on Thread 3369
Took 0ms to process notification-textDocument/didChange on Thread 3366
Took 1ms to process request-5575-textDocument/inlayHint on Thread 3370
Took 0ms to process request-5576-textDocument/semanticTokens/range on Thread 3367
Took 0ms to process request-5577-textDocument/foldingRange on Thread 3369
Took 17ms to process request-5578-textDocument/codeAction on Thread 3368
Took 0ms to process request-5579-textDocument/documentSymbol on Thread 3370
Took 0ms to process request-5580-textDocument/inlayHint on Thread 3367
Took 0ms to process request-5581-textDocument/willSaveWaitUntil on Thread 3369
Took 0ms to process notification-textDocument/didSave on Thread 3366
Took 0ms to process notification-textDocument/didChange on Thread 3366
Took 0ms to process request-5582-textDocument/inlayHint on Thread 3370
Took 0ms to process request-5583-textDocument/semanticTokens/range on Thread 3367
Took 0ms to process request-5584-textDocument/foldingRange on Thread 3369
Took 17ms to process request-5585-textDocument/codeAction on Thread 3368
Took 0ms to process request-5586-textDocument/documentSymbol on Thread 3370
Took 17ms to process request-5587-textDocument/codeAction on Thread 3367
Took 0ms to process request-5588-textDocument/inlayHint on Thread 3369
Took 0ms to process request-5589-textDocument/willSaveWaitUntil on Thread 3368
Took 0ms to process notification-textDocument/didSave on Thread 3366
Took 17ms to process request-5590-textDocument/codeAction on Thread 3370
Took 0ms to process notification-textDocument/didChange on Thread 3366
Took 0ms to process request-5591-textDocument/inlayHint on Thread 3369
Took 0ms to process request-5592-textDocument/semanticTokens/range on Thread 3368
Took 0ms to process request-5593-textDocument/foldingRange on Thread 3370
Took 0ms to process request-5594-textDocument/documentSymbol on Thread 3367
Took 0ms to process request-5595-textDocument/inlayHint on Thread 3369
Took 0ms to process request-5596-textDocument/willSaveWaitUntil on Thread 3368
Took 0ms to process notification-textDocument/didSave on Thread 3366
Took 0ms to process notification-textDocument/didChange on Thread 3366
Took 1ms to process request-5597-textDocument/completion on Thread 3367
Took 0ms to process request-5598-textDocument/inlayHint on Thread 3369
Took 0ms to process request-5599-textDocument/semanticTokens/range on Thread 3368
Took 0ms to process notification-textDocument/didChange on Thread 3366
Took 0ms to process request-5600-textDocument/inlayHint on Thread 3367
Took 0ms to process request-5601-textDocument/semanticTokens/range on Thread 3369
Took 0ms to process notification-textDocument/didChange on Thread 3366
Took 0ms to process request-5602-textDocument/inlayHint on Thread 3370
Took 0ms to process request-5603-textDocument/semanticTokens/range on Thread 3367
Took 0ms to process request-5604-textDocument/foldingRange on Thread 3369
Took 0ms to process request-5605-textDocument/codeAction on Thread 3368
Took 0ms to process request-5606-textDocument/documentSymbol on Thread 3370
Took 0ms to process request-5607-textDocument/inlayHint on Thread 3367
Took 0ms to process notification-textDocument/didChange on Thread 3366
Took 0ms to process request-5608-textDocument/inlayHint on Thread 3368
Took 0ms to process request-5609-textDocument/semanticTokens/range on Thread 3370
Took 0ms to process request-5610-textDocument/foldingRange on Thread 3367
Took 17ms to process request-5611-textDocument/codeAction on Thread 3369
Took 0ms to process request-5612-textDocument/documentSymbol on Thread 3368
Took 0ms to process request-5613-textDocument/inlayHint on Thread 3370
Took 0ms to process request-5614-textDocument/willSaveWaitUntil on Thread 3367
Took 0ms to process notification-textDocument/didSave on Thread 3366
Took 0ms to process notification-textDocument/didChange on Thread 3366
Took 0ms to process request-5615-textDocument/inlayHint on Thread 3368
Took 0ms to process request-5616-textDocument/semanticTokens/range on Thread 3370
Took 0ms to process request-5617-textDocument/foldingRange on Thread 3367
Took 17ms to process request-5618-textDocument/codeAction on Thread 3369
Took 0ms to process request-5619-textDocument/documentSymbol on Thread 3368
Took 0ms to process request-5620-textDocument/inlayHint on Thread 3370
Took 0ms to process request-5621-textDocument/willSaveWaitUntil on Thread 3367
Took 0ms to process notification-textDocument/didSave on Thread 3366
Took 17ms to process request-5622-textDocument/codeAction on Thread 3369
Took 0ms to process notification-textDocument/didChange on Thread 3366
Took 2ms to process request-5623-textDocument/completion on Thread 3370
Took 0ms to process request-5624-textDocument/inlayHint on Thread 3367
Took 0ms to process request-5625-textDocument/semanticTokens/range on Thread 3369
Took 0ms to process request-5626-textDocument/foldingRange on Thread 3368
Took 0ms to process request-5627-textDocument/codeAction on Thread 3370
Took 0ms to process request-5628-textDocument/documentSymbol on Thread 3367
Took 0ms to process request-5629-textDocument/inlayHint on Thread 3369
Took 0ms to process request-5630-textDocument/willSaveWaitUntil on Thread 3368
Took 0ms to process notification-textDocument/didSave on Thread 3366
Took 0ms to process notification-textDocument/didChange on Thread 3366
Took 0ms to process request-5631-textDocument/inlayHint on Thread 3367
Took 0ms to process request-5632-textDocument/semanticTokens/range on Thread 3369
Took 0ms to process request-5633-textDocument/foldingRange on Thread 3368
Took 0ms to process request-5634-textDocument/codeAction on Thread 3370
Took 0ms to process notification-textDocument/didChange on Thread 3366
Took 0ms to process request-5635-textDocument/inlayHint on Thread 3369
Took 0ms to process request-5636-textDocument/semanticTokens/range on Thread 3368
Took 0ms to process request-5637-textDocument/foldingRange on Thread 3370
Took 0ms to process request-5638-textDocument/codeAction on Thread 3367
Took 0ms to process request-5639-textDocument/documentSymbol on Thread 3369
Took 0ms to process request-5640-textDocument/inlayHint on Thread 3368
Took 0ms to process request-5641-textDocument/willSaveWaitUntil on Thread 3370
Took 0ms to process notification-textDocument/didSave on Thread 3366
Took 0ms to process request-5642-textDocument/documentHighlight on Thread 3367
Took 0ms to process notification-textDocument/didChange on Thread 3366
Took 0ms to process request-5643-textDocument/inlayHint on Thread 3368
Took 0ms to process request-5644-textDocument/semanticTokens/range on Thread 3370
Took 0ms to process request-5645-textDocument/foldingRange on Thread 3367
Took 0ms to process request-5646-textDocument/codeAction on Thread 3369
Took 0ms to process request-5647-textDocument/documentSymbol on Thread 3368
Took 0ms to process notification-textDocument/didChange on Thread 3366
Took 0ms to process request-5648-textDocument/inlayHint on Thread 3367
Took 0ms to process request-5649-textDocument/semanticTokens/range on Thread 3369
Took 0ms to process request-5650-textDocument/foldingRange on Thread 3368
Took 0ms to process request-5651-textDocument/codeAction on Thread 3370
Took 0ms to process request-5652-textDocument/documentSymbol on Thread 3367
Took 0ms to process request-5653-textDocument/inlayHint on Thread 3369
Took 0ms to process request-5654-textDocument/willSaveWaitUntil on Thread 3368
Took 0ms to process notification-textDocument/didSave on Thread 3366
Took 0ms to process notification-textDocument/didChange on Thread 3366
Took 3ms to process request-5655-textDocument/completion on Thread 3367
Took 0ms to process request-5656-textDocument/inlayHint on Thread 3369
Took 0ms to process request-5657-textDocument/semanticTokens/range on Thread 3368
Took 0ms to process request-5658-textDocument/foldingRange on Thread 3370
Took 0ms to process request-5659-textDocument/codeAction on Thread 3367
Took 0ms to process notification-textDocument/didChange on Thread 3366
Took 0ms to process request-5660-textDocument/inlayHint on Thread 3368
Took 0ms to process request-5661-textDocument/semanticTokens/range on Thread 3370
Took 0ms to process request-5662-textDocument/foldingRange on Thread 3367
Took 0ms to process request-5663-textDocument/codeAction on Thread 3369
Took 0ms to process notification-textDocument/didChange on Thread 3366
Took 0ms to process request-5664-textDocument/inlayHint on Thread 3370
Took 0ms to process request-5665-textDocument/semanticTokens/range on Thread 3367
Took 0ms to process request-5666-textDocument/foldingRange on Thread 3369
Took 0ms to process request-5667-textDocument/codeAction on Thread 3368
Took 0ms to process request-5668-textDocument/documentSymbol on Thread 3370
Took 0ms to process request-5669-textDocument/inlayHint on Thread 3367
Took 0ms to process request-5670-textDocument/willSaveWaitUntil on Thread 3369
Took 0ms to process notification-textDocument/didSave on Thread 3366
Took 0ms to process notification-textDocument/didChange on Thread 3366
Took 0ms to process request-5671-textDocument/inlayHint on Thread 3370
Took 0ms to process request-5672-textDocument/semanticTokens/range on Thread 3367
Took 0ms to process request-5673-textDocument/foldingRange on Thread 3369
Took 0ms to process request-5674-textDocument/codeAction on Thread 3368
Took 0ms to process request-5675-textDocument/documentSymbol on Thread 3370
Took 0ms to process request-5676-textDocument/inlayHint on Thread 3367
Took 0ms to process request-5677-textDocument/willSaveWaitUntil on Thread 3369
Took 0ms to process notification-textDocument/didSave on Thread 3366
Took 0ms to process notification-textDocument/didChange on Thread 3366
Took 0ms to process request-5678-textDocument/inlayHint on Thread 3370
Took 0ms to process request-5679-textDocument/semanticTokens/range on Thread 3367
Took 0ms to process request-5680-textDocument/foldingRange on Thread 3369
Took 17ms to process request-5681-textDocument/codeAction on Thread 3368
Took 0ms to process request-5682-textDocument/documentSymbol on Thread 3370
Took 0ms to process request-5683-textDocument/inlayHint on Thread 3367
Took 0ms to process request-5684-textDocument/willSaveWaitUntil on Thread 3369
Took 0ms to process notification-textDocument/didSave on Thread 3366
Took 0ms to process request-5685-textDocument/inlayHint on Thread 3368
Took 0ms to process request-5686-textDocument/inlayHint on Thread 3370
Took 0ms to process request-5687-textDocument/inlayHint on Thread 3367
Took 0ms to process request-5688-textDocument/semanticTokens/range on Thread 3369
Took 0ms to process request-5689-textDocument/inlayHint on Thread 3368
Took 0ms to process request-5690-textDocument/semanticTokens/range on Thread 3370
Took 0ms to process request-5691-textDocument/inlayHint on Thread 3367
Took 0ms to process request-5692-textDocument/semanticTokens/range on Thread 3369
Took 0ms to process request-5693-textDocument/inlayHint on Thread 3368
Took 0ms to process request-5694-textDocument/semanticTokens/range on Thread 3370
Took 0ms to process request-5695-textDocument/inlayHint on Thread 3367
Took 0ms to process request-5696-textDocument/inlayHint on Thread 3369
Took 0ms to process request-5697-textDocument/inlayHint on Thread 3368
Took 0ms to process request-5698-textDocument/inlayHint on Thread 3370
Took 0ms to process request-5699-textDocument/semanticTokens/range on Thread 3367
Took 0ms to process notification-textDocument/didChange on Thread 3366
Took 1ms to process request-5700-textDocument/completion on Thread 3368
Took 0ms to process request-5701-textDocument/inlayHint on Thread 3370
Took 0ms to process request-5702-textDocument/semanticTokens/range on Thread 3367
Took 0ms to process notification-textDocument/didChange on Thread 3366
Took 0ms to process request-5703-textDocument/inlayHint on Thread 3368
Took 0ms to process request-5704-textDocument/semanticTokens/range on Thread 3370
Took 0ms to process request-5705-textDocument/foldingRange on Thread 3367
Took 23ms to process request-5706-textDocument/codeAction on Thread 3369
Took 0ms to process request-5707-textDocument/documentSymbol on Thread 3368
Took 0ms to process notification-textDocument/didChange on Thread 3366
Took 0ms to process request-5708-textDocument/inlayHint on Thread 3367
Took 0ms to process request-5709-textDocument/semanticTokens/range on Thread 3369
Took 0ms to process request-5710-textDocument/foldingRange on Thread 3368
Took 17ms to process request-5711-textDocument/codeAction on Thread 3370
Took 0ms to process request-5712-textDocument/documentSymbol on Thread 3367
Took 0ms to process request-5713-textDocument/inlayHint on Thread 3369
Took 0ms to process request-5714-textDocument/willSaveWaitUntil on Thread 3368
Took 0ms to process notification-textDocument/didSave on Thread 3366
Took 0ms to process notification-textDocument/didChange on Thread 3366
Took 0ms to process request-5715-textDocument/inlayHint on Thread 3367
Took 0ms to process request-5716-textDocument/semanticTokens/range on Thread 3369
Took 0ms to process request-5717-textDocument/foldingRange on Thread 3368
Took 12ms to process request-5718-textDocument/codeAction on Thread 3370
Took 0ms to process request-5719-textDocument/documentSymbol on Thread 3367
Took 0ms to process request-5720-textDocument/inlayHint on Thread 3369
Took 0ms to process request-5721-textDocument/willSaveWaitUntil on Thread 3368
Took 0ms to process notification-textDocument/didSave on Thread 3366
Took 0ms to process request-5722-textDocument/documentHighlight on Thread 3370
Took 0ms to process notification-textDocument/didChange on Thread 3366
Took 1ms to process request-5723-textDocument/completion on Thread 3369
Took 0ms to process request-5724-textDocument/inlayHint on Thread 3368
Took 0ms to process request-5725-textDocument/semanticTokens/range on Thread 3370
Took 0ms to process request-5726-textDocument/foldingRange on Thread 3367
Took 17ms to process request-5727-textDocument/codeAction on Thread 3369
Took 0ms to process request-5728-textDocument/documentSymbol on Thread 3368
Took 0ms to process notification-textDocument/didChange on Thread 3366
Took 0ms to process request-5729-textDocument/inlayHint on Thread 3367
Took 0ms to process request-5730-textDocument/semanticTokens/range on Thread 3369
Took 0ms to process request-5731-textDocument/foldingRange on Thread 3368
Took 16ms to process request-5732-textDocument/codeAction on Thread 3370
Took 0ms to process request-5733-textDocument/documentSymbol on Thread 3367
Took 0ms to process request-5734-textDocument/inlayHint on Thread 3369
Took 0ms to process notification-textDocument/didChange on Thread 3366
Took 0ms to process request-5735-textDocument/completion on Thread 3370
Took 0ms to process request-5736-textDocument/inlayHint on Thread 3367
Took 0ms to process request-5737-textDocument/semanticTokens/range on Thread 3369
Took 0ms to process request-5738-textDocument/foldingRange on Thread 3368
Took 0ms to process notification-textDocument/didChange on Thread 3366
Took 0ms to process request-5739-textDocument/inlayHint on Thread 3367
Took 0ms to process request-5740-textDocument/semanticTokens/range on Thread 3369
Took 0ms to process request-5741-textDocument/foldingRange on Thread 3368
Took 0ms to process request-5742-textDocument/codeAction on Thread 3370
Took 0ms to process request-5743-textDocument/documentSymbol on Thread 3367
Took 0ms to process request-5744-textDocument/inlayHint on Thread 3369
Took 0ms to process request-5745-textDocument/willSaveWaitUntil on Thread 3368
Took 0ms to process notification-textDocument/didSave on Thread 3366
Took 0ms to process request-5746-textDocument/documentHighlight on Thread 3370
Took 0ms to process request-5747-textDocument/hover on Thread 3367
Took 0ms to process notification-textDocument/didChange on Thread 3366
Took 0ms to process request-5748-textDocument/inlayHint on Thread 3368
Took 0ms to process request-5749-textDocument/semanticTokens/range on Thread 3370
Took 0ms to process request-5750-textDocument/foldingRange on Thread 3367
Took 0ms to process request-5751-textDocument/codeAction on Thread 3369
Took 0ms to process request-5752-textDocument/documentSymbol on Thread 3368
Took 0ms to process request-5753-textDocument/inlayHint on Thread 3370
Took 0ms to process request-5754-textDocument/willSaveWaitUntil on Thread 3367
Took 0ms to process notification-textDocument/didSave on Thread 3366
Took 0ms to process notification-textDocument/didChange on Thread 3366
Took 0ms to process request-5755-textDocument/completion on Thread 3368
Took 0ms to process request-5756-textDocument/inlayHint on Thread 3370
Took 0ms to process request-5757-textDocument/semanticTokens/range on Thread 3367
Took 0ms to process request-5758-textDocument/foldingRange on Thread 3369
Took 17ms to process request-5759-textDocument/codeAction on Thread 3368
Took 0ms to process request-5760-textDocument/documentSymbol on Thread 3370
Took 0ms to process request-5761-textDocument/inlayHint on Thread 3367
Took 0ms to process request-5762-textDocument/willSaveWaitUntil on Thread 3369
Took 0ms to process notification-textDocument/didSave on Thread 3366
Took 0ms to process notification-textDocument/didChange on Thread 3366
Took 0ms to process request-5763-textDocument/inlayHint on Thread 3370
Took 0ms to process request-5764-textDocument/semanticTokens/range on Thread 3367
Took 0ms to process request-5765-textDocument/foldingRange on Thread 3369
Took 0ms to process request-5766-textDocument/codeAction on Thread 3368
Took 0ms to process request-5767-textDocument/documentSymbol on Thread 3370
Took 0ms to process notification-textDocument/didChange on Thread 3366
Took 0ms to process request-5768-textDocument/completion on Thread 3369
Took 0ms to process request-5769-textDocument/inlayHint on Thread 3368
Took 0ms to process request-5770-textDocument/semanticTokens/range on Thread 3370
Took 0ms to process notification-textDocument/didChange on Thread 3366
Took 0ms to process request-5771-textDocument/inlayHint on Thread 3369
Took 1ms to process request-5772-textDocument/semanticTokens/range on Thread 3368
Took 0ms to process notification-textDocument/didChange on Thread 3366
Took 1ms to process request-5773-textDocument/inlayHint on Thread 3367
Took 0ms to process request-5774-textDocument/semanticTokens/range on Thread 3369
Took 0ms to process request-5775-textDocument/foldingRange on Thread 3368
Took 17ms to process request-5776-textDocument/codeAction on Thread 3370
Took 0ms to process request-5777-textDocument/documentSymbol on Thread 3367
Took 0ms to process request-5778-textDocument/inlayHint on Thread 3369
Took 0ms to process request-5779-textDocument/willSaveWaitUntil on Thread 3368
Took 0ms to process notification-textDocument/didSave on Thread 3366
Took 17ms to process request-5780-textDocument/codeAction on Thread 3370
Took 16ms to process request-5781-textDocument/codeAction on Thread 3367
Took 17ms to process request-5782-textDocument/codeAction on Thread 3369
Took 0ms to process notification-textDocument/didChange on Thread 3366
Took 0ms to process request-5783-textDocument/inlayHint on Thread 3370
Took 0ms to process request-5784-textDocument/semanticTokens/range on Thread 3367
Took 0ms to process request-5785-textDocument/foldingRange on Thread 3369
Took 0ms to process request-5786-textDocument/documentSymbol on Thread 3368
Took 0ms to process request-5787-textDocument/inlayHint on Thread 3370
Took 0ms to process request-5788-textDocument/willSaveWaitUntil on Thread 3367
Took 0ms to process notification-textDocument/didSave on Thread 3366
Took 17ms to process request-5789-textDocument/codeAction on Thread 3369
Took 17ms to process request-5790-textDocument/codeAction on Thread 3368
Took 0ms to process notification-textDocument/didChange on Thread 3366
Took 0ms to process request-5791-textDocument/inlayHint on Thread 3367
Took 0ms to process request-5792-textDocument/semanticTokens/range on Thread 3369
Took 0ms to process request-5793-textDocument/foldingRange on Thread 3368
Took 0ms to process request-5794-textDocument/documentSymbol on Thread 3370
Took 0ms to process request-5795-textDocument/inlayHint on Thread 3367
Took 0ms to process request-5796-textDocument/willSaveWaitUntil on Thread 3369
Took 0ms to process notification-textDocument/didSave on Thread 3366
Took 0ms to process notification-textDocument/didChange on Thread 3366
Took 0ms to process request-5797-textDocument/inlayHint on Thread 3370
Took 0ms to process request-5798-textDocument/semanticTokens/range on Thread 3367
Took 0ms to process request-5799-textDocument/foldingRange on Thread 3369
Took 0ms to process request-5800-textDocument/documentSymbol on Thread 3368
Took 0ms to process request-5801-textDocument/inlayHint on Thread 3370
Took 0ms to process request-5802-textDocument/willSaveWaitUntil on Thread 3367
Took 0ms to process notification-textDocument/didSave on Thread 3366
Took 0ms to process request-5803-textDocument/hover on Thread 3369
Took 0ms to process request-5804-textDocument/documentHighlight on Thread 3368
Took 17ms to process request-5805-textDocument/codeAction on Thread 3370
Took 0ms to process notification-textDocument/didChange on Thread 3366
Took 0ms to process request-5806-textDocument/completion on Thread 3369
Took 0ms to process request-5807-textDocument/inlayHint on Thread 3368
Took 0ms to process request-5808-textDocument/semanticTokens/range on Thread 3370
Took 0ms to process request-5809-textDocument/foldingRange on Thread 3367
Took 0ms to process notification-textDocument/didChange on Thread 3366
Took 1ms to process request-5810-textDocument/inlayHint on Thread 3368
Took 0ms to process request-5811-textDocument/semanticTokens/range on Thread 3370
Took 0ms to process request-5812-textDocument/foldingRange on Thread 3367
Took 0ms to process notification-textDocument/didChange on Thread 3366
Took 0ms to process request-5813-textDocument/inlayHint on Thread 3368
Took 0ms to process request-5814-textDocument/semanticTokens/range on Thread 3370
Took 0ms to process request-5815-textDocument/foldingRange on Thread 3367
Took 17ms to process request-5816-textDocument/codeAction on Thread 3369
Took 0ms to process request-5817-textDocument/documentSymbol on Thread 3368
Took 0ms to process request-5818-textDocument/inlayHint on Thread 3370
Took 0ms to process request-5819-textDocument/willSaveWaitUntil on Thread 3367
Took 0ms to process notification-textDocument/didSave on Thread 3366
Took 17ms to process request-5820-textDocument/codeAction on Thread 3369
Took 0ms to process notification-textDocument/didChange on Thread 3366
Took 0ms to process request-5821-textDocument/inlayHint on Thread 3370
Took 0ms to process request-5822-textDocument/semanticTokens/range on Thread 3367
Took 0ms to process request-5823-textDocument/foldingRange on Thread 3369
Took 0ms to process request-5824-textDocument/documentSymbol on Thread 3368
Took 0ms to process request-5825-textDocument/inlayHint on Thread 3370
Took 0ms to process notification-textDocument/didChange on Thread 3366
Took 0ms to process request-5826-textDocument/inlayHint on Thread 3369
Took 0ms to process request-5827-textDocument/semanticTokens/range on Thread 3368
Took 0ms to process request-5828-textDocument/foldingRange on Thread 3370
Took 0ms to process request-5829-textDocument/documentSymbol on Thread 3367
Took 0ms to process request-5830-textDocument/inlayHint on Thread 3369
Took 0ms to process request-5831-textDocument/willSaveWaitUntil on Thread 3368
Took 0ms to process notification-textDocument/didSave on Thread 3366
Took 0ms to process notification-textDocument/didChange on Thread 3366
Took 0ms to process request-5832-textDocument/inlayHint on Thread 3367
Took 0ms to process request-5833-textDocument/semanticTokens/range on Thread 3369
Took 0ms to process request-5834-textDocument/foldingRange on Thread 3368
Took 0ms to process request-5835-textDocument/documentSymbol on Thread 3370
Took 0ms to process request-5836-textDocument/inlayHint on Thread 3367
Took 0ms to process request-5837-textDocument/willSaveWaitUntil on Thread 3369
Took 0ms to process notification-textDocument/didSave on Thread 3366
Took 17ms to process request-5838-textDocument/codeAction on Thread 3368
Took 0ms to process notification-textDocument/didChange on Thread 3366
Took 0ms to process request-5839-textDocument/inlayHint on Thread 3367
Took 0ms to process request-5840-textDocument/semanticTokens/range on Thread 3369
Took 0ms to process request-5841-textDocument/foldingRange on Thread 3368
Took 0ms to process request-5842-textDocument/documentSymbol on Thread 3370
Took 0ms to process notification-textDocument/didChange on Thread 3366
Took 0ms to process request-5843-textDocument/inlayHint on Thread 3369
Took 0ms to process request-5844-textDocument/semanticTokens/range on Thread 3368
Took 0ms to process request-5845-textDocument/foldingRange on Thread 3370
Took 0ms to process request-5846-textDocument/documentSymbol on Thread 3367
Took 0ms to process request-5847-textDocument/inlayHint on Thread 3369
Took 0ms to process request-5848-textDocument/willSaveWaitUntil on Thread 3368
Took 0ms to process notification-textDocument/didSave on Thread 3366
Took 0ms to process request-5849-textDocument/documentHighlight on Thread 3370
Took 17ms to process request-5850-textDocument/codeAction on Thread 3367
Took 0ms to process notification-textDocument/didChange on Thread 3366
Took 0ms to process request-5851-textDocument/inlayHint on Thread 3368
Took 0ms to process request-5852-textDocument/semanticTokens/range on Thread 3370
Took 0ms to process request-5853-textDocument/foldingRange on Thread 3367
Took 17ms to process request-5854-textDocument/codeAction on Thread 3369
Took 0ms to process request-5855-textDocument/documentSymbol on Thread 3368
Took 0ms to process notification-textDocument/didChange on Thread 3366
Took 0ms to process request-5856-textDocument/inlayHint on Thread 3367
Took 0ms to process request-5857-textDocument/semanticTokens/range on Thread 3369
Took 0ms to process request-5858-textDocument/foldingRange on Thread 3368
Took 18ms to process request-5859-textDocument/codeAction on Thread 3370
Took 0ms to process request-5860-textDocument/documentSymbol on Thread 3367
Took 0ms to process notification-textDocument/didChange on Thread 3366
Took 0ms to process request-5861-textDocument/inlayHint on Thread 3368
Took 0ms to process request-5862-textDocument/semanticTokens/range on Thread 3370
Took 0ms to process request-5863-textDocument/foldingRange on Thread 3367
Took 0ms to process request-5864-textDocument/codeAction on Thread 3369
Took 0ms to process request-5865-textDocument/documentSymbol on Thread 3368
Took 0ms to process notification-textDocument/didChange on Thread 3366
Took 0ms to process request-5866-textDocument/completion on Thread 3367
Took 0ms to process request-5867-textDocument/inlayHint on Thread 3369
Took 0ms to process request-5868-textDocument/semanticTokens/range on Thread 3368
Took 0ms to process notification-textDocument/didChange on Thread 3366
Took 0ms to process request-5869-textDocument/inlayHint on Thread 3367
Took 0ms to process request-5870-textDocument/semanticTokens/range on Thread 3369
Took 0ms to process request-5871-textDocument/foldingRange on Thread 3368
Took 0ms to process notification-textDocument/didChange on Thread 3366
Took 0ms to process request-5872-textDocument/inlayHint on Thread 3367
Took 0ms to process request-5873-textDocument/semanticTokens/range on Thread 3369
Took 0ms to process request-5874-textDocument/foldingRange on Thread 3368
Took 17ms to process request-5875-textDocument/codeAction on Thread 3370
Took 0ms to process notification-textDocument/didChange on Thread 3366
Took 0ms to process request-5876-textDocument/inlayHint on Thread 3369
Took 0ms to process request-5877-textDocument/semanticTokens/range on Thread 3368
Took 0ms to process request-5878-textDocument/foldingRange on Thread 3370
Took 17ms to process request-5879-textDocument/codeAction on Thread 3367
Took 0ms to process request-5880-textDocument/documentSymbol on Thread 3369
Took 0ms to process notification-textDocument/didChange on Thread 3366
Took 1ms to process request-5881-textDocument/inlayHint on Thread 3370
Took 0ms to process request-5882-textDocument/semanticTokens/range on Thread 3367
Took 0ms to process request-5883-textDocument/foldingRange on Thread 3369
Took 18ms to process request-5884-textDocument/codeAction on Thread 3368
Took 0ms to process request-5885-textDocument/documentSymbol on Thread 3370
Took 0ms to process request-5886-textDocument/inlayHint on Thread 3367
Took 0ms to process request-5887-textDocument/willSaveWaitUntil on Thread 3369
Took 0ms to process notification-textDocument/didSave on Thread 3366
Took 0ms to process request-5888-textDocument/hover on Thread 3368
Took 17ms to process request-5889-textDocument/codeAction on Thread 3370
Took 0ms to process request-5890-textDocument/inlayHint on Thread 3367
Took 0ms to process request-5891-textDocument/semanticTokens/range on Thread 3369
Took 0ms to process request-5892-textDocument/inlayHint on Thread 3368
Took 0ms to process request-5893-textDocument/inlayHint on Thread 3370
Took 0ms to process request-5894-textDocument/semanticTokens/range on Thread 3367
Took 0ms to process request-5895-textDocument/inlayHint on Thread 3369
Took 0ms to process request-5896-textDocument/inlayHint on Thread 3368
Took 0ms to process request-5897-textDocument/semanticTokens/range on Thread 3370
Took 0ms to process request-5898-textDocument/inlayHint on Thread 3367
Took 0ms to process request-5899-textDocument/inlayHint on Thread 3369
Took 0ms to process request-5900-textDocument/inlayHint on Thread 3368
Took 0ms to process request-5901-textDocument/semanticTokens/range on Thread 3370
Took 0ms to process request-5902-textDocument/inlayHint on Thread 3367
Took 0ms to process request-5903-textDocument/semanticTokens/range on Thread 3369
Took 0ms to process request-5904-textDocument/inlayHint on Thread 3368
Took 0ms to process request-5905-textDocument/semanticTokens/range on Thread 3370
Took 0ms to process request-5906-textDocument/hover on Thread 3367
Took 0ms to process request-5907-textDocument/hover on Thread 3369
Took 0ms to process request-5908-textDocument/hover on Thread 3368
Took 17ms to process request-5909-textDocument/codeAction on Thread 3370
Took 0ms to process notification-textDocument/didChange on Thread 3366
Took 0ms to process request-5910-textDocument/inlayHint on Thread 3369
Took 0ms to process request-5911-textDocument/semanticTokens/range on Thread 3368
Took 0ms to process notification-textDocument/didChange on Thread 3366
Took 0ms to process request-5912-textDocument/inlayHint on Thread 3367
Took 0ms to process request-5913-textDocument/semanticTokens/range on Thread 3369
Took 0ms to process request-5914-textDocument/foldingRange on Thread 3368
Took 17ms to process request-5915-textDocument/codeAction on Thread 3370
Took 0ms to process request-5916-textDocument/documentSymbol on Thread 3367
Took 0ms to process request-5917-textDocument/inlayHint on Thread 3369
Took 16ms to process request-5918-textDocument/codeAction on Thread 3368
Took 0ms to process request-5919-textDocument/willSaveWaitUntil on Thread 3370
Took 0ms to process notification-textDocument/didSave on Thread 3366
Took 17ms to process request-5920-textDocument/codeAction on Thread 3367
Took 0ms to process notification-textDocument/didChange on Thread 3366
Took 0ms to process request-5921-textDocument/inlayHint on Thread 3368
Took 0ms to process request-5922-textDocument/semanticTokens/range on Thread 3370
Took 0ms to process notification-textDocument/didChange on Thread 3366
Took 0ms to process request-5923-textDocument/inlayHint on Thread 3369
Took 0ms to process request-5924-textDocument/semanticTokens/range on Thread 3368
Took 0ms to process request-5925-textDocument/foldingRange on Thread 3370
Took 17ms to process request-5926-textDocument/codeAction on Thread 3367
Took 0ms to process request-5927-textDocument/documentSymbol on Thread 3369
Took 0ms to process request-5928-textDocument/inlayHint on Thread 3368
Took 17ms to process request-5929-textDocument/codeAction on Thread 3370
Took 0ms to process request-5930-textDocument/willSaveWaitUntil on Thread 3367
Took 0ms to process notification-textDocument/didSave on Thread 3366
Took 17ms to process request-5931-textDocument/codeAction on Thread 3369
Took 0ms to process notification-textDocument/didChange on Thread 3366
Took 0ms to process request-5932-textDocument/inlayHint on Thread 3370
Took 0ms to process request-5933-textDocument/semanticTokens/range on Thread 3367
Took 0ms to process notification-textDocument/didChange on Thread 3366
Took 0ms to process request-5934-textDocument/inlayHint on Thread 3368
Took 0ms to process request-5935-textDocument/semanticTokens/range on Thread 3370
Took 0ms to process request-5936-textDocument/foldingRange on Thread 3367
Took 15ms to process request-5937-textDocument/codeAction on Thread 3369
Took 0ms to process request-5938-textDocument/documentSymbol on Thread 3368
Took 0ms to process request-5939-textDocument/inlayHint on Thread 3370
Took 0ms to process request-5940-textDocument/willSaveWaitUntil on Thread 3367
Took 0ms to process notification-textDocument/didSave on Thread 3366
Took 0ms to process request-5941-textDocument/hover on Thread 3369
Took 0ms to process request-5942-textDocument/hover on Thread 3368
Took 17ms to process request-5943-textDocument/codeAction on Thread 3370
Took 0ms to process request-5944-textDocument/willSaveWaitUntil on Thread 3367
Took 0ms to process request-5945-textDocument/formatting on Thread 3369
Took 0ms to process notification-textDocument/didChange on Thread 3366
Took 0ms to process request-5946-textDocument/inlayHint on Thread 3370
Took 0ms to process notification-textDocument/didSave on Thread 3366
Took 0ms to process request-5947-textDocument/semanticTokens/range on Thread 3367
Took 0ms to process request-5948-textDocument/foldingRange on Thread 3369
Took 18ms to process request-5949-textDocument/codeAction on Thread 3368
Took 0ms to process request-5950-textDocument/documentSymbol on Thread 3370
Took 1ms to process request-5951-textDocument/inlayHint on Thread 3367
Took 0ms to process request-5952-textDocument/inlayHint on Thread 3369
Took 0ms to process request-5953-textDocument/semanticTokens/range on Thread 3368
Took 0ms to process request-5954-textDocument/inlayHint on Thread 3370
Took 0ms to process request-5955-textDocument/semanticTokens/range on Thread 3367
Took 0ms to process request-5956-textDocument/hover on Thread 3369
Took 0ms to process request-5957-textDocument/documentHighlight on Thread 3368
Took 18ms to process request-5958-textDocument/codeAction on Thread 3370
Took 0ms to process notification-textDocument/didChange on Thread 3366
Took 1ms to process request-5959-textDocument/completion on Thread 3369
Took 0ms to process request-5960-textDocument/inlayHint on Thread 3368
Took 0ms to process request-5961-textDocument/semanticTokens/range on Thread 3370
Took 0ms to process request-5962-textDocument/foldingRange on Thread 3367
Took 0ms to process notification-textDocument/didChange on Thread 3366
Took 0ms to process request-5963-textDocument/completion on Thread 3368
Took 0ms to process request-5964-textDocument/inlayHint on Thread 3370
Took 0ms to process request-5965-textDocument/semanticTokens/range on Thread 3367
Took 0ms to process request-5966-textDocument/foldingRange on Thread 3368
Took 15ms to process request-5967-textDocument/codeAction on Thread 3369
Took 0ms to process request-5968-textDocument/documentSymbol on Thread 3370
Took 0ms to process request-5969-textDocument/documentHighlight on Thread 3367
Took 0ms to process request-5970-textDocument/inlayHint on Thread 3368
Took 18ms to process request-5971-textDocument/codeAction on Thread 3369
Took 0ms to process request-5972-textDocument/willSaveWaitUntil on Thread 3370
Took 0ms to process notification-textDocument/didSave on Thread 3366
Took 17ms to process request-5973-textDocument/codeAction on Thread 3367
Took 0ms to process notification-textDocument/didChange on Thread 3366
Took 0ms to process request-5974-textDocument/inlayHint on Thread 3369
Took 0ms to process request-5975-textDocument/semanticTokens/range on Thread 3370
Took 0ms to process request-5976-textDocument/foldingRange on Thread 3367
Took 0ms to process request-5977-textDocument/documentSymbol on Thread 3368
Took 0ms to process request-5978-textDocument/inlayHint on Thread 3369
Took 0ms to process request-5979-textDocument/willSaveWaitUntil on Thread 3370
Took 0ms to process notification-textDocument/didSave on Thread 3366
Took 0ms to process notification-textDocument/didChange on Thread 3366
Took 1ms to process request-5980-textDocument/completion on Thread 3368
Took 0ms to process request-5981-textDocument/inlayHint on Thread 3369
Took 0ms to process request-5982-textDocument/semanticTokens/range on Thread 3370
Took 0ms to process request-5983-textDocument/foldingRange on Thread 3367
Took 0ms to process notification-textDocument/didChange on Thread 3366
Took 0ms to process request-5984-textDocument/inlayHint on Thread 3369
Took 0ms to process request-5985-textDocument/semanticTokens/range on Thread 3370
Took 0ms to process request-5986-textDocument/foldingRange on Thread 3367
Took 0ms to process request-5987-textDocument/codeAction on Thread 3368
Took 0ms to process request-5988-textDocument/documentSymbol on Thread 3369
Took 0ms to process notification-textDocument/didChange on Thread 3366
Took 0ms to process request-5989-textDocument/inlayHint on Thread 3367
Took 0ms to process request-5990-textDocument/semanticTokens/range on Thread 3368
Took 0ms to process request-5991-textDocument/foldingRange on Thread 3369
Took 0ms to process request-5992-textDocument/codeAction on Thread 3370
Took 0ms to process request-5993-textDocument/documentSymbol on Thread 3367
Took 0ms to process request-5994-textDocument/inlayHint on Thread 3368
Took 0ms to process request-5995-textDocument/willSaveWaitUntil on Thread 3369
Took 0ms to process notification-textDocument/didSave on Thread 3366
Took 0ms to process notification-textDocument/didChange on Thread 3366
Took 0ms to process request-5996-textDocument/inlayHint on Thread 3367
Took 0ms to process request-5997-textDocument/semanticTokens/range on Thread 3368
Took 0ms to process request-5998-textDocument/foldingRange on Thread 3369
Took 16ms to process request-5999-textDocument/codeAction on Thread 3370
Took 0ms to process request-6000-textDocument/documentSymbol on Thread 3367
Took 0ms to process request-6001-textDocument/inlayHint on Thread 3368
Took 0ms to process request-6002-textDocument/willSaveWaitUntil on Thread 3369
Took 0ms to process notification-textDocument/didSave on Thread 3366
Took 0ms to process request-6003-textDocument/inlayHint on Thread 3370
Took 0ms to process request-6004-textDocument/inlayHint on Thread 3367
Took 0ms to process request-6005-textDocument/inlayHint on Thread 3368
Took 0ms to process request-6006-textDocument/semanticTokens/range on Thread 3369
Took 0ms to process request-6007-textDocument/inlayHint on Thread 3370
Took 0ms to process request-6008-textDocument/inlayHint on Thread 3367
Took 0ms to process request-6009-textDocument/semanticTokens/range on Thread 3368
Took 0ms to process request-6010-textDocument/inlayHint on Thread 3369
Took 0ms to process request-6011-textDocument/inlayHint on Thread 3370
Took 0ms to process request-6012-textDocument/inlayHint on Thread 3367
Took 0ms to process request-6013-textDocument/inlayHint on Thread 3368
Took 0ms to process request-6014-textDocument/inlayHint on Thread 3369
Took 0ms to process request-6015-textDocument/inlayHint on Thread 3370
Took 0ms to process request-6016-textDocument/semanticTokens/range on Thread 3367
Took 0ms to process request-6017-textDocument/inlayHint on Thread 3368
Took 0ms to process request-6018-textDocument/semanticTokens/range on Thread 3369
Took 0ms to process request-6019-textDocument/inlayHint on Thread 3370
Took 0ms to process request-6020-textDocument/semanticTokens/range on Thread 3367
Took 0ms to process request-6021-textDocument/inlayHint on Thread 3368
Took 0ms to process request-6022-textDocument/semanticTokens/range on Thread 3369
Took 0ms to process request-6023-textDocument/inlayHint on Thread 3370
Took 0ms to process request-6024-textDocument/inlayHint on Thread 3367
Took 0ms to process request-6025-textDocument/inlayHint on Thread 3368
Took 0ms to process request-6026-textDocument/inlayHint on Thread 3369
Took 0ms to process request-6027-textDocument/inlayHint on Thread 3370
Took 0ms to process request-6028-textDocument/semanticTokens/range on Thread 3367
Took 0ms to process request-6029-textDocument/inlayHint on Thread 3368
Took 0ms to process request-6030-textDocument/semanticTokens/range on Thread 3369
Took 0ms to process request-6031-textDocument/inlayHint on Thread 3370
Took 0ms to process request-6032-textDocument/inlayHint on Thread 3367
Took 0ms to process request-6033-textDocument/inlayHint on Thread 3368
Took 0ms to process request-6034-textDocument/semanticTokens/range on Thread 3369
Took 0ms to process request-6035-textDocument/inlayHint on Thread 3370
Took 0ms to process request-6036-textDocument/inlayHint on Thread 3367
Took 0ms to process request-6037-textDocument/inlayHint on Thread 3368
Took 0ms to process request-6038-textDocument/semanticTokens/range on Thread 3369
Took 0ms to process request-6039-textDocument/inlayHint on Thread 3370
Took 0ms to process request-6040-textDocument/semanticTokens/range on Thread 3367
Took 0ms to process request-6041-textDocument/inlayHint on Thread 3368
Took 0ms to process request-6042-textDocument/inlayHint on Thread 3369
Took 0ms to process request-6043-textDocument/semanticTokens/range on Thread 3370
Took 0ms to process request-6044-textDocument/inlayHint on Thread 3367
Took 4ms to process request-6045-textDocument/semanticTokens/range on Thread 3368
Took 0ms to process request-6046-textDocument/inlayHint on Thread 3369
Took 0ms to process request-6047-textDocument/inlayHint on Thread 3370
Took 0ms to process request-6048-textDocument/semanticTokens/range on Thread 3367
Took 17ms to process request-6049-textDocument/codeAction on Thread 3368
Took 0ms to process notification-textDocument/didChange on Thread 3366
Took 0ms to process request-6050-textDocument/inlayHint on Thread 3370
Took 0ms to process request-6051-textDocument/semanticTokens/range on Thread 3367
Took 0ms to process request-6052-textDocument/foldingRange on Thread 3368
Took 0ms to process request-6053-textDocument/documentSymbol on Thread 3369
Took 0ms to process request-6054-textDocument/inlayHint on Thread 3370
Took 0ms to process notification-textDocument/didChange on Thread 3366
Took 1ms to process request-6055-textDocument/completion on Thread 3368
Took 0ms to process request-6056-textDocument/inlayHint on Thread 3369
Took 0ms to process request-6057-textDocument/semanticTokens/range on Thread 3370
Took 0ms to process request-6058-textDocument/foldingRange on Thread 3367
Took 0ms to process request-6059-textDocument/codeAction on Thread 3368
Took 0ms to process request-6060-textDocument/documentSymbol on Thread 3369
Took 0ms to process request-6061-textDocument/inlayHint on Thread 3370
Took 0ms to process notification-textDocument/didChange on Thread 3366
Took 0ms to process request-6062-textDocument/inlayHint on Thread 3368
Took 0ms to process request-6063-textDocument/semanticTokens/range on Thread 3369
Took 0ms to process request-6064-textDocument/foldingRange on Thread 3370
Took 0ms to process request-6065-textDocument/codeAction on Thread 3367
Took 0ms to process request-6066-textDocument/documentSymbol on Thread 3368
Took 0ms to process request-6067-textDocument/inlayHint on Thread 3369
Took 0ms to process notification-textDocument/didChange on Thread 3366
Took 0ms to process request-6068-textDocument/inlayHint on Thread 3367
Took 0ms to process request-6069-textDocument/semanticTokens/range on Thread 3368
Took 0ms to process request-6070-textDocument/foldingRange on Thread 3369
Took 17ms to process request-6071-textDocument/codeAction on Thread 3370
Took 0ms to process request-6072-textDocument/documentSymbol on Thread 3367
Took 0ms to process request-6073-textDocument/inlayHint on Thread 3368
Took 0ms to process request-6074-textDocument/willSaveWaitUntil on Thread 3369
Took 0ms to process notification-textDocument/didSave on Thread 3366
Took 0ms to process request-6075-textDocument/willSaveWaitUntil on Thread 3370
Took 0ms to process request-6076-textDocument/formatting on Thread 3367
Took 0ms to process notification-textDocument/didSave on Thread 3366
Took 0ms to process notification-textDocument/didChange on Thread 3366
Took 1ms to process request-6077-textDocument/completion on Thread 3369
Took 0ms to process request-6078-textDocument/inlayHint on Thread 3370
Took 0ms to process request-6079-textDocument/semanticTokens/range on Thread 3367
Took 0ms to process request-6080-textDocument/foldingRange on Thread 3368
Took 0ms to process request-6081-textDocument/codeAction on Thread 3369
Took 0ms to process request-6082-textDocument/documentSymbol on Thread 3370
Took 0ms to process request-6083-textDocument/inlayHint on Thread 3367
Took 0ms to process request-6084-textDocument/willSaveWaitUntil on Thread 3368
Took 0ms to process notification-textDocument/didSave on Thread 3366
Took 0ms to process notification-textDocument/didChange on Thread 3366
Took 0ms to process request-6085-textDocument/inlayHint on Thread 3370
Took 0ms to process request-6086-textDocument/semanticTokens/range on Thread 3367
Took 0ms to process request-6087-textDocument/foldingRange on Thread 3368
Took 17ms to process request-6088-textDocument/codeAction on Thread 3369
Took 0ms to process request-6089-textDocument/documentSymbol on Thread 3370
Took 0ms to process request-6090-textDocument/inlayHint on Thread 3367
Took 0ms to process request-6091-textDocument/willSaveWaitUntil on Thread 3368
Took 0ms to process notification-textDocument/didSave on Thread 3366
Took 0ms to process request-6092-textDocument/inlayHint on Thread 3369
Took 0ms to process request-6093-textDocument/semanticTokens/range on Thread 3370
Took 0ms to process request-6094-textDocument/inlayHint on Thread 3367
Took 0ms to process request-6095-textDocument/inlayHint on Thread 3368
Took 0ms to process request-6096-textDocument/inlayHint on Thread 3369
Took 0ms to process request-6097-textDocument/inlayHint on Thread 3370
Took 0ms to process request-6098-textDocument/semanticTokens/range on Thread 3367
Took 0ms to process request-6099-textDocument/inlayHint on Thread 3368
Took 0ms to process request-6100-textDocument/inlayHint on Thread 3369
Took 0ms to process request-6101-textDocument/inlayHint on Thread 3370
Took 0ms to process request-6102-textDocument/inlayHint on Thread 3367
Took 0ms to process request-6103-textDocument/semanticTokens/range on Thread 3368
Took 0ms to process request-6104-textDocument/inlayHint on Thread 3369
Took 0ms to process request-6105-textDocument/semanticTokens/range on Thread 3370
Took 0ms to process request-6106-textDocument/inlayHint on Thread 3367
Took 0ms to process request-6107-textDocument/semanticTokens/range on Thread 3368
Took 0ms to process request-6108-textDocument/inlayHint on Thread 3369
Took 0ms to process request-6109-textDocument/semanticTokens/range on Thread 3370
Took 0ms to process request-6110-textDocument/inlayHint on Thread 3367
Took 0ms to process request-6111-textDocument/inlayHint on Thread 3368
Took 0ms to process request-6112-textDocument/semanticTokens/range on Thread 3369
Took 0ms to process request-6113-textDocument/inlayHint on Thread 3370
Took 0ms to process request-6114-textDocument/inlayHint on Thread 3367
Took 0ms to process request-6115-textDocument/inlayHint on Thread 3368
Took 0ms to process request-6116-textDocument/inlayHint on Thread 3369
Took 0ms to process request-6117-textDocument/semanticTokens/range on Thread 3370
Took 0ms to process request-6118-textDocument/inlayHint on Thread 3367
Took 0ms to process request-6119-textDocument/semanticTokens/range on Thread 3368
Took 0ms to process request-6120-textDocument/inlayHint on Thread 3369
Took 0ms to process request-6121-textDocument/inlayHint on Thread 3370
Took 0ms to process request-6122-textDocument/semanticTokens/range on Thread 3367
Took 0ms to process request-6123-textDocument/inlayHint on Thread 3368
Took 0ms to process request-6124-textDocument/inlayHint on Thread 3369
Took 0ms to process request-6125-textDocument/inlayHint on Thread 3370
Took 0ms to process request-6126-textDocument/inlayHint on Thread 3367
Took 0ms to process request-6127-textDocument/inlayHint on Thread 3368
Took 0ms to process request-6128-textDocument/inlayHint on Thread 3369
Took 0ms to process request-6129-textDocument/inlayHint on Thread 3370
Took 0ms to process request-6130-textDocument/inlayHint on Thread 3367
Took 0ms to process request-6131-textDocument/semanticTokens/range on Thread 3368
Took 0ms to process request-6132-textDocument/inlayHint on Thread 3369
Took 0ms to process request-6133-textDocument/semanticTokens/range on Thread 3370
Took 0ms to process request-6134-textDocument/inlayHint on Thread 3367
Took 0ms to process request-6135-textDocument/inlayHint on Thread 3368
Took 0ms to process request-6136-textDocument/inlayHint on Thread 3369
Took 0ms to process request-6137-textDocument/inlayHint on Thread 3370
Took 0ms to process request-6138-textDocument/semanticTokens/range on Thread 3367
Took 0ms to process request-6139-textDocument/inlayHint on Thread 3368
Took 0ms to process request-6140-textDocument/inlayHint on Thread 3369
Took 0ms to process request-6141-textDocument/semanticTokens/range on Thread 3370
Took 0ms to process request-6142-textDocument/inlayHint on Thread 3367
Took 0ms to process request-6143-textDocument/semanticTokens/range on Thread 3368
Took 0ms to process request-6144-textDocument/inlayHint on Thread 3369
Took 0ms to process request-6145-textDocument/inlayHint on Thread 3370
Took 0ms to process request-6146-textDocument/inlayHint on Thread 3367
Took 0ms to process request-6147-textDocument/semanticTokens/range on Thread 3368
Took 0ms to process request-6148-textDocument/inlayHint on Thread 3369
Took 0ms to process request-6149-textDocument/inlayHint on Thread 3370
Took 0ms to process request-6150-textDocument/inlayHint on Thread 3367
Took 0ms to process request-6151-textDocument/inlayHint on Thread 3368
Took 0ms to process request-6152-textDocument/inlayHint on Thread 3369
Took 0ms to process request-6153-textDocument/semanticTokens/range on Thread 3370
Took 0ms to process request-6154-textDocument/inlayHint on Thread 3367
Took 0ms to process request-6155-textDocument/semanticTokens/range on Thread 3368
Took 0ms to process request-6156-textDocument/inlayHint on Thread 3369
Took 0ms to process request-6157-textDocument/inlayHint on Thread 3370
Took 0ms to process request-6158-textDocument/semanticTokens/range on Thread 3367
Took 0ms to process request-6159-textDocument/inlayHint on Thread 3368
Took 0ms to process request-6160-textDocument/inlayHint on Thread 3369
Took 0ms to process request-6161-textDocument/inlayHint on Thread 3370
Took 0ms to process request-6162-textDocument/semanticTokens/range on Thread 3367
Took 0ms to process request-6163-textDocument/inlayHint on Thread 3368
Took 0ms to process request-6164-textDocument/semanticTokens/range on Thread 3369
Took 0ms to process request-6165-textDocument/inlayHint on Thread 3370
Took 0ms to process request-6166-textDocument/inlayHint on Thread 3367
Took 0ms to process request-6167-textDocument/semanticTokens/range on Thread 3368
Took 0ms to process request-6168-textDocument/inlayHint on Thread 3369
Took 0ms to process request-6169-textDocument/semanticTokens/range on Thread 3370
Took 0ms to process request-6170-textDocument/inlayHint on Thread 3367
Took 0ms to process request-6171-textDocument/inlayHint on Thread 3368
Took 0ms to process request-6172-textDocument/inlayHint on Thread 3369
Took 0ms to process request-6173-textDocument/inlayHint on Thread 3370
Took 0ms to process request-6174-textDocument/semanticTokens/range on Thread 3367
Took 0ms to process request-6175-textDocument/inlayHint on Thread 3368
Took 0ms to process request-6176-textDocument/inlayHint on Thread 3369
Took 0ms to process request-6177-textDocument/semanticTokens/range on Thread 3370
Took 0ms to process request-6178-textDocument/inlayHint on Thread 3367
Took 0ms to process request-6179-textDocument/inlayHint on Thread 3368
Took 0ms to process request-6180-textDocument/inlayHint on Thread 3369
Took 0ms to process request-6181-textDocument/inlayHint on Thread 3370
Took 0ms to process request-6182-textDocument/inlayHint on Thread 3367
Took 0ms to process request-6183-textDocument/semanticTokens/range on Thread 3368
Took 0ms to process request-6184-textDocument/inlayHint on Thread 3369
Took 0ms to process request-6185-textDocument/semanticTokens/range on Thread 3370
Took 0ms to process request-6186-textDocument/inlayHint on Thread 3367
Took 0ms to process request-6187-textDocument/semanticTokens/range on Thread 3368
Took 0ms to process request-6188-textDocument/inlayHint on Thread 3369
Took 0ms to process request-6189-textDocument/semanticTokens/range on Thread 3370
Took 0ms to process request-6190-textDocument/inlayHint on Thread 3367
Took 0ms to process request-6191-textDocument/semanticTokens/range on Thread 3368
Took 0ms to process request-6192-textDocument/hover on Thread 3369
Took 0ms to process request-6193-textDocument/hover on Thread 3370
Took 0ms to process request-6194-textDocument/documentHighlight on Thread 3367
Took 17ms to process request-6195-textDocument/codeAction on Thread 3368
Took 17ms to process request-6196-textDocument/codeAction on Thread 3369
Took 0ms to process request-6197-textDocument/documentHighlight on Thread 3370
Took 17ms to process request-6198-textDocument/codeAction on Thread 3367
Took 17ms to process request-6199-textDocument/codeAction on Thread 3368
Took 17ms to process request-6200-textDocument/codeAction on Thread 3369
Took 0ms to process request-6201-textDocument/documentHighlight on Thread 3370
Took 17ms to process request-6202-textDocument/codeAction on Thread 3367
Took 0ms to process notification-textDocument/didChange on Thread 3366
Took 0ms to process request-6203-textDocument/inlayHint on Thread 3369
Took 0ms to process request-6204-textDocument/semanticTokens/range on Thread 3370
Took 0ms to process request-6205-textDocument/foldingRange on Thread 3367
Took 0ms to process request-6206-textDocument/codeAction on Thread 3368
Took 0ms to process request-6207-textDocument/documentSymbol on Thread 3369
Took 0ms to process request-6208-textDocument/inlayHint on Thread 3370
Took 0ms to process notification-textDocument/didChange on Thread 3366
Took 0ms to process request-6209-textDocument/inlayHint on Thread 3368
Took 0ms to process request-6210-textDocument/semanticTokens/range on Thread 3369
Took 0ms to process request-6211-textDocument/foldingRange on Thread 3370
Took 16ms to process request-6212-textDocument/codeAction on Thread 3367
Took 0ms to process request-6213-textDocument/documentSymbol on Thread 3368
Took 0ms to process request-6214-textDocument/inlayHint on Thread 3369
Took 0ms to process request-6215-textDocument/willSaveWaitUntil on Thread 3370
Took 0ms to process notification-textDocument/didSave on Thread 3366
Took 17ms to process request-6216-textDocument/codeAction on Thread 3367
Took 17ms to process request-6217-textDocument/codeAction on Thread 3368
Took 0ms to process notification-textDocument/didChange on Thread 3366
Took 0ms to process request-6218-textDocument/inlayHint on Thread 3370
Took 0ms to process request-6219-textDocument/semanticTokens/range on Thread 3367
Took 0ms to process request-6220-textDocument/foldingRange on Thread 3368
Took 18ms to process request-6221-textDocument/codeAction on Thread 3369
Took 0ms to process request-6222-textDocument/documentSymbol on Thread 3370
Took 0ms to process request-6223-textDocument/documentHighlight on Thread 3367
Took 16ms to process request-6224-textDocument/codeAction on Thread 3368
Took 0ms to process request-6225-textDocument/inlayHint on Thread 3369
Took 0ms to process request-6226-textDocument/willSaveWaitUntil on Thread 3370
Took 0ms to process notification-textDocument/didSave on Thread 3366
Took 13ms to process request-6227-textDocument/codeAction on Thread 3367
Took 0ms to process notification-textDocument/didChange on Thread 3366
Took 0ms to process request-6228-textDocument/inlayHint on Thread 3369
Took 0ms to process request-6229-textDocument/semanticTokens/range on Thread 3370
Took 0ms to process request-6230-textDocument/foldingRange on Thread 3367
Took 0ms to process notification-textDocument/didChange on Thread 3366
Took 0ms to process request-6231-textDocument/inlayHint on Thread 3369
Took 0ms to process request-6232-textDocument/semanticTokens/range on Thread 3370
Took 0ms to process request-6233-textDocument/foldingRange on Thread 3367
Took 0ms to process request-6234-textDocument/documentSymbol on Thread 3368
Took 0ms to process notification-textDocument/didChange on Thread 3366
Took 0ms to process request-6235-textDocument/inlayHint on Thread 3370
Took 0ms to process request-6236-textDocument/semanticTokens/range on Thread 3367
Took 0ms to process request-6237-textDocument/foldingRange on Thread 3368
Took 17ms to process request-6238-textDocument/codeAction on Thread 3369
Took 0ms to process request-6239-textDocument/documentSymbol on Thread 3370
Took 0ms to process request-6240-textDocument/inlayHint on Thread 3367
Took 0ms to process request-6241-textDocument/willSaveWaitUntil on Thread 3368
Took 0ms to process notification-textDocument/didSave on Thread 3366
Took 0ms to process request-6242-textDocument/inlayHint on Thread 3369
Took 0ms to process request-6243-textDocument/documentHighlight on Thread 3370
Took 0ms to process request-6244-textDocument/semanticTokens/range on Thread 3367
Took 17ms to process request-6245-textDocument/codeAction on Thread 3368
Took 12ms to process request-6246-textDocument/codeAction on Thread 3369
Took 0ms to process notification-textDocument/didChange on Thread 3366
Took 0ms to process request-6247-textDocument/inlayHint on Thread 3367
Took 0ms to process request-6248-textDocument/semanticTokens/range on Thread 3368
Took 0ms to process request-6249-textDocument/foldingRange on Thread 3369
Took 0ms to process notification-textDocument/didChange on Thread 3366
Took 0ms to process request-6250-textDocument/inlayHint on Thread 3367
Took 0ms to process request-6251-textDocument/semanticTokens/range on Thread 3368
Took 0ms to process request-6252-textDocument/foldingRange on Thread 3369
Took 0ms to process request-6253-textDocument/documentSymbol on Thread 3370
Took 0ms to process notification-textDocument/didChange on Thread 3366
Took 0ms to process request-6254-textDocument/inlayHint on Thread 3368
Took 0ms to process request-6255-textDocument/semanticTokens/range on Thread 3369
Took 0ms to process request-6256-textDocument/foldingRange on Thread 3370
Took 17ms to process request-6257-textDocument/codeAction on Thread 3367
Took 0ms to process request-6258-textDocument/documentSymbol on Thread 3368
Took 0ms to process request-6259-textDocument/inlayHint on Thread 3369
Took 0ms to process request-6260-textDocument/willSaveWaitUntil on Thread 3370
Took 0ms to process notification-textDocument/didSave on Thread 3366
Took 17ms to process request-6261-textDocument/codeAction on Thread 3367
Took 0ms to process notification-textDocument/didChange on Thread 3366
Took 0ms to process request-6262-textDocument/inlayHint on Thread 3369
Took 0ms to process request-6263-textDocument/semanticTokens/range on Thread 3370
Took 0ms to process request-6264-textDocument/foldingRange on Thread 3367
Took 0ms to process request-6265-textDocument/documentSymbol on Thread 3368
Took 0ms to process request-6266-textDocument/inlayHint on Thread 3369
Took 0ms to process request-6267-textDocument/willSaveWaitUntil on Thread 3370
Took 0ms to process notification-textDocument/didSave on Thread 3366
Took 0ms to process notification-textDocument/didChange on Thread 3366
Took 1ms to process request-6268-textDocument/completion on Thread 3368
Took 0ms to process request-6269-textDocument/inlayHint on Thread 3369
Took 0ms to process request-6270-textDocument/semanticTokens/range on Thread 3370
Took 0ms to process notification-textDocument/didChange on Thread 3366
Took 0ms to process request-6271-textDocument/inlayHint on Thread 3368
Took 0ms to process request-6272-textDocument/semanticTokens/range on Thread 3369
Took 0ms to process request-6273-textDocument/foldingRange on Thread 3370
Took 0ms to process request-6274-textDocument/codeAction on Thread 3367
Took 0ms to process request-6275-textDocument/documentSymbol on Thread 3368
Took 0ms to process notification-textDocument/didChange on Thread 3366
Took 0ms to process request-6276-textDocument/inlayHint on Thread 3370
Took 0ms to process request-6277-textDocument/semanticTokens/range on Thread 3367
Took 0ms to process request-6278-textDocument/foldingRange on Thread 3368
Took 17ms to process request-6279-textDocument/codeAction on Thread 3369
Took 0ms to process request-6280-textDocument/documentSymbol on Thread 3370
Took 0ms to process request-6281-textDocument/inlayHint on Thread 3367
Took 0ms to process request-6282-textDocument/willSaveWaitUntil on Thread 3368
Took 0ms to process notification-textDocument/didSave on Thread 3366
Took 0ms to process request-6283-textDocument/inlayHint on Thread 3369
Took 0ms to process request-6284-textDocument/semanticTokens/range on Thread 3370
Took 0ms to process request-6285-textDocument/inlayHint on Thread 3367
Took 1ms to process request-6286-textDocument/inlayHint on Thread 3368
Took 0ms to process request-6287-textDocument/inlayHint on Thread 3369
Took 0ms to process request-6288-textDocument/inlayHint on Thread 3370
Took 0ms to process request-6289-textDocument/inlayHint on Thread 3367
Took 0ms to process request-6290-textDocument/inlayHint on Thread 3368
Took 0ms to process request-6291-textDocument/semanticTokens/range on Thread 3369
Took 0ms to process request-6292-textDocument/inlayHint on Thread 3370
Took 0ms to process request-6293-textDocument/inlayHint on Thread 3367
Took 0ms to process request-6294-textDocument/inlayHint on Thread 3368
Took 0ms to process request-6295-textDocument/semanticTokens/range on Thread 3369
Took 0ms to process request-6296-textDocument/inlayHint on Thread 3370
Took 0ms to process request-6297-textDocument/semanticTokens/range on Thread 3367
Took 0ms to process request-6298-textDocument/inlayHint on Thread 3368
Took 0ms to process request-6299-textDocument/semanticTokens/range on Thread 3369
Took 0ms to process request-6300-textDocument/inlayHint on Thread 3370
Took 0ms to process request-6301-textDocument/semanticTokens/range on Thread 3367
Took 0ms to process request-6302-textDocument/inlayHint on Thread 3368
Took 0ms to process request-6303-textDocument/inlayHint on Thread 3369
Took 0ms to process request-6304-textDocument/inlayHint on Thread 3370
Took 0ms to process request-6305-textDocument/semanticTokens/range on Thread 3367
Took 0ms to process request-6306-textDocument/inlayHint on Thread 3368
Took 0ms to process request-6307-textDocument/inlayHint on Thread 3369
Took 0ms to process request-6308-textDocument/inlayHint on Thread 3370
Took 0ms to process request-6309-textDocument/semanticTokens/range on Thread 3367
Took 0ms to process notification-textDocument/didChange on Thread 3366
Took 0ms to process request-6310-textDocument/inlayHint on Thread 3369
Took 0ms to process request-6311-textDocument/semanticTokens/range on Thread 3370
Took 0ms to process request-6312-textDocument/foldingRange on Thread 3367
Took 17ms to process request-6313-textDocument/codeAction on Thread 3368
Took 0ms to process request-6314-textDocument/documentSymbol on Thread 3369
Took 0ms to process notification-textDocument/didChange on Thread 3366
Took 0ms to process request-6315-textDocument/inlayHint on Thread 3367
Took 0ms to process request-6316-textDocument/semanticTokens/range on Thread 3368
Took 0ms to process request-6317-textDocument/foldingRange on Thread 3369
Took 14ms to process request-6318-textDocument/codeAction on Thread 3370
Took 0ms to process notification-textDocument/didChange on Thread 3366
Took 0ms to process request-6319-textDocument/inlayHint on Thread 3368
Took 0ms to process request-6320-textDocument/semanticTokens/range on Thread 3369
Took 0ms to process request-6321-textDocument/foldingRange on Thread 3370
Took 17ms to process request-6322-textDocument/codeAction on Thread 3367
Took 0ms to process notification-textDocument/didChange on Thread 3366
Took 1ms to process request-6323-textDocument/inlayHint on Thread 3369
Took 0ms to process request-6324-textDocument/semanticTokens/range on Thread 3370
Took 0ms to process notification-textDocument/didChange on Thread 3366
Took 0ms to process request-6325-textDocument/inlayHint on Thread 3368
Took 0ms to process request-6326-textDocument/semanticTokens/range on Thread 3369
Took 0ms to process notification-textDocument/didChange on Thread 3366
Took 0ms to process request-6327-textDocument/inlayHint on Thread 3367
Took 0ms to process request-6328-textDocument/semanticTokens/range on Thread 3368
Took 0ms to process request-6329-textDocument/foldingRange on Thread 3369
Took 17ms to process request-6330-textDocument/codeAction on Thread 3370
Took 0ms to process request-6331-textDocument/documentSymbol on Thread 3367
Took 0ms to process notification-textDocument/didChange on Thread 3366
Took 0ms to process request-6332-textDocument/inlayHint on Thread 3369
Took 0ms to process request-6333-textDocument/semanticTokens/range on Thread 3370
Took 0ms to process notification-textDocument/didChange on Thread 3366
Took 0ms to process request-6334-textDocument/inlayHint on Thread 3368
Took 0ms to process request-6335-textDocument/semanticTokens/range on Thread 3369
Took 0ms to process notification-textDocument/didChange on Thread 3366
Took 0ms to process request-6336-textDocument/inlayHint on Thread 3367
Took 0ms to process request-6337-textDocument/semanticTokens/range on Thread 3368
Took 0ms to process notification-textDocument/didChange on Thread 3366
Took 0ms to process request-6338-textDocument/inlayHint on Thread 3370
Took 0ms to process request-6339-textDocument/semanticTokens/range on Thread 3367
Took 0ms to process notification-textDocument/didChange on Thread 3366
Took 0ms to process request-6340-textDocument/inlayHint on Thread 3369
Took 0ms to process request-6341-textDocument/semanticTokens/range on Thread 3370
Took 0ms to process request-6342-textDocument/foldingRange on Thread 3367
Took 17ms to process request-6343-textDocument/codeAction on Thread 3368
Took 0ms to process request-6344-textDocument/documentSymbol on Thread 3369
Took 0ms to process request-6345-textDocument/inlayHint on Thread 3370
Took 0ms to process request-6346-textDocument/willSaveWaitUntil on Thread 3367
Took 0ms to process notification-textDocument/didSave on Thread 3366
Took 0ms to process notification-textDocument/didChange on Thread 3366
Took 0ms to process request-6347-textDocument/inlayHint on Thread 3369
Took 0ms to process request-6348-textDocument/semanticTokens/range on Thread 3370
Took 0ms to process request-6349-textDocument/foldingRange on Thread 3367
Took 14ms to process request-6350-textDocument/codeAction on Thread 3368
Took 0ms to process notification-textDocument/didChange on Thread 3366
Took 0ms to process request-6351-textDocument/inlayHint on Thread 3370
Took 0ms to process request-6352-textDocument/semanticTokens/range on Thread 3367
Took 0ms to process notification-textDocument/didChange on Thread 3366
Took 0ms to process request-6353-textDocument/inlayHint on Thread 3369
Took 0ms to process request-6354-textDocument/semanticTokens/range on Thread 3370
Took 0ms to process request-6355-textDocument/foldingRange on Thread 3367
Took 0ms to process notification-textDocument/didChange on Thread 3366
Took 0ms to process request-6356-textDocument/inlayHint on Thread 3369
Took 0ms to process request-6357-textDocument/semanticTokens/range on Thread 3370
Took 0ms to process request-6358-textDocument/foldingRange on Thread 3367
Took 18ms to process request-6359-textDocument/codeAction on Thread 3368
Took 0ms to process notification-textDocument/didChange on Thread 3366
Took 0ms to process notification-other on Thread 3369
Took 0ms to process request-6360-textDocument/inlayHint on Thread 3367
Took 0ms to process request-6361-textDocument/semanticTokens/range on Thread 3368
Took 0ms to process request-6362-textDocument/foldingRange on Thread 3369
Took 17ms to process request-6363-textDocument/codeAction on Thread 3370
Took 0ms to process request-6364-textDocument/documentSymbol on Thread 3367
Took 0ms to process request-6365-textDocument/inlayHint on Thread 3368
Took 0ms to process notification-textDocument/didChange on Thread 3366
Took 0ms to process request-6366-textDocument/inlayHint on Thread 3370
Took 0ms to process request-6367-textDocument/semanticTokens/range on Thread 3367
Took 0ms to process request-6368-textDocument/foldingRange on Thread 3368
Took 17ms to process request-6369-textDocument/codeAction on Thread 3369
Took 0ms to process notification-textDocument/didChange on Thread 3366
Took 0ms to process request-6370-textDocument/inlayHint on Thread 3367
Took 0ms to process request-6371-textDocument/semanticTokens/range on Thread 3368
Took 0ms to process request-6372-textDocument/foldingRange on Thread 3369
Took 17ms to process request-6373-textDocument/codeAction on Thread 3370
Took 0ms to process request-6374-textDocument/documentSymbol on Thread 3367
Took 0ms to process notification-textDocument/didChange on Thread 3366
Took 0ms to process request-6375-textDocument/inlayHint on Thread 3369
Took 0ms to process request-6376-textDocument/semanticTokens/range on Thread 3370
Took 0ms to process notification-textDocument/didChange on Thread 3366
Took 1ms to process request-6377-textDocument/inlayHint on Thread 3368
Took 0ms to process request-6378-textDocument/semanticTokens/range on Thread 3369
Took 0ms to process notification-textDocument/didChange on Thread 3366
Took 0ms to process request-6379-textDocument/inlayHint on Thread 3367
Took 0ms to process request-6380-textDocument/semanticTokens/range on Thread 3368
Took 0ms to process request-6381-textDocument/foldingRange on Thread 3369
Took 17ms to process request-6382-textDocument/codeAction on Thread 3370
Took 0ms to process request-6383-textDocument/documentSymbol on Thread 3367
Took 0ms to process notification-textDocument/didChange on Thread 3366
Took 0ms to process request-6384-textDocument/inlayHint on Thread 3369
Took 0ms to process request-6385-textDocument/semanticTokens/range on Thread 3370
Took 0ms to process request-6386-textDocument/foldingRange on Thread 3367
Took 0ms to process notification-textDocument/didChange on Thread 3366
Took 0ms to process request-6387-textDocument/inlayHint on Thread 3369
Took 0ms to process request-6388-textDocument/semanticTokens/range on Thread 3370
Took 0ms to process notification-textDocument/didChange on Thread 3366
Took 0ms to process request-6389-textDocument/inlayHint on Thread 3368
Took 0ms to process request-6390-textDocument/semanticTokens/range on Thread 3369
Took 0ms to process request-6391-textDocument/foldingRange on Thread 3370
Took 17ms to process request-6392-textDocument/codeAction on Thread 3367
Took 0ms to process notification-textDocument/didChange on Thread 3366
Took 0ms to process request-6393-textDocument/inlayHint on Thread 3369
Took 0ms to process request-6394-textDocument/semanticTokens/range on Thread 3370
Took 0ms to process request-6395-textDocument/foldingRange on Thread 3367
Took 17ms to process request-6396-textDocument/codeAction on Thread 3368
Took 0ms to process request-6397-textDocument/documentSymbol on Thread 3369
Took 0ms to process notification-textDocument/didChange on Thread 3366
Took 0ms to process request-6398-textDocument/inlayHint on Thread 3367
Took 0ms to process request-6399-textDocument/semanticTokens/range on Thread 3368
Took 0ms to process notification-textDocument/didChange on Thread 3366
Took 0ms to process request-6400-textDocument/inlayHint on Thread 3370
Took 0ms to process request-6401-textDocument/semanticTokens/range on Thread 3367
Took 0ms to process request-6402-textDocument/foldingRange on Thread 3368
Took 0ms to process notification-textDocument/didChange on Thread 3366
Took 0ms to process request-6403-textDocument/inlayHint on Thread 3370
Took 0ms to process request-6404-textDocument/semanticTokens/range on Thread 3367
Took 0ms to process request-6405-textDocument/foldingRange on Thread 3368
Took 17ms to process request-6406-textDocument/codeAction on Thread 3369
Took 0ms to process request-6407-textDocument/documentSymbol on Thread 3370
Took 0ms to process notification-textDocument/didChange on Thread 3366
Took 1ms to process request-6408-textDocument/inlayHint on Thread 3368
Took 0ms to process request-6409-textDocument/semanticTokens/range on Thread 3369
Took 0ms to process notification-textDocument/didChange on Thread 3366
Took 0ms to process request-6410-textDocument/inlayHint on Thread 3367
Took 0ms to process request-6411-textDocument/semanticTokens/range on Thread 3368
Took 0ms to process request-6412-textDocument/foldingRange on Thread 3369
Took 17ms to process request-6413-textDocument/codeAction on Thread 3370
Took 0ms to process request-6414-textDocument/documentSymbol on Thread 3367
Took 0ms to process request-6415-textDocument/inlayHint on Thread 3368
Took 0ms to process request-6416-textDocument/willSaveWaitUntil on Thread 3369
Took 0ms to process notification-textDocument/didSave on Thread 3366
Took 17ms to process request-6417-textDocument/codeAction on Thread 3370
Took 17ms to process request-6418-textDocument/codeAction on Thread 3367
Took 0ms to process notification-textDocument/didChange on Thread 3366
Took 0ms to process request-6419-textDocument/inlayHint on Thread 3369
Took 0ms to process request-6420-textDocument/semanticTokens/range on Thread 3370
Took 0ms to process request-6421-textDocument/foldingRange on Thread 3367
Took 0ms to process request-6422-textDocument/documentSymbol on Thread 3368
Took 0ms to process notification-textDocument/didChange on Thread 3366
Took 1ms to process request-6423-textDocument/completion on Thread 3370
Took 0ms to process request-6424-textDocument/inlayHint on Thread 3367
Took 0ms to process request-6425-textDocument/semanticTokens/range on Thread 3368
Took 0ms to process notification-textDocument/didChange on Thread 3366
Took 0ms to process request-6426-textDocument/inlayHint on Thread 3370
Took 0ms to process request-6427-textDocument/semanticTokens/range on Thread 3367
Took 0ms to process request-6428-textDocument/foldingRange on Thread 3368
Took 0ms to process request-6429-textDocument/codeAction on Thread 3369
Took 0ms to process request-6430-textDocument/documentSymbol on Thread 3370
Took 0ms to process notification-textDocument/didChange on Thread 3366
Took 0ms to process request-6431-textDocument/inlayHint on Thread 3368
Took 0ms to process request-6432-textDocument/semanticTokens/range on Thread 3369
Took 0ms to process request-6433-textDocument/foldingRange on Thread 3370
Took 17ms to process request-6434-textDocument/codeAction on Thread 3367
Took 0ms to process request-6435-textDocument/documentSymbol on Thread 3368
Took 0ms to process request-6436-textDocument/inlayHint on Thread 3369
Took 0ms to process request-6437-textDocument/willSaveWaitUntil on Thread 3370
Took 0ms to process notification-textDocument/didSave on Thread 3366
Took 0ms to process notification-textDocument/didChange on Thread 3366
Took 0ms to process request-6438-textDocument/inlayHint on Thread 3368
Took 0ms to process request-6439-textDocument/semanticTokens/range on Thread 3369
Took 0ms to process request-6440-textDocument/foldingRange on Thread 3370
Took 17ms to process request-6441-textDocument/codeAction on Thread 3367
Took 0ms to process request-6442-textDocument/documentSymbol on Thread 3368
Took 0ms to process notification-textDocument/didChange on Thread 3366
Took 0ms to process request-6443-textDocument/inlayHint on Thread 3370
Took 0ms to process request-6444-textDocument/semanticTokens/range on Thread 3367
Took 0ms to process request-6445-textDocument/foldingRange on Thread 3368
Took 17ms to process request-6446-textDocument/codeAction on Thread 3369
Took 0ms to process notification-textDocument/didChange on Thread 3366
Took 0ms to process request-6447-textDocument/inlayHint on Thread 3367
Took 0ms to process request-6448-textDocument/semanticTokens/range on Thread 3368
Took 0ms to process request-6449-textDocument/foldingRange on Thread 3369
Took 18ms to process request-6450-textDocument/codeAction on Thread 3370
Took 0ms to process notification-textDocument/didChange on Thread 3366
Took 0ms to process request-6451-textDocument/inlayHint on Thread 3368
Took 0ms to process request-6452-textDocument/semanticTokens/range on Thread 3369
Took 0ms to process notification-textDocument/didChange on Thread 3366
Took 0ms to process request-6453-textDocument/inlayHint on Thread 3367
Took 0ms to process request-6454-textDocument/semanticTokens/range on Thread 3368
Took 0ms to process notification-textDocument/didChange on Thread 3366
Took 0ms to process request-6455-textDocument/inlayHint on Thread 3370
Took 0ms to process request-6456-textDocument/semanticTokens/range on Thread 3367
Took 0ms to process request-6457-textDocument/foldingRange on Thread 3368
Took 18ms to process request-6458-textDocument/codeAction on Thread 3369
Took 0ms to process request-6459-textDocument/documentSymbol on Thread 3370
Took 0ms to process notification-textDocument/didChange on Thread 3366
Took 0ms to process request-6460-textDocument/inlayHint on Thread 3368
Took 0ms to process request-6461-textDocument/semanticTokens/range on Thread 3369
Took 0ms to process notification-textDocument/didChange on Thread 3366
Took 0ms to process request-6462-textDocument/inlayHint on Thread 3367
Took 0ms to process request-6463-textDocument/semanticTokens/range on Thread 3368
Took 0ms to process notification-textDocument/didChange on Thread 3366
Took 0ms to process request-6464-textDocument/inlayHint on Thread 3370
Took 0ms to process request-6465-textDocument/semanticTokens/range on Thread 3367
Took 0ms to process request-6466-textDocument/foldingRange on Thread 3368
Took 23ms to process request-6467-textDocument/codeAction on Thread 3369
Took 0ms to process notification-textDocument/didChange on Thread 3366
Took 0ms to process request-6468-textDocument/inlayHint on Thread 3367
Took 1ms to process request-6469-textDocument/semanticTokens/range on Thread 3368
Took 0ms to process request-6470-textDocument/foldingRange on Thread 3369
Took 16ms to process request-6471-textDocument/codeAction on Thread 3370
Took 0ms to process request-6472-textDocument/documentSymbol on Thread 3367
Took 0ms to process notification-textDocument/didChange on Thread 3366
Took 0ms to process request-6473-textDocument/inlayHint on Thread 3369
Took 0ms to process request-6474-textDocument/semanticTokens/range on Thread 3370
Took 0ms to process request-6475-textDocument/foldingRange on Thread 3367
Took 17ms to process request-6476-textDocument/codeAction on Thread 3368
Took 0ms to process request-6477-textDocument/documentSymbol on Thread 3369
Took 0ms to process request-6478-textDocument/inlayHint on Thread 3370
Took 0ms to process notification-textDocument/didChange on Thread 3366
Took 0ms to process request-6479-textDocument/inlayHint on Thread 3368
Took 0ms to process request-6480-textDocument/semanticTokens/range on Thread 3369
Took 0ms to process request-6481-textDocument/foldingRange on Thread 3370
Took 17ms to process request-6482-textDocument/codeAction on Thread 3367
Took 0ms to process request-6483-textDocument/documentSymbol on Thread 3368
Took 0ms to process notification-textDocument/didChange on Thread 3366
Took 0ms to process request-6484-textDocument/inlayHint on Thread 3370
Took 0ms to process request-6485-textDocument/semanticTokens/range on Thread 3367
Took 0ms to process request-6486-textDocument/foldingRange on Thread 3368
Took 0ms to process notification-textDocument/didChange on Thread 3366
Took 0ms to process request-6487-textDocument/inlayHint on Thread 3370
Took 0ms to process request-6488-textDocument/semanticTokens/range on Thread 3367
Took 0ms to process notification-textDocument/didChange on Thread 3366
Took 0ms to process request-6489-textDocument/inlayHint on Thread 3369
Took 0ms to process request-6490-textDocument/semanticTokens/range on Thread 3370
Took 0ms to process request-6491-textDocument/foldingRange on Thread 3367
Took 17ms to process request-6492-textDocument/codeAction on Thread 3368
Took 0ms to process request-6493-textDocument/documentSymbol on Thread 3369
Took 0ms to process notification-textDocument/didChange on Thread 3366
Took 0ms to process request-6494-textDocument/inlayHint on Thread 3367
Took 0ms to process request-6495-textDocument/semanticTokens/range on Thread 3368
Took 0ms to process request-6496-textDocument/foldingRange on Thread 3369
Took 17ms to process request-6497-textDocument/codeAction on Thread 3370
Took 0ms to process request-6498-textDocument/documentSymbol on Thread 3367
Took 0ms to process request-6499-textDocument/inlayHint on Thread 3368
Took 0ms to process notification-textDocument/didChange on Thread 3366
Took 0ms to process request-6500-textDocument/inlayHint on Thread 3370
Took 0ms to process request-6501-textDocument/semanticTokens/range on Thread 3367
Took 0ms to process request-6502-textDocument/foldingRange on Thread 3368
Took 18ms to process request-6503-textDocument/codeAction on Thread 3369
Took 0ms to process request-6504-textDocument/documentSymbol on Thread 3370
Took 0ms to process notification-textDocument/didChange on Thread 3366
Took 0ms to process request-6505-textDocument/inlayHint on Thread 3368
Took 0ms to process request-6506-textDocument/semanticTokens/range on Thread 3369
Took 0ms to process notification-textDocument/didChange on Thread 3366
Took 0ms to process request-6507-textDocument/inlayHint on Thread 3367
Took 0ms to process request-6508-textDocument/semanticTokens/range on Thread 3368
Took 0ms to process request-6509-textDocument/foldingRange on Thread 3369
Took 17ms to process request-6510-textDocument/codeAction on Thread 3370
Took 0ms to process notification-textDocument/didChange on Thread 3366
Took 0ms to process request-6511-textDocument/inlayHint on Thread 3368
Took 0ms to process request-6512-textDocument/semanticTokens/range on Thread 3369
Took 0ms to process request-6513-textDocument/foldingRange on Thread 3370
Took 0ms to process notification-textDocument/didChange on Thread 3366
Took 0ms to process request-6514-textDocument/inlayHint on Thread 3368
Took 0ms to process request-6515-textDocument/semanticTokens/range on Thread 3369
Took 0ms to process request-6516-textDocument/foldingRange on Thread 3370
Took 0ms to process notification-textDocument/didChange on Thread 3366
Took 0ms to process request-6517-textDocument/inlayHint on Thread 3368
Took 0ms to process request-6518-textDocument/semanticTokens/range on Thread 3369
Took 0ms to process request-6519-textDocument/foldingRange on Thread 3370
Took 12ms to process request-6520-textDocument/codeAction on Thread 3367
Took 0ms to process request-6521-textDocument/documentSymbol on Thread 3368
Took 0ms to process request-6522-textDocument/inlayHint on Thread 3369
Took 0ms to process request-6523-textDocument/willSaveWaitUntil on Thread 3370
Took 0ms to process notification-textDocument/didSave on Thread 3366
Took 17ms to process request-6524-textDocument/codeAction on Thread 3367
Took 13ms to process request-6525-textDocument/codeAction on Thread 3368
Took 12ms to process request-6526-textDocument/codeAction on Thread 3369
Took 13ms to process request-6527-textDocument/codeAction on Thread 3370
Took 17ms to process request-6528-textDocument/codeAction on Thread 3367
Took 17ms to process request-6529-textDocument/codeAction on Thread 3368
Took 13ms to process request-6530-textDocument/codeAction on Thread 3369
Took 17ms to process request-6531-textDocument/codeAction on Thread 3370
Took 17ms to process request-6532-textDocument/codeAction on Thread 3367
Took 17ms to process request-6533-textDocument/codeAction on Thread 3368
Took 17ms to process request-6534-textDocument/codeAction on Thread 3369
Took 17ms to process request-6535-textDocument/codeAction on Thread 3370
Took 0ms to process request-6536-textDocument/documentHighlight on Thread 3367
Took 17ms to process request-6537-textDocument/codeAction on Thread 3368
Took 17ms to process request-6538-textDocument/codeAction on Thread 3369
Took 0ms to process notification-textDocument/didChange on Thread 3366
Took 0ms to process request-6539-textDocument/inlayHint on Thread 3367
Took 0ms to process request-6540-textDocument/semanticTokens/range on Thread 3368
Took 0ms to process notification-textDocument/didChange on Thread 3366
Took 1ms to process request-6541-textDocument/inlayHint on Thread 3370
Took 0ms to process request-6542-textDocument/semanticTokens/range on Thread 3367
Took 0ms to process request-6543-textDocument/foldingRange on Thread 3368
Took 14ms to process request-6544-textDocument/codeAction on Thread 3369
Took 0ms to process request-6545-textDocument/documentSymbol on Thread 3370
Took 0ms to process request-6546-textDocument/documentHighlight on Thread 3367
Took 0ms to process request-6547-textDocument/inlayHint on Thread 3368
Took 17ms to process request-6548-textDocument/codeAction on Thread 3369
Took 0ms to process request-6549-textDocument/willSaveWaitUntil on Thread 3370
Took 0ms to process notification-textDocument/didSave on Thread 3366
Took 17ms to process request-6550-textDocument/codeAction on Thread 3367
Took 17ms to process request-6551-textDocument/codeAction on Thread 3368
Took 0ms to process request-6552-textDocument/documentHighlight on Thread 3369
Took 17ms to process request-6553-textDocument/codeAction on Thread 3370
Took 0ms to process request-6554-textDocument/documentHighlight on Thread 3367
Took 17ms to process request-6555-textDocument/codeAction on Thread 3368
Took 0ms to process request-6556-textDocument/documentHighlight on Thread 3369
Took 17ms to process request-6557-textDocument/codeAction on Thread 3370
Took 17ms to process request-6558-textDocument/codeAction on Thread 3367
Took 0ms to process notification-textDocument/didChange on Thread 3366
Took 0ms to process request-6559-textDocument/completion on Thread 3369
Took 0ms to process request-6560-textDocument/inlayHint on Thread 3370
Took 0ms to process request-6561-textDocument/semanticTokens/range on Thread 3367
Took 0ms to process request-6562-textDocument/foldingRange on Thread 3369
Took 17ms to process request-6563-textDocument/codeAction on Thread 3368
Took 0ms to process notification-textDocument/didChange on Thread 3366
Took 0ms to process request-6564-textDocument/inlayHint on Thread 3367
Took 0ms to process request-6565-textDocument/semanticTokens/range on Thread 3369
Took 0ms to process request-6566-textDocument/foldingRange on Thread 3368
Took 17ms to process request-6567-textDocument/codeAction on Thread 3370
Took 0ms to process request-6568-textDocument/documentSymbol on Thread 3367
Took 0ms to process request-6569-textDocument/documentHighlight on Thread 3369
Took 16ms to process request-6570-textDocument/codeAction on Thread 3368
Took 0ms to process request-6571-textDocument/inlayHint on Thread 3370
Took 0ms to process request-6572-textDocument/willSaveWaitUntil on Thread 3367
Took 0ms to process notification-textDocument/didSave on Thread 3366
Took 18ms to process request-6573-textDocument/codeAction on Thread 3369
Took 16ms to process request-6574-textDocument/codeAction on Thread 3368
Took 17ms to process request-6575-textDocument/codeAction on Thread 3370
Took 0ms to process request-6576-textDocument/documentHighlight on Thread 3367
Took 17ms to process request-6577-textDocument/codeAction on Thread 3369
Took 0ms to process notification-textDocument/didChange on Thread 3366
Took 0ms to process request-6578-textDocument/completion on Thread 3370
Took 1ms to process request-6579-textDocument/inlayHint on Thread 3367
Took 0ms to process request-6580-textDocument/semanticTokens/range on Thread 3369
Took 0ms to process request-6581-textDocument/foldingRange on Thread 3370
Took 17ms to process request-6582-textDocument/codeAction on Thread 3368
Took 0ms to process request-6583-textDocument/documentSymbol on Thread 3367
Took 0ms to process notification-textDocument/didChange on Thread 3366
Took 0ms to process request-6584-textDocument/inlayHint on Thread 3370
Took 0ms to process request-6585-textDocument/semanticTokens/range on Thread 3368
Took 0ms to process request-6586-textDocument/foldingRange on Thread 3367
Took 17ms to process request-6587-textDocument/codeAction on Thread 3369
Took 0ms to process request-6588-textDocument/documentSymbol on Thread 3370
Took 17ms to process request-6589-textDocument/codeAction on Thread 3368
Took 0ms to process request-6590-textDocument/inlayHint on Thread 3367
Took 0ms to process request-6591-textDocument/willSaveWaitUntil on Thread 3369
Took 0ms to process notification-textDocument/didSave on Thread 3366
Took 17ms to process request-6592-textDocument/codeAction on Thread 3370
Took 17ms to process request-6593-textDocument/codeAction on Thread 3368
Took 0ms to process notification-textDocument/didChange on Thread 3366
Took 0ms to process request-6594-textDocument/inlayHint on Thread 3369
Took 0ms to process request-6595-textDocument/semanticTokens/range on Thread 3370
Took 0ms to process request-6596-textDocument/foldingRange on Thread 3368
Took 0ms to process request-6597-textDocument/documentSymbol on Thread 3367
Took 0ms to process request-6598-textDocument/inlayHint on Thread 3369
Took 0ms to process notification-textDocument/didChange on Thread 3366
Took 1ms to process request-6599-textDocument/completion on Thread 3368
Took 0ms to process request-6600-textDocument/inlayHint on Thread 3367
Took 0ms to process request-6601-textDocument/semanticTokens/range on Thread 3369
Took 0ms to process request-6602-textDocument/foldingRange on Thread 3370
Took 0ms to process request-6603-textDocument/codeAction on Thread 3368
Took 0ms to process request-6604-textDocument/documentSymbol on Thread 3367
Took 0ms to process request-6605-textDocument/inlayHint on Thread 3369
Took 0ms to process request-6606-textDocument/willSaveWaitUntil on Thread 3370
Took 0ms to process notification-textDocument/didSave on Thread 3366
Took 0ms to process notification-textDocument/didChange on Thread 3366
Took 0ms to process request-6607-textDocument/inlayHint on Thread 3367
Took 0ms to process request-6608-textDocument/semanticTokens/range on Thread 3369
Took 0ms to process request-6609-textDocument/foldingRange on Thread 3370
Took 0ms to process request-6610-textDocument/documentSymbol on Thread 3368
Took 0ms to process request-6611-textDocument/inlayHint on Thread 3367
Took 0ms to process notification-textDocument/didChange on Thread 3366
Took 1ms to process request-6612-textDocument/completion on Thread 3370
Took 0ms to process request-6613-textDocument/inlayHint on Thread 3368
Took 0ms to process request-6614-textDocument/semanticTokens/range on Thread 3367
Took 0ms to process notification-textDocument/didChange on Thread 3366
Took 0ms to process request-6615-textDocument/inlayHint on Thread 3370
Took 0ms to process request-6616-textDocument/semanticTokens/range on Thread 3368
Took 0ms to process request-6617-textDocument/foldingRange on Thread 3367
Took 0ms to process request-6618-textDocument/codeAction on Thread 3369
Took 0ms to process request-6619-textDocument/documentSymbol on Thread 3370
Took 0ms to process request-6620-textDocument/inlayHint on Thread 3368
Took 0ms to process request-6621-textDocument/willSaveWaitUntil on Thread 3367
Took 0ms to process notification-textDocument/didSave on Thread 3366
Took 0ms to process notification-textDocument/didChange on Thread 3366
Took 0ms to process request-6622-textDocument/inlayHint on Thread 3370
Took 0ms to process request-6623-textDocument/semanticTokens/range on Thread 3368
Took 0ms to process request-6624-textDocument/foldingRange on Thread 3367
Took 17ms to process request-6625-textDocument/codeAction on Thread 3369
Took 0ms to process request-6626-textDocument/documentSymbol on Thread 3370
Took 0ms to process request-6627-textDocument/inlayHint on Thread 3368
Took 0ms to process request-6628-textDocument/willSaveWaitUntil on Thread 3367
Took 0ms to process notification-textDocument/didSave on Thread 3366
Took 0ms to process notification-textDocument/didChange on Thread 3366
Took 0ms to process request-6629-textDocument/inlayHint on Thread 3370
Took 0ms to process request-6630-textDocument/semanticTokens/range on Thread 3368
Took 0ms to process request-6631-textDocument/foldingRange on Thread 3367
Took 18ms to process request-6632-textDocument/codeAction on Thread 3369
Took 0ms to process request-6633-textDocument/documentSymbol on Thread 3370
Took 0ms to process request-6634-textDocument/inlayHint on Thread 3368
Took 0ms to process request-6635-textDocument/willSaveWaitUntil on Thread 3367
Took 0ms to process notification-textDocument/didSave on Thread 3366
Took 17ms to process request-6636-textDocument/codeAction on Thread 3369
Took 0ms to process notification-textDocument/didChange on Thread 3366
Took 2ms to process request-6637-textDocument/completion on Thread 3368
Took 0ms to process request-6638-textDocument/inlayHint on Thread 3367
Took 0ms to process request-6639-textDocument/semanticTokens/range on Thread 3369
Took 0ms to process request-6640-textDocument/foldingRange on Thread 3370
Took 0ms to process request-6641-textDocument/codeAction on Thread 3368
Took 0ms to process request-6642-textDocument/documentSymbol on Thread 3367
Took 0ms to process notification-textDocument/didChange on Thread 3366
Took 0ms to process request-6643-textDocument/inlayHint on Thread 3370
Took 0ms to process request-6644-textDocument/semanticTokens/range on Thread 3368
Took 0ms to process notification-textDocument/didChange on Thread 3366
Took 0ms to process request-6645-textDocument/inlayHint on Thread 3369
Took 0ms to process request-6646-textDocument/semanticTokens/range on Thread 3370
Took 0ms to process request-6647-textDocument/foldingRange on Thread 3368
Took 0ms to process request-6648-textDocument/codeAction on Thread 3367
Took 0ms to process request-6649-textDocument/documentSymbol on Thread 3369
Took 0ms to process notification-textDocument/didChange on Thread 3366
Took 0ms to process request-6650-textDocument/inlayHint on Thread 3368
Took 0ms to process request-6651-textDocument/semanticTokens/range on Thread 3367
Took 0ms to process request-6652-textDocument/foldingRange on Thread 3369
Took 0ms to process request-6653-textDocument/codeAction on Thread 3370
Took 0ms to process request-6654-textDocument/documentSymbol on Thread 3368
Took 0ms to process request-6655-textDocument/inlayHint on Thread 3367
Took 0ms to process request-6656-textDocument/willSaveWaitUntil on Thread 3369
Took 0ms to process notification-textDocument/didSave on Thread 3366
Took 0ms to process notification-textDocument/didChange on Thread 3366
Took 0ms to process request-6657-textDocument/inlayHint on Thread 3368
Took 0ms to process request-6658-textDocument/semanticTokens/range on Thread 3367
Took 0ms to process request-6659-textDocument/foldingRange on Thread 3369
Took 0ms to process request-6660-textDocument/codeAction on Thread 3370
Took 0ms to process request-6661-textDocument/documentSymbol on Thread 3368
Took 0ms to process request-6662-textDocument/inlayHint on Thread 3367
Took 0ms to process request-6663-textDocument/willSaveWaitUntil on Thread 3369
Took 0ms to process notification-textDocument/didSave on Thread 3366
Took 0ms to process notification-textDocument/didChange on Thread 3366
Took 0ms to process request-6664-textDocument/inlayHint on Thread 3368
Took 0ms to process request-6665-textDocument/semanticTokens/range on Thread 3367
Took 0ms to process request-6666-textDocument/foldingRange on Thread 3369
Took 14ms to process request-6667-textDocument/codeAction on Thread 3370
Took 0ms to process request-6668-textDocument/documentSymbol on Thread 3368
Took 0ms to process request-6669-textDocument/inlayHint on Thread 3367
Took 0ms to process request-6670-textDocument/willSaveWaitUntil on Thread 3369
Took 0ms to process notification-textDocument/didSave on Thread 3366
Took 0ms to process request-6671-textDocument/inlayHint on Thread 3370
Took 0ms to process request-6672-textDocument/inlayHint on Thread 3368
Took 0ms to process request-6673-textDocument/semanticTokens/range on Thread 3367
Took 0ms to process request-6674-textDocument/inlayHint on Thread 3369
Took 0ms to process request-6675-textDocument/inlayHint on Thread 3370
Took 0ms to process request-6676-textDocument/inlayHint on Thread 3368
Took 0ms to process request-6677-textDocument/inlayHint on Thread 3367
Took 0ms to process request-6678-textDocument/inlayHint on Thread 3369
Took 0ms to process request-6679-textDocument/inlayHint on Thread 3370
Took 0ms to process request-6680-textDocument/inlayHint on Thread 3368
Took 0ms to process request-6681-textDocument/semanticTokens/range on Thread 3367
Took 0ms to process request-6682-textDocument/inlayHint on Thread 3369
Took 0ms to process request-6683-textDocument/inlayHint on Thread 3370
Took 0ms to process request-6684-textDocument/semanticTokens/range on Thread 3368
Took 0ms to process notification-textDocument/didChange on Thread 3366
Took 1ms to process request-6685-textDocument/completion on Thread 3369
Took 0ms to process request-6686-textDocument/inlayHint on Thread 3370
Took 0ms to process request-6687-textDocument/semanticTokens/range on Thread 3368
Took 0ms to process request-6688-textDocument/foldingRange on Thread 3367
Took 0ms to process notification-textDocument/didChange on Thread 3366
Took 0ms to process request-6689-textDocument/inlayHint on Thread 3370
Took 0ms to process request-6690-textDocument/semanticTokens/range on Thread 3368
Took 0ms to process notification-textDocument/didChange on Thread 3366
Took 0ms to process request-6691-textDocument/inlayHint on Thread 3369
Took 0ms to process request-6692-textDocument/semanticTokens/range on Thread 3370
Took 0ms to process request-6693-textDocument/foldingRange on Thread 3368
Took 17ms to process request-6694-textDocument/codeAction on Thread 3367
Took 0ms to process request-6695-textDocument/documentSymbol on Thread 3369
Took 0ms to process notification-textDocument/didChange on Thread 3366
Took 0ms to process request-6696-textDocument/completion on Thread 3368
Took 0ms to process request-6697-textDocument/inlayHint on Thread 3367
Took 0ms to process request-6698-textDocument/semanticTokens/range on Thread 3369
Took 0ms to process request-6699-textDocument/foldingRange on Thread 3370
Took 0ms to process request-6700-textDocument/codeAction on Thread 3368
Took 0ms to process request-6701-textDocument/documentSymbol on Thread 3367
Took 0ms to process request-6702-textDocument/inlayHint on Thread 3369
Took 0ms to process request-6703-textDocument/willSaveWaitUntil on Thread 3370
Took 0ms to process notification-textDocument/didSave on Thread 3366
Took 0ms to process notification-textDocument/didChange on Thread 3366
Took 0ms to process request-6704-textDocument/inlayHint on Thread 3367
Took 0ms to process request-6705-textDocument/semanticTokens/range on Thread 3369
Took 0ms to process request-6706-textDocument/foldingRange on Thread 3370
Took 17ms to process request-6707-textDocument/codeAction on Thread 3368
Took 0ms to process request-6708-textDocument/documentSymbol on Thread 3367
Took 0ms to process request-6709-textDocument/inlayHint on Thread 3369
Took 0ms to process request-6710-textDocument/willSaveWaitUntil on Thread 3370
Took 0ms to process notification-textDocument/didSave on Thread 3366
Took 17ms to process request-6711-textDocument/codeAction on Thread 3368
Took 17ms to process request-6712-textDocument/codeAction on Thread 3367
Took 17ms to process request-6713-textDocument/codeAction on Thread 3369
Took 13ms to process request-6714-textDocument/codeAction on Thread 3370
Took 17ms to process request-6715-textDocument/codeAction on Thread 3368
Took 0ms to process notification-textDocument/didChange on Thread 3366
Took 0ms to process request-6716-textDocument/inlayHint on Thread 3369
Took 0ms to process request-6717-textDocument/semanticTokens/range on Thread 3370
Took 0ms to process request-6718-textDocument/foldingRange on Thread 3368
Took 18ms to process request-6719-textDocument/codeAction on Thread 3367
Took 0ms to process request-6720-textDocument/documentSymbol on Thread 3369
Took 0ms to process request-6721-textDocument/inlayHint on Thread 3370
Took 0ms to process request-6722-textDocument/willSaveWaitUntil on Thread 3368
Took 0ms to process notification-textDocument/didSave on Thread 3366
Took 12ms to process request-6723-textDocument/codeAction on Thread 3367
Took 17ms to process request-6724-textDocument/codeAction on Thread 3369
Took 0ms to process request-6725-textDocument/hover on Thread 3370
Took 17ms to process request-6726-textDocument/codeAction on Thread 3368
Took 17ms to process request-6727-textDocument/codeAction on Thread 3367
Took 0ms to process notification-textDocument/didChange on Thread 3366
Took 0ms to process request-6728-textDocument/inlayHint on Thread 3370
Took 0ms to process request-6729-textDocument/semanticTokens/range on Thread 3368
Took 0ms to process request-6730-textDocument/foldingRange on Thread 3367
Took 0ms to process request-6731-textDocument/documentSymbol on Thread 3369
Took 0ms to process notification-textDocument/didChange on Thread 3366
Took 0ms to process request-6732-textDocument/inlayHint on Thread 3368
Took 0ms to process request-6733-textDocument/semanticTokens/range on Thread 3367
Took 0ms to process request-6734-textDocument/foldingRange on Thread 3369
Took 0ms to process request-6735-textDocument/documentSymbol on Thread 3370
Took 0ms to process request-6736-textDocument/inlayHint on Thread 3368
Took 0ms to process request-6737-textDocument/hover on Thread 3367
Took 0ms to process request-6738-textDocument/willSaveWaitUntil on Thread 3369
Took 0ms to process notification-textDocument/didSave on Thread 3366
Took 0ms to process notification-textDocument/didChange on Thread 3366
Took 0ms to process request-6739-textDocument/inlayHint on Thread 3368
Took 0ms to process request-6740-textDocument/semanticTokens/range on Thread 3367
Took 0ms to process request-6741-textDocument/foldingRange on Thread 3369
Took 0ms to process request-6742-textDocument/documentSymbol on Thread 3370
Took 0ms to process request-6743-textDocument/inlayHint on Thread 3368
Took 0ms to process request-6744-textDocument/willSaveWaitUntil on Thread 3367
Took 0ms to process notification-textDocument/didSave on Thread 3366
Took 0ms to process request-6745-textDocument/hover on Thread 3369
Took 0ms to process request-6746-textDocument/documentHighlight on Thread 3370
Took 13ms to process request-6747-textDocument/codeAction on Thread 3368
Took 0ms to process notification-textDocument/didChange on Thread 3366
Took 0ms to process request-6748-textDocument/inlayHint on Thread 3369
Took 0ms to process request-6749-textDocument/semanticTokens/range on Thread 3370
Took 0ms to process request-6750-textDocument/foldingRange on Thread 3368
Took 0ms to process request-6751-textDocument/codeAction on Thread 3367
Took 0ms to process request-6752-textDocument/documentSymbol on Thread 3369
Took 0ms to process request-6753-textDocument/inlayHint on Thread 3370
Took 0ms to process notification-textDocument/didChange on Thread 3366
Took 0ms to process request-6754-textDocument/completion on Thread 3367
Took 0ms to process request-6755-textDocument/inlayHint on Thread 3369
Took 0ms to process request-6756-textDocument/semanticTokens/range on Thread 3370
Took 0ms to process request-6757-textDocument/foldingRange on Thread 3368
Took 17ms to process request-6758-textDocument/codeAction on Thread 3367
Took 0ms to process request-6759-textDocument/documentSymbol on Thread 3369
Took 0ms to process request-6760-textDocument/inlayHint on Thread 3370
Took 0ms to process request-6761-textDocument/willSaveWaitUntil on Thread 3368
Took 0ms to process notification-textDocument/didSave on Thread 3366
Took 0ms to process notification-textDocument/didChange on Thread 3366
Took 0ms to process request-6762-textDocument/inlayHint on Thread 3369
Took 0ms to process request-6763-textDocument/semanticTokens/range on Thread 3370
Took 0ms to process request-6764-textDocument/foldingRange on Thread 3368
Took 0ms to process request-6765-textDocument/documentSymbol on Thread 3367
Took 0ms to process request-6766-textDocument/inlayHint on Thread 3369
Took 0ms to process request-6767-textDocument/willSaveWaitUntil on Thread 3370
Took 0ms to process notification-textDocument/didSave on Thread 3366
Took 0ms to process notification-textDocument/didChange on Thread 3366
Took 1ms to process request-6768-textDocument/inlayHint on Thread 3367
Took 0ms to process request-6769-textDocument/semanticTokens/range on Thread 3369
Took 0ms to process request-6770-textDocument/foldingRange on Thread 3370
Took 0ms to process request-6771-textDocument/documentSymbol on Thread 3368
Took 0ms to process request-6772-textDocument/inlayHint on Thread 3367
Took 0ms to process request-6773-textDocument/willSaveWaitUntil on Thread 3369
Took 0ms to process notification-textDocument/didSave on Thread 3366
Took 0ms to process notification-textDocument/didChange on Thread 3366
Took 0ms to process request-6774-textDocument/inlayHint on Thread 3368
Took 0ms to process request-6775-textDocument/semanticTokens/range on Thread 3367
Took 0ms to process request-6776-textDocument/foldingRange on Thread 3369
Took 0ms to process request-6777-textDocument/documentSymbol on Thread 3370
Took 0ms to process request-6778-textDocument/inlayHint on Thread 3368
Took 0ms to process request-6779-textDocument/willSaveWaitUntil on Thread 3367
Took 0ms to process notification-textDocument/didSave on Thread 3366
Took 17ms to process request-6780-textDocument/codeAction on Thread 3369
Took 0ms to process notification-textDocument/didChange on Thread 3366
Took 0ms to process request-6781-textDocument/inlayHint on Thread 3368
Took 0ms to process request-6782-textDocument/semanticTokens/range on Thread 3367
Took 0ms to process request-6783-textDocument/foldingRange on Thread 3369
Took 0ms to process request-6784-textDocument/documentSymbol on Thread 3370
Took 0ms to process request-6785-textDocument/inlayHint on Thread 3368
Took 0ms to process notification-textDocument/didChange on Thread 3366
Took 0ms to process request-6786-textDocument/inlayHint on Thread 3369
Took 0ms to process request-6787-textDocument/semanticTokens/range on Thread 3370
Took 0ms to process request-6788-textDocument/foldingRange on Thread 3368
Took 0ms to process request-6789-textDocument/documentSymbol on Thread 3367
Took 0ms to process request-6790-textDocument/inlayHint on Thread 3369
Took 0ms to process request-6791-textDocument/willSaveWaitUntil on Thread 3370
Took 0ms to process notification-textDocument/didSave on Thread 3366
Took 17ms to process request-6792-textDocument/codeAction on Thread 3368
Took 0ms to process request-6793-textDocument/documentHighlight on Thread 3367
Took 17ms to process request-6794-textDocument/codeAction on Thread 3369
Took 0ms to process notification-textDocument/didChange on Thread 3366
Took 0ms to process request-6795-textDocument/inlayHint on Thread 3368
Took 0ms to process request-6796-textDocument/semanticTokens/range on Thread 3367
Took 0ms to process notification-textDocument/didChange on Thread 3366
Took 0ms to process request-6797-textDocument/completion on Thread 3370
Took 0ms to process request-6798-textDocument/inlayHint on Thread 3368
Took 0ms to process request-6799-textDocument/semanticTokens/range on Thread 3367
Took 0ms to process request-6800-textDocument/foldingRange on Thread 3369
Took 17ms to process request-6801-textDocument/codeAction on Thread 3370
Took 0ms to process request-6802-textDocument/documentSymbol on Thread 3368
Took 0ms to process request-6803-textDocument/inlayHint on Thread 3367
Took 0ms to process request-6804-textDocument/willSaveWaitUntil on Thread 3369
Took 0ms to process notification-textDocument/didSave on Thread 3366
Took 0ms to process request-6805-textDocument/inlayHint on Thread 3370
Took 0ms to process request-6806-textDocument/semanticTokens/range on Thread 3368
Took 17ms to process request-6807-textDocument/codeAction on Thread 3367
Took 0ms to process request-6808-textDocument/inlayHint on Thread 3369
Took 0ms to process request-6809-textDocument/semanticTokens/range on Thread 3370
Took 0ms to process request-6810-textDocument/inlayHint on Thread 3368
Took 0ms to process request-6811-textDocument/semanticTokens/range on Thread 3367
Took 0ms to process request-6812-textDocument/inlayHint on Thread 3369
Took 0ms to process request-6813-textDocument/semanticTokens/range on Thread 3370
Took 0ms to process request-6814-textDocument/inlayHint on Thread 3368
Took 0ms to process request-6815-textDocument/inlayHint on Thread 3367
Took 0ms to process request-6816-textDocument/inlayHint on Thread 3369
Took 0ms to process request-6817-textDocument/inlayHint on Thread 3370
Took 0ms to process request-6818-textDocument/inlayHint on Thread 3368
Took 0ms to process request-6819-textDocument/semanticTokens/range on Thread 3367
Took 0ms to process request-6820-textDocument/inlayHint on Thread 3369
Took 0ms to process request-6821-textDocument/semanticTokens/range on Thread 3370
Took 0ms to process request-6822-textDocument/inlayHint on Thread 3368
Took 0ms to process request-6823-textDocument/inlayHint on Thread 3367
Took 0ms to process request-6824-textDocument/semanticTokens/range on Thread 3369
Took 14ms to process request-6825-textDocument/codeAction on Thread 3370
Took 0ms to process notification-textDocument/didChange on Thread 3366
Took 0ms to process request-6826-textDocument/inlayHint on Thread 3367
Took 0ms to process request-6827-textDocument/semanticTokens/range on Thread 3369
Took 0ms to process request-6828-textDocument/foldingRange on Thread 3370
Took 0ms to process request-6829-textDocument/documentSymbol on Thread 3368
Took 0ms to process request-6830-textDocument/inlayHint on Thread 3367
Took 0ms to process request-6831-textDocument/willSaveWaitUntil on Thread 3369
Took 0ms to process notification-textDocument/didSave on Thread 3366
Took 0ms to process notification-textDocument/didChange on Thread 3366
Took 0ms to process request-6832-textDocument/inlayHint on Thread 3368
Took 0ms to process request-6833-textDocument/semanticTokens/range on Thread 3367
Took 0ms to process request-6834-textDocument/foldingRange on Thread 3369
Took 0ms to process request-6835-textDocument/documentSymbol on Thread 3370
Took 0ms to process request-6836-textDocument/inlayHint on Thread 3368
Took 0ms to process request-6837-textDocument/willSaveWaitUntil on Thread 3367
Took 0ms to process notification-textDocument/didSave on Thread 3366
Took 17ms to process request-6838-textDocument/codeAction on Thread 3369
Took 17ms to process request-6839-textDocument/codeAction on Thread 3370
Took 16ms to process request-6840-textDocument/codeAction on Thread 3368
Took 0ms to process notification-textDocument/didChange on Thread 3366
Took 0ms to process request-6841-textDocument/inlayHint on Thread 3369
Took 0ms to process request-6842-textDocument/semanticTokens/range on Thread 3370
Took 0ms to process request-6843-textDocument/foldingRange on Thread 3368
Took 0ms to process request-6844-textDocument/documentSymbol on Thread 3367
Took 0ms to process request-6845-textDocument/inlayHint on Thread 3369
Took 0ms to process request-6846-textDocument/willSaveWaitUntil on Thread 3370
Took 0ms to process notification-textDocument/didSave on Thread 3366
Took 16ms to process request-6847-textDocument/codeAction on Thread 3368
Took 0ms to process request-6848-textDocument/documentHighlight on Thread 3367
Took 17ms to process request-6849-textDocument/codeAction on Thread 3369
Took 0ms to process notification-textDocument/didChange on Thread 3366
Took 0ms to process request-6850-textDocument/inlayHint on Thread 3368
Took 0ms to process request-6851-textDocument/semanticTokens/range on Thread 3367
Took 0ms to process request-6852-textDocument/foldingRange on Thread 3369
Took 0ms to process notification-textDocument/didChange on Thread 3366
Took 0ms to process request-6853-textDocument/completion on Thread 3368
Took 0ms to process request-6854-textDocument/inlayHint on Thread 3367
Took 0ms to process request-6855-textDocument/semanticTokens/range on Thread 3369
Took 0ms to process request-6856-textDocument/foldingRange on Thread 3370
Took 17ms to process request-6857-textDocument/codeAction on Thread 3368
Took 0ms to process request-6858-textDocument/documentSymbol on Thread 3367
Took 0ms to process request-6859-textDocument/inlayHint on Thread 3369
Took 0ms to process request-6860-textDocument/willSaveWaitUntil on Thread 3370
Took 0ms to process notification-textDocument/didSave on Thread 3366
Took 0ms to process notification-textDocument/didChange on Thread 3366
Took 0ms to process request-6861-textDocument/inlayHint on Thread 3367
Took 0ms to process request-6862-textDocument/semanticTokens/range on Thread 3369
Took 0ms to process request-6863-textDocument/foldingRange on Thread 3370
Took 0ms to process request-6864-textDocument/documentSymbol on Thread 3368
Took 0ms to process request-6865-textDocument/inlayHint on Thread 3367
Took 0ms to process notification-textDocument/didChange on Thread 3366
Took 1ms to process request-6866-textDocument/inlayHint on Thread 3370
Took 0ms to process request-6867-textDocument/semanticTokens/range on Thread 3368
Took 0ms to process request-6868-textDocument/foldingRange on Thread 3367
Took 0ms to process request-6869-textDocument/documentSymbol on Thread 3369
Took 0ms to process request-6870-textDocument/inlayHint on Thread 3370
Took 0ms to process request-6871-textDocument/willSaveWaitUntil on Thread 3368
Took 0ms to process notification-textDocument/didSave on Thread 3366
Took 18ms to process request-6872-textDocument/codeAction on Thread 3367
Took 0ms to process request-6873-textDocument/documentHighlight on Thread 3369
Took 17ms to process request-6874-textDocument/codeAction on Thread 3370
Took 0ms to process notification-textDocument/didChange on Thread 3366
Took 1ms to process request-6875-textDocument/inlayHint on Thread 3367
Took 0ms to process request-6876-textDocument/semanticTokens/range on Thread 3369
Took 0ms to process notification-textDocument/didChange on Thread 3366
Took 0ms to process request-6877-textDocument/completion on Thread 3368
Took 0ms to process request-6878-textDocument/inlayHint on Thread 3367
Took 0ms to process request-6879-textDocument/semanticTokens/range on Thread 3369
Took 0ms to process request-6880-textDocument/foldingRange on Thread 3370
Took 17ms to process request-6881-textDocument/codeAction on Thread 3368
Took 0ms to process request-6882-textDocument/documentSymbol on Thread 3367
Took 0ms to process request-6883-textDocument/inlayHint on Thread 3369
Took 0ms to process request-6884-textDocument/willSaveWaitUntil on Thread 3370
Took 0ms to process notification-textDocument/didSave on Thread 3366
Took 17ms to process request-6885-textDocument/codeAction on Thread 3368
Took 0ms to process notification-textDocument/didChange on Thread 3366
Took 0ms to process request-6886-textDocument/inlayHint on Thread 3369
Took 0ms to process request-6887-textDocument/semanticTokens/range on Thread 3370
Took 0ms to process request-6888-textDocument/foldingRange on Thread 3368
Took 0ms to process request-6889-textDocument/documentSymbol on Thread 3367
Took 0ms to process request-6890-textDocument/inlayHint on Thread 3369
Took 0ms to process request-6891-textDocument/willSaveWaitUntil on Thread 3370
Took 0ms to process notification-textDocument/didSave on Thread 3366
Took 17ms to process request-6892-textDocument/codeAction on Thread 3368
Took 0ms to process notification-textDocument/didChange on Thread 3366
Took 0ms to process request-6893-textDocument/inlayHint on Thread 3369
Took 0ms to process request-6894-textDocument/semanticTokens/range on Thread 3370
Took 0ms to process notification-textDocument/didChange on Thread 3366
Took 0ms to process request-6895-textDocument/inlayHint on Thread 3367
Took 0ms to process request-6896-textDocument/semanticTokens/range on Thread 3369
Took 0ms to process request-6897-textDocument/foldingRange on Thread 3370
Took 0ms to process request-6898-textDocument/documentSymbol on Thread 3368
Took 0ms to process request-6899-textDocument/inlayHint on Thread 3367
Took 0ms to process request-6900-textDocument/willSaveWaitUntil on Thread 3369
Took 0ms to process notification-textDocument/didSave on Thread 3366
Took 0ms to process request-6901-textDocument/hover on Thread 3370
Took 0ms to process request-6902-textDocument/hover on Thread 3368
Took 0ms to process request-6903-textDocument/hover on Thread 3367
Took 0ms to process request-6904-textDocument/hover on Thread 3369
Took 0ms to process request-6905-textDocument/hover on Thread 3370
Took 0ms to process request-6906-textDocument/hover on Thread 3368
Took 0ms to process request-6907-textDocument/hover on Thread 3367
Took 0ms to process request-6908-textDocument/documentHighlight on Thread 3369
Took 0ms to process request-6909-textDocument/hover on Thread 3370
Took 13ms to process request-6910-textDocument/codeAction on Thread 3368
Took 18ms to process request-6911-textDocument/codeAction on Thread 3367
Took 0ms to process request-6912-textDocument/hover on Thread 3369
Took 0ms to process request-6913-textDocument/documentHighlight on Thread 3370
Took 14ms to process request-6914-textDocument/codeAction on Thread 3368
Took 0ms to process notification-textDocument/didChange on Thread 3366
Took 1ms to process request-6915-textDocument/inlayHint on Thread 3369
Took 0ms to process request-6916-textDocument/semanticTokens/range on Thread 3370
Took 0ms to process request-6917-textDocument/foldingRange on Thread 3368
Took 17ms to process request-6918-textDocument/codeAction on Thread 3367
Took 0ms to process request-6919-textDocument/documentSymbol on Thread 3369
Took 0ms to process notification-textDocument/didChange on Thread 3366
Took 0ms to process request-6920-textDocument/inlayHint on Thread 3368
Took 0ms to process request-6921-textDocument/semanticTokens/range on Thread 3367
Took 0ms to process request-6922-textDocument/foldingRange on Thread 3369
Took 0ms to process notification-textDocument/didChange on Thread 3366
Took 0ms to process request-6923-textDocument/inlayHint on Thread 3368
Took 0ms to process request-6924-textDocument/semanticTokens/range on Thread 3367
Took 0ms to process notification-textDocument/didChange on Thread 3366
Took 0ms to process request-6925-textDocument/inlayHint on Thread 3370
Took 0ms to process request-6926-textDocument/semanticTokens/range on Thread 3368
Took 0ms to process notification-textDocument/didChange on Thread 3366
Took 0ms to process request-6927-textDocument/inlayHint on Thread 3369
Took 0ms to process request-6928-textDocument/semanticTokens/range on Thread 3370
Took 0ms to process notification-textDocument/didChange on Thread 3366
Took 0ms to process request-6929-textDocument/inlayHint on Thread 3367
Took 0ms to process request-6930-textDocument/semanticTokens/range on Thread 3369
Took 0ms to process request-6931-textDocument/foldingRange on Thread 3370
Took 17ms to process request-6932-textDocument/codeAction on Thread 3368
Took 0ms to process request-6933-textDocument/documentSymbol on Thread 3367
Took 0ms to process request-6934-textDocument/inlayHint on Thread 3369
Took 0ms to process notification-textDocument/didChange on Thread 3366
Took 0ms to process request-6935-textDocument/inlayHint on Thread 3368
Took 0ms to process request-6936-textDocument/semanticTokens/range on Thread 3367
Took 0ms to process request-6937-textDocument/foldingRange on Thread 3369
Took 17ms to process request-6938-textDocument/codeAction on Thread 3370
Took 0ms to process notification-textDocument/didChange on Thread 3366
Took 1ms to process request-6939-textDocument/inlayHint on Thread 3367
Took 0ms to process request-6940-textDocument/semanticTokens/range on Thread 3369
Took 0ms to process request-6941-textDocument/foldingRange on Thread 3370
Took 18ms to process request-6942-textDocument/codeAction on Thread 3368
Took 0ms to process request-6943-textDocument/documentSymbol on Thread 3367
Took 0ms to process request-6944-textDocument/inlayHint on Thread 3369
Took 0ms to process request-6945-textDocument/willSaveWaitUntil on Thread 3370
Took 0ms to process notification-textDocument/didSave on Thread 3366
Took 0ms to process request-6946-textDocument/hover on Thread 3368
Took 0ms to process request-6947-textDocument/hover on Thread 3367
Took 0ms to process request-6948-textDocument/willSaveWaitUntil on Thread 3369
Took 0ms to process request-6949-textDocument/formatting on Thread 3370
Took 0ms to process notification-textDocument/didSave on Thread 3366
Took 0ms to process request-6950-textDocument/inlayHint on Thread 3368
Took 0ms to process request-6951-textDocument/semanticTokens/range on Thread 3367
Took 0ms to process request-6952-textDocument/hover on Thread 3369
Took 0ms to process request-6953-textDocument/hover on Thread 3370
Took 0ms to process request-6954-textDocument/hover on Thread 3368
Took 17ms to process request-6955-textDocument/codeAction on Thread 3367
Took 0ms to process request-6956-textDocument/inlayHint on Thread 3369
Took 0ms to process request-6957-textDocument/semanticTokens/range on Thread 3370
Took 17ms to process request-6958-textDocument/codeAction on Thread 3368
Took 0ms to process notification-textDocument/didChange on Thread 3366
Took 0ms to process request-6959-textDocument/completion on Thread 3369
Took 0ms to process request-6960-textDocument/inlayHint on Thread 3370
Took 0ms to process request-6961-textDocument/semanticTokens/range on Thread 3368
Took 0ms to process request-6962-textDocument/foldingRange on Thread 3369
Took 17ms to process request-6963-textDocument/codeAction on Thread 3367
Took 0ms to process request-6964-textDocument/documentSymbol on Thread 3370
Took 0ms to process notification-textDocument/didChange on Thread 3366
Took 0ms to process request-6965-textDocument/inlayHint on Thread 3369
Took 0ms to process request-6966-textDocument/semanticTokens/range on Thread 3367
Took 0ms to process request-6967-textDocument/foldingRange on Thread 3370
Took 17ms to process request-6968-textDocument/codeAction on Thread 3368
Took 0ms to process request-6969-textDocument/documentSymbol on Thread 3369
Took 0ms to process request-6970-textDocument/inlayHint on Thread 3367
Took 0ms to process request-6971-textDocument/willSaveWaitUntil on Thread 3370
Took 0ms to process notification-textDocument/didSave on Thread 3366
Took 0ms to process notification-textDocument/didChange on Thread 3366
Took 0ms to process request-6972-textDocument/inlayHint on Thread 3369
Took 0ms to process request-6973-textDocument/semanticTokens/range on Thread 3367
Took 0ms to process request-6974-textDocument/foldingRange on Thread 3370
Took 18ms to process request-6975-textDocument/codeAction on Thread 3368
Took 0ms to process notification-textDocument/didChange on Thread 3366
Took 0ms to process request-6976-textDocument/inlayHint on Thread 3367
Took 0ms to process request-6977-textDocument/semanticTokens/range on Thread 3370
Took 0ms to process request-6978-textDocument/foldingRange on Thread 3368
Took 18ms to process request-6979-textDocument/codeAction on Thread 3369
Took 0ms to process request-6980-textDocument/documentSymbol on Thread 3367
Took 0ms to process request-6981-textDocument/inlayHint on Thread 3370
Took 0ms to process request-6982-textDocument/willSaveWaitUntil on Thread 3368
Took 0ms to process notification-textDocument/didSave on Thread 3366
Took 0ms to process notification-textDocument/didChange on Thread 3366
Took 0ms to process request-6983-textDocument/inlayHint on Thread 3367
Took 0ms to process request-6984-textDocument/semanticTokens/range on Thread 3370
Took 0ms to process request-6985-textDocument/foldingRange on Thread 3368
Took 0ms to process request-6986-textDocument/codeAction on Thread 3369
Took 0ms to process request-6987-textDocument/documentSymbol on Thread 3367
Took 0ms to process request-6988-textDocument/inlayHint on Thread 3370
Took 0ms to process notification-textDocument/didChange on Thread 3366
Took 0ms to process request-6989-textDocument/inlayHint on Thread 3369
Took 0ms to process request-6990-textDocument/semanticTokens/range on Thread 3367
Took 0ms to process request-6991-textDocument/foldingRange on Thread 3370
Took 17ms to process request-6992-textDocument/codeAction on Thread 3368
Took 0ms to process request-6993-textDocument/documentSymbol on Thread 3369
Took 0ms to process request-6994-textDocument/inlayHint on Thread 3367
Took 0ms to process request-6995-textDocument/willSaveWaitUntil on Thread 3370
Took 0ms to process notification-textDocument/didSave on Thread 3366
Took 0ms to process request-6996-textDocument/hover on Thread 3368
Took 0ms to process request-6997-textDocument/hover on Thread 3369
Took 0ms to process request-6998-textDocument/inlayHint on Thread 3367
Took 0ms to process request-6999-textDocument/documentHighlight on Thread 3370
Took 0ms to process request-7000-textDocument/semanticTokens/range on Thread 3368
Took 0ms to process request-7001-textDocument/documentHighlight on Thread 3369
Took 0ms to process request-7002-textDocument/documentHighlight on Thread 3367
Took 0ms to process request-7003-textDocument/hover on Thread 3370
Took 0ms to process request-7004-textDocument/documentHighlight on Thread 3368
